date,sentiment_score,attention_score
2021-05-12,-24.47019999999999,3.7672954800777827
2021-05-13,-11.749,2.1640751008553427
2021-05-14,-6.389099999999999,1.0598577063254015
2021-05-15,-8.2075,0.8584501510411985
2021-05-16,-0.26929999999999954,0.8771762657012002
2021-05-17,3.9600999999999984,0.6152273909375896
2021-05-18,-1.2668999999999997,0.681365511500049
2021-05-19,-4.427300000000001,0.9438463905393247
2021-05-20,1.7314999999999994,0.760319676836263
2021-05-21,1.649,0.4369204767412255
2021-05-22,3.3636999999999997,0.4958705083204656
2021-05-23,-0.6375999999999997,0.5431665180886958
2021-05-24,-2.2387,0.48915143242435005
2021-05-25,-1.1864000000000003,0.5995972060955815
2021-05-26,-1.7251999999999996,0.9267458234182152
2021-05-27,2.8023999999999996,0.8118854063599414
2021-05-28,-8.594700000000003,0.7993695432237001
2021-05-29,-1.1269,1.0365794161207957
2021-05-30,-3.887699999999999,0.5268750097295377
2021-05-31,4.7835,0.3901431598536347
2021-06-01,5.0591,0.5530802172737516
2021-06-02,-1.3814000000000004,0.6795849222426386
2021-06-03,3.9499,0.5499372040425204
2021-06-04,6.992299999999998,0.6060949583297108
2021-06-05,9.693900000000001,0.5330639693060498
2021-06-06,4.9467,0.6397717178247347
2021-06-07,5.0532,0.5468443585196507
2021-06-08,3.602900000000001,0.7943623611479341
2021-06-09,6.537999999999999,0.861334721720261
2021-06-10,9.437399999999997,1.8340909867894375
2021-06-11,4.620600000000003,1.511509299713984
2021-06-12,2.9884999999999993,1.12002272056827
2021-06-13,-0.4161999999999997,0.5183952200456364
2021-06-14,4.4346000000000005,0.9551668445296674
2021-06-15,-6.698800000000001,1.3789077157922789
2021-06-16,1.0741999999999998,1.2440295433884698
2021-06-17,7.398899999999999,1.1315288738452574
2021-06-18,7.077599999999999,0.5920703451270217
2021-06-19,-4.896799999999997,0.5478194532925741
2021-06-20,4.917799999999999,0.5072434187224473
2021-06-21,1.0799999999999996,0.5738561750556485
2021-06-22,0.8894,0.9271493090416908
2021-06-23,-2.7839,0.4780991200251902
2021-06-24,5.028100000000001,0.6017284104049745
2021-06-25,-0.5048000000000002,0.6782752036409757
2021-06-26,-0.6268999999999989,0.5108703800331782
2021-06-27,5.968600000000002,0.5140775482613239
2021-06-28,0.27470000000000006,0.6090170302121928
2021-06-29,0.9908999999999999,0.6199045370211451
2021-06-30,-1.9587999999999992,0.5888097011933882
2021-07-01,-4.274800000000001,0.9685517212903156
2021-07-02,3.0719999999999965,0.7853467706099814
2021-07-03,3.940300000000003,0.5039247921007436
2021-07-04,5.456100000000001,0.375030819035359
2021-07-05,-2.2241999999999997,0.26469060054096405
2021-07-06,3.2141999999999995,0.3587410997732239
2021-07-07,-1.9390000000000005,0.7961399543607877
2021-07-08,4.233899999999998,0.8121451069863328
2021-07-09,3.2842000000000002,0.7799865141504944
2021-07-10,8.2248,0.3898707219433616
2021-07-11,2.5121000000000007,0.4472078568629297
2021-07-12,7.3716000000000035,0.5610186670548376
2021-07-13,9.268400000000005,2.239128966544959
2021-07-14,0.7494,2.172110962945045
2021-07-15,-0.5035000000000005,1.419543120339932
2021-07-16,2.2157999999999993,1.156012777391368
2021-07-17,-5.6131,0.7385431927289525
2021-07-18,1.12,0.8287797346389677
2021-07-19,0.4377000000000001,1.215268585438232
2021-07-20,0.19060000000000132,0.9318293949976191
2021-07-21,5.855499999999999,0.7564810306930247
2021-07-22,-3.519800000000002,1.1678426358919445
2021-07-23,-6.336999999999999,0.9465523013907681
2021-07-24,-5.52,0.6775338757969078
2021-07-25,-1.7958000000000003,0.7292182279489015
2021-07-26,4.672800000000001,0.6508021336837375
2021-07-27,-0.4448999999999991,0.7386327997881227
2021-07-28,-7.9894,0.9400679273790088
2021-07-29,-1.2885999999999997,1.1322487384704552
2021-07-30,-0.4188999999999993,0.7594501931499593
2021-07-31,-8.558300000000003,0.628462380936568
2021-08-01,2.063299999999999,0.6087014398425741
2021-08-02,0.4008999999999998,0.7079213786651815
2021-08-03,-4.5004,0.6302587169241891
2021-08-04,-3.611700000000001,0.7845846183462558
2021-08-05,-4.029800000000001,0.6238675036436467
2021-08-06,-2.5077000000000003,0.5965154453086208
2021-08-07,-5.137099999999999,0.5875724591473003
2021-08-08,-4.035399999999999,0.6627533125093367
2021-08-09,-2.7959000000000014,0.4656722733097931
2021-08-10,-0.8225999999999997,0.7679589672758672
2021-08-11,1.1861,1.7598064223300134
2021-08-12,-5.637400000000002,1.4280366027255917
2021-08-13,-9.643299999999998,1.3010964772511164
2021-08-14,-12.986199999999997,0.9809303084036401
2021-08-15,-20.136699999999998,1.0305958730964777
2021-08-16,-29.574000000000005,0.9447568370375133
2021-08-17,-11.3777,0.7404972394363529
2021-08-18,-0.4264,0.7130038975622519
2021-08-19,-20.673800000000014,0.733984937365848
2021-08-20,-6.503200000000001,0.5417027769386568
2021-08-21,-11.119000000000002,0.48612480609655406
2021-08-22,-5.058,0.557332738989552
2021-08-23,-8.037300000000002,0.4731518490133866
2021-08-24,-4.297499999999999,0.44021088218761484
2021-08-25,-8.792299999999997,0.6399542444103584
2021-08-26,-7.341500000000002,0.4860691026569441
2021-08-27,-4.124999999999998,0.6488664251671371
2021-08-28,-10.030899999999997,0.5812933260229238
2021-08-29,-6.785099999999999,0.3334455916020726
2021-08-30,-1.4710999999999999,0.3059644067523813
2021-08-31,-2.3575000000000004,0.415192380646295
2021-09-01,-0.023699999999999943,0.39423143853917997
2021-09-02,2.6389999999999993,0.5486107496690654
2021-09-03,-7.1448,0.8131788082123698
2021-09-04,-1.4596,0.42678852550287544
2021-09-05,-0.8259999999999996,0.41765232959478465
2021-09-06,-4.9872,0.33662106273690534
2021-09-07,-3.359900000000001,0.6186879681740476
2021-09-08,-4.3944,0.7644280696338993
2021-09-09,-4.543099999999997,0.9055600212964129
2021-09-10,-5.7002,0.7582444167234704
2021-09-11,-7.089499999999999,0.42157991149786156
2021-09-12,-2.5751999999999997,0.3746745900972165
2021-09-13,4.0924,0.7092101424653613
2021-09-14,4.174099999999999,1.3317255987680088
2021-09-15,-4.436400000000001,1.102805968901252
2021-09-16,8.6519,0.6353114330686627
2021-09-17,-7.6106000000000025,0.7272780596521324
2021-09-18,-6.821799999999998,0.5034621964893925
2021-09-19,-4.484399999999999,0.4597704232156736
2021-09-20,-6.129600000000003,0.7637303905834698
2021-09-21,-1.2318999999999996,0.8112897980198785
2021-09-22,-10.0026,0.6876464816450872
2021-09-23,-10.479399999999998,0.8458394147123173
2021-09-24,2.7963999999999993,0.5603450348910513
2021-09-25,-13.140300000000003,0.5616294331059082
2021-09-26,-6.475899999999998,0.4963335828486706
2021-09-27,-13.244300000000004,0.8408725196048652
2021-09-28,0.8440999999999994,1.0679422337564934
2021-09-29,-3.8625999999999996,1.3512008634547252
2021-09-30,-7.280099999999999,1.5901438532462215
2021-10-01,0.7179000000000005,1.3549318235999124
2021-10-02,-3.9057,0.7919306244629061
2021-10-03,-10.257,0.6810090765925546
2021-10-04,-5.523999999999999,0.9151388407506192
2021-10-05,2.165400000000002,0.8495842166627118
2021-10-06,-9.599599999999999,0.795414561426202
2021-10-07,-11.320100000000004,0.8991821966725458
2021-10-08,-3.8874000000000004,1.1414653096996237
2021-10-09,-1.5835000000000004,1.1854244674387546
2021-10-10,-8.774599999999998,0.6443362947094966
2021-10-11,-9.774199999999999,0.6638278536584186
2021-10-12,-3.2810999999999986,0.7682076355201145
2021-10-13,0.7809000000000014,2.6325851331306436
2021-10-14,-14.100899999999992,2.461971597101004
2021-10-15,-18.136200000000002,1.769514354306414
2021-10-16,-3.6284,1.6630311735827235
2021-10-17,-4.471700000000002,1.2581556098668323
2021-10-18,-16.953100000000003,1.2955923703391639
2021-10-19,2.8939000000000012,1.3103938857078028
2021-10-20,-5.385100000000003,1.288942883284002
2021-10-21,3.7141000000000024,1.40932935544454
2021-10-22,-3.402899999999998,1.271069818228095
2021-10-23,11.1942,1.3737222819906407
2021-10-24,-6.5586,1.4185685739064864
2021-10-25,10.240200000000002,1.6038615366088802
2021-10-26,-1.9887000000000004,1.6168560846282989
2021-10-27,11.996100000000004,1.4302995037144657
2021-10-28,2.5495000000000005,1.3421551134138756
2021-10-29,-3.5957999999999988,1.234919307719367
2021-10-30,-3.0376000000000003,0.9027902515412407
2021-10-31,-1.0257999999999998,0.9281222898391305
2021-11-01,-0.1174999999999985,0.992824981216669
2021-11-02,3.3687999999999994,1.264584296939622
2021-11-03,-2.584699999999999,1.3193459237756582
2021-11-04,2.849600000000001,2.033546218855025
2021-11-05,-10.5785,1.7949182707055549
2021-11-06,-11.857500000000002,1.6956526102791065
2021-11-07,-0.9265,1.2397146568209805
2021-11-08,-8.9304,1.252320328052355
2021-11-09,2.984799999999999,1.3512008123239132
2021-11-10,12.56210000000001,5.98454325968212
2021-11-11,-20.626699999999992,4.9660121654647815
2021-11-12,4.14069999999999,3.65556451465478
2021-11-13,-2.6728999999999985,2.070163415564465
2021-11-14,9.237199999999984,2.859696546048282
2021-11-15,-28.187999999999978,4.551309035079974
2021-11-16,-7.369800000000003,3.285499234536969
2021-11-17,-14.4283,2.965482259486068
2021-11-18,-0.7194000000000023,2.7329105738683825
2021-11-19,2.2803999999999984,2.727758665524612
2021-11-20,4.939099999999995,1.8813826314603408
2021-11-21,-4.5727,1.7741594615933884
2021-11-22,11.668400000000004,1.436823703156922
2021-11-23,0.9896000000000027,3.1185166821090893
2021-11-24,-7.2415999999999965,2.8998635071075176
2021-11-25,-4.862999999999995,2.2185615280993973
2021-11-26,-9.2741,1.5929096323912786
2021-11-27,-15.6048,1.4306727594489368
2021-11-28,5.617,1.2894092793703387
2021-11-29,0.13690000000000135,1.2979678205858771
2021-11-30,-2.7504,2.0856311879147493
2021-12-01,-8.243599999999999,1.5484923946312292
2021-12-02,-1.3650999999999989,1.5212031846553513
2021-12-03,8.564900000000007,1.4586569565098988
2021-12-04,-5.505899999999998,1.098102146298683
2021-12-05,-3.939500000000001,0.8782547163886563
2021-12-06,3.1199000000000012,0.7538681546567013
2021-12-07,-2.7325000000000017,0.9244592078563936
2021-12-08,-1.1386999999999996,1.4772940989997414
2021-12-09,3.5458000000000003,1.7191492117896807
2021-12-10,-3.5771999999999955,5.466367495562544
2021-12-11,-7.200499999999997,3.752055259025906
2021-12-12,-7.7349999999999985,1.9809154444677757
2021-12-13,-14.656299999999991,2.1860329430409204
2021-12-14,-17.047399999999996,2.581026397080215
2021-12-15,-13.131800000000005,3.123610753073425
2021-12-16,-6.0788,2.112280565309843
2021-12-17,-10.199500000000002,2.300028665386391
2021-12-18,-12.158699999999996,1.5467577955835925
2021-12-19,-3.6330999999999958,1.7703261517902653
2021-12-20,-1.6747999999999985,1.8500929922005964
2021-12-21,-11.616200000000001,1.4235015090693734
2021-12-22,-12.363799999999996,1.4541410367723862
2021-12-23,-4.6006,1.183809405763088
2021-12-24,-2.1584000000000008,1.0487573349886374
2021-12-25,-4.8745,0.636229389070232
2021-12-26,1.4155999999999997,0.6986347109660953
2021-12-27,4.586599999999999,1.3090847903836864
2021-12-28,-5.825099999999999,1.1958217941192366
2021-12-29,3.1493999999999995,1.4545376783734616
2021-12-30,-2.770999999999999,1.8076848387864242
2021-12-31,4.5368,0.9681450250029376
2022-01-01,-2.3182999999999994,0.8307354843330731
2022-01-02,-1.9308999999999996,0.9203352164946141
2022-01-03,-6.575399999999999,0.8243365370950665
2022-01-04,-10.596299999999996,1.3129347969830916
2022-01-05,-14.742899999999993,1.2341129916524511
2022-01-06,-4.2874999999999925,1.2626914569795595
2022-01-07,-6.3782,0.5737069267936021
2022-01-08,-5.721699999999999,0.545090279809636
2022-01-09,-11.003899999999994,0.5616031166129061
2022-01-10,-3.803,0.663718498523605
2022-01-11,8.108799999999999,0.7620710108875502
2022-01-12,-5.888900000000002,2.6360588312867255
2022-01-13,-3.6962999999999973,2.3865917958269347
2022-01-14,8.086400000000003,1.5371640867698884
2022-01-15,-9.825099999999999,1.0758359798569737
2022-01-16,1.9344000000000015,0.9448129843351986
2022-01-17,2.363600000000002,0.8053262946126667
2022-01-18,-8.2926,1.2261989349239653
2022-01-19,6.148800000000003,1.1651426891556504
2022-01-20,-27.942299999999996,1.4090371423709316
2022-01-21,-1.2602000000000002,1.2556267089996958
2022-01-22,5.6721,0.9029268783747629
2022-01-23,-11.980500000000003,0.6670210802043175
2022-01-24,-28.803100000000008,1.442803726292231
2022-01-25,-27.619799999999998,2.1736580916726886
2022-01-26,-6.093899999999998,1.3898355373339237
2022-01-27,2.9131000000000014,1.3927094420681043
2022-01-28,4.035200000000002,1.5289992567511663
2022-01-29,5.3381000000000025,0.7751171882926412
2022-01-30,3.044100000000003,1.0327387997817166
2022-01-31,-4.062599999999998,0.8841340557127104
2022-02-01,0.6511999999999996,0.8816405007088933
2022-02-02,-3.0691,0.9317787007097389
2022-02-03,5.5116000000000005,1.0073941710014132
2022-02-04,-4.480400000000001,1.0667867724405455
2022-02-05,-0.3982000000000005,1.1398185676401444
2022-02-06,0.9391000000000005,0.7770367712029438
2022-02-07,-4.1512,1.0999429116344295
2022-02-08,1.3049999999999997,0.9339950923081849
2022-02-09,-3.9993999999999996,1.3662003075590876
2022-02-10,-4.2401000000000115,4.834159577201146
2022-02-11,-14.19019999999999,4.342207389015951
2022-02-12,-12.435700000000002,2.0950212854601022
2022-02-13,-6.302000000000002,1.7954074110322455
2022-02-14,11.7866,3.764457678630248
2022-02-15,5.1616,1.9905415977433463
2022-02-16,-10.217700000000002,2.973448995947441
2022-02-17,-4.9054,2.8831258849778543
2022-02-18,-16.366500000000006,2.1499975481699263
2022-02-19,2.3483000000000005,1.2076550748407238
2022-02-20,-4.551300000000002,1.5958481946207257
2022-02-21,-7.7661999999999995,1.3880725388548152
2022-02-22,-19.404199999999996,1.6516084561343412
2022-02-23,-20.417499999999986,2.24790126396215
2022-02-24,-40.561800000000034,2.3600060126223035
2022-02-25,-14.169500000000014,1.4021779668614869
2022-02-26,3.2865999999999995,1.1166854224975884
2022-02-27,-12.396600000000005,0.9617329634550009
2022-02-28,-7.609099999999999,1.1569636772726533
2022-03-01,-24.717299999999998,1.759813540132433
2022-03-02,-38.34709999999996,5.043566445657126
2022-03-03,-18.639900000000004,1.770116961314546
2022-03-04,-18.484399999999994,2.2618610404545927
2022-03-05,1.292200000000002,1.4921770805403844
2022-03-06,-12.634899999999991,1.614306145603328
2022-03-07,-14.703400000000002,2.4906128589399197
2022-03-08,-46.93189999999997,2.9288590196649573
2022-03-09,-33.3585,3.1383883490110556
2022-03-10,-49.454100000000025,4.745402308861929
2022-03-11,-25.129899999999974,4.911376193546138
2022-03-12,-52.02150000000002,3.210601505602241
2022-03-13,-22.644399999999994,2.7250764162346175
2022-03-14,-7.285099999999997,2.945742691298685
2022-03-15,-16.992000000000008,3.045651301801875
2022-03-16,-1.602499999999997,2.4032068886812117
2022-03-17,-14.348999999999998,2.0208436072187568
2022-03-18,-17.348,1.6933581259678347
2022-03-19,-10.662700000000001,1.6491032904101328
2022-03-20,-11.796500000000002,1.8694360963404373
2022-03-21,-7.645200000000002,1.7025629121068446
2022-03-22,2.6304000000000007,1.1154375291271865
2022-03-23,-6.969600000000002,1.7398729249192915
2022-03-24,-4.3058,1.9224035210798434
2022-03-25,-24.915100000000006,1.7886401651906259
2022-03-26,-9.951600000000001,1.8246824954235161
2022-03-27,-16.209,1.5631466020567089
2022-03-28,-8.231200000000007,1.5857373810991922
2022-03-29,-10.6518,2.164358162047323
2022-03-30,-10.500400000000003,2.4103530227364045
2022-03-31,-4.233899999999998,2.445298843742913
2022-04-01,-5.682000000000001,2.5442762263491536
2022-04-02,-2.5907999999999993,1.3464292757832201
2022-04-03,9.010999999999987,1.377378247147111
2022-04-04,-0.692900000000001,1.4382490401877224
2022-04-05,-10.146099999999999,1.3175376115762494
2022-04-06,-5.654199999999999,1.924725494744428
2022-04-07,-3.1233999999999993,1.5566649325450523
2022-04-08,-12.794000000000004,1.3754234993374643
2022-04-09,-4.332299999999999,1.0469722509623005
2022-04-10,-12.247400000000004,1.274811514577882
2022-04-11,-18.693299999999997,2.1094449013583203
2022-04-12,-44.56080000000001,8.852759193963434
2022-04-13,-52.8263,6.921078298793793
2022-04-14,-30.6877,4.217980610411046
2022-04-15,-11.878200000000007,3.2058081394865603
2022-04-16,-20.915299999999988,2.2550775385105983
2022-04-17,-20.172700000000003,1.568988206994781
2022-04-18,-17.631600000000002,2.4567702953473587
2022-04-19,-7.5306,2.29510924985366
2022-04-20,-17.969399999999982,2.3844165415481506
2022-04-21,-18.629200000000004,2.2944422022340603
2022-04-22,-22.894899999999996,2.009452281417761
2022-04-23,-7.013499999999997,1.5434225223344014
2022-04-24,-9.6368,1.657336541700122
2022-04-25,-8.7225,1.6833000573516983
2022-04-26,11.202899999999994,2.2399086322328317
2022-04-27,-25.858700000000027,2.7199869816481774
2022-04-28,-12.4046,2.9844010324473094
2022-04-29,-14.2054,2.0002670102099622
2022-04-30,-10.833999999999998,2.043390191684162
2022-05-01,-17.1293,1.912242628846381
2022-05-02,-12.567399999999997,2.646251737043031
2022-05-03,-23.01530000000001,2.430477262302212
2022-05-04,-25.3245,2.7630705064512333
2022-05-05,-27.593899999999987,3.239171213941556
2022-05-06,-4.109199999999995,3.4033137632430086
2022-05-07,-74.36510000000004,2.6721064043230682
2022-05-08,-14.996999999999996,1.4851474442534547
2022-05-09,-27.456499999999984,3.303202347975499
2022-05-10,-43.6202000000001,5.804744926374388
2022-05-11,-69.8223,9.028878228831838
2022-05-12,-49.326100000000004,5.776046043712093
2022-05-13,-24.657799999999995,4.1363526436276805
2022-05-14,-37.935900000000046,4.309053598098408
2022-05-15,-22.93610000000001,2.846980221610871
2022-05-16,-11.737499999999999,2.8672697696620197
2022-05-17,-37.1954,3.6099344989342534
2022-05-18,-44.913299999999985,3.753099705472866
2022-05-19,-33.72909999999999,4.1316146425893985
2022-05-20,-28.4633,3.9625692660758114
2022-05-21,-9.939400000000003,2.5522046071103177
2022-05-22,-24.38779999999999,2.8599660323205365
2022-05-23,-25.23150000000001,3.849117307680906
2022-05-24,-14.907199999999994,2.597896720688979
2022-05-25,-15.285499999999999,2.0444981332946885
2022-05-26,-10.797600000000001,2.0842943551389643
2022-05-27,-13.393500000000001,2.373323167239121
2022-05-28,-1.610999999999998,2.0469089934723335
2022-05-29,-11.6645,1.6860411957622248
2022-05-30,-18.296699999999998,1.6107218270560417
2022-05-31,4.870199999999997,3.2526952367577096
