date,twitter_sentiment_score,twitter_attention_score,T10YIE,int_rate,unemp,reddit_sentiment_score,reddit_attention_score,overall_sentiment_score,overall_attention_score
12/05/2021,-24.47019999999999,3.767295480077783,2.54,0.06,5.5,55.82889999999999,0.13896223368854,31.3587,3.906257713766323
13/05/2021,-11.749,2.1640751008553427,2.51,0.06,5.5,70.5722,0.1914209071890165,58.82319999999999,2.3554960080443594
14/05/2021,-6.389099999999999,1.0598577063254015,2.51,0.06,5.5,60.70369999999998,0.1018169201932637,54.31459999999998,1.1616746265186653
15/05/2021,-8.2075,0.8584501510411985,2.5218181818181824,0.06,5.5,39.893800000000006,0.0569972856004677,31.686300000000006,0.9154474366416662
16/05/2021,-0.2692999999999995,0.8771762657012002,2.5218181818181824,0.06,5.5,37.79299999999999,0.0809269657706541,37.52369999999999,0.9581032314718543
17/05/2021,3.9600999999999984,0.6152273909375896,2.54,0.06,5.5,55.848800000000026,0.0917852019456918,59.80890000000002,0.7070125928832814
18/05/2021,-1.2668999999999997,0.681365511500049,2.52,0.06,5.5,47.6909,0.05536548999335,46.424,0.736731001493399
19/05/2021,-4.427300000000001,0.9438463905393248,2.48,0.06,5.5,45.18830000000001,0.1048635011749551,40.76100000000001,1.0487098917142799
20/05/2021,1.7314999999999994,0.760319676836263,2.41,0.06,5.5,37.106100000000005,0.0898172485365037,38.8376,0.8501369253727667
21/05/2021,1.649,0.4369204767412255,2.43,0.06,5.5,33.96449999999998,0.0756312502455993,35.61349999999998,0.5125517269868248
22/05/2021,3.3637,0.4958705083204656,2.5218181818181824,0.06,5.5,34.5634,0.0449139913981908,37.9271,0.5407844997186564
23/05/2021,-0.6375999999999997,0.5431665180886958,2.5218181818181824,0.06,5.5,37.76499999999999,0.065565456241894,37.127399999999994,0.6087319743305898
24/05/2021,-2.2387,0.48915143242435,2.44,0.06,5.5,52.56230000000001,0.0728614154382769,50.323600000000006,0.562012847862627
25/05/2021,-1.1864000000000003,0.5995972060955815,2.42,0.06,5.5,27.733000000000004,0.0914798311041628,26.546600000000005,0.6910770371997443
26/05/2021,-1.7251999999999996,0.9267458234182152,2.4,0.06,5.5,35.45029999999999,0.0586451141929858,33.72509999999999,0.985390937611201
27/05/2021,2.8024,0.8118854063599414,2.42,0.06,5.5,37.09510000000001,0.0468624248334839,39.89750000000001,0.8587478311934253
28/05/2021,-8.594700000000003,0.7993695432237001,2.42,0.05,5.5,58.51149999999996,0.1251516086419681,49.91679999999996,0.9245211518656682
29/05/2021,-1.1269,1.0365794161207955,2.5218181818181824,0.05,5.5,32.640100000000004,0.0379795881147473,31.513200000000005,1.0745590042355428
30/05/2021,-3.887699999999999,0.5268750097295377,2.5218181818181824,0.05,5.5,28.4076,0.0661530795639951,24.5199,0.5930280892935328
31/05/2021,4.7835,0.3901431598536347,2.5218181818181824,0.05,5.5,28.760599999999997,0.0983906428747195,33.5441,0.48853380272835417
01/06/2021,5.0591,0.5530802172737516,2.46,0.06,6.1,54.31149999999998,0.0701078622942219,59.37059999999998,0.6231880795679735
02/06/2021,-1.3814000000000004,0.6795849222426386,2.44,0.06,6.1,16.585800000000003,0.0583385197652593,15.204400000000001,0.7379234420078978
03/06/2021,3.9499,0.5499372040425204,2.42,0.06,6.1,43.1745,0.064545896174127,47.1244,0.6144831002166474
04/06/2021,6.992299999999998,0.6060949583297108,2.4,0.06,6.1,36.15359999999997,0.0874820541265378,43.14589999999997,0.6935770124562486
05/06/2021,9.6939,0.5330639693060498,2.5218181818181824,0.06,6.1,32.8099,0.0522504278419445,42.5038,0.5853143971479944
06/06/2021,4.9467,0.6397717178247347,2.5218181818181824,0.06,6.1,32.6808,0.046236438299426,37.6275,0.6860081561241608
07/06/2021,5.0532,0.5468443585196507,2.39,0.06,6.1,35.8741,0.0383743822115818,40.9273,0.5852187407312326
08/06/2021,3.602900000000001,0.7943623611479341,2.36,0.06,6.1,36.09030000000001,0.1003870489541747,39.69320000000001,0.8947494101021088
09/06/2021,6.537999999999999,0.861334721720261,2.32,0.06,6.1,40.932500000000005,0.0850253373666012,47.4705,0.9463600590868623
10/06/2021,9.437399999999997,1.8340909867894373,2.35,0.06,6.1,42.0113,0.1389895496591058,51.448699999999995,1.973080536448543
11/06/2021,4.620600000000003,1.511509299713984,2.32,0.06,6.1,56.04130000000001,0.0834679982633377,60.66190000000001,1.5949772979773218
12/06/2021,2.9885,1.12002272056827,2.5218181818181824,0.06,6.1,40.59719999999999,0.0523373552014065,43.58569999999999,1.1723600757696766
13/06/2021,-0.4161999999999997,0.5183952200456364,2.5218181818181824,0.06,6.1,23.6805,0.0772071952074926,23.2643,0.5956024152531291
14/06/2021,4.4346000000000005,0.9551668445296674,2.36,0.06,6.1,53.52060000000004,0.083233028937757,57.95520000000004,1.0383998734674245
15/06/2021,-6.698800000000001,1.3789077157922789,2.38,0.06,6.1,33.16580000000002,0.0622003776674671,26.467000000000017,1.441108093459746
16/06/2021,1.0741999999999998,1.2440295433884698,2.32,0.06,6.1,53.81120000000001,0.0771183847041055,54.885400000000004,1.3211479280925753
17/06/2021,7.398899999999999,1.1315288738452574,2.27,0.1,6.1,59.03640000000004,0.1184502786784795,66.43530000000004,1.249979152523737
18/06/2021,7.077599999999999,0.5920703451270217,2.24,0.1,6.1,49.91609999999999,0.0610187845341553,56.99369999999999,0.653089129661177
19/06/2021,-4.896799999999997,0.5478194532925741,2.5218181818181824,0.1,6.1,47.0875,0.0705848737623811,42.1907,0.6184043270549552
20/06/2021,4.917799999999999,0.5072434187224473,2.5218181818181824,0.1,6.1,56.08419999999997,0.0707828802046792,61.00199999999997,0.5780262989271264
21/06/2021,1.0799999999999996,0.5738561750556485,2.25,0.1,6.1,33.0353,0.0759757955480512,34.1153,0.6498319706036997
22/06/2021,0.8894,0.9271493090416908,2.31,0.1,6.1,37.95670000000002,0.0754598738733389,38.84610000000002,1.0026091829150297
23/06/2021,-2.7839,0.4780991200251902,2.34,0.1,6.1,43.61249999999999,0.0681547313039925,40.82859999999999,0.5462538513291827
24/06/2021,5.028100000000001,0.6017284104049745,2.3,0.1,6.1,33.4961,0.053453028696802,38.5242,0.6551814391017765
25/06/2021,-0.5048000000000002,0.6782752036409757,2.34,0.1,6.1,41.3406,0.0579708644637857,40.8358,0.7362460681047615
26/06/2021,-0.6268999999999989,0.5108703800331782,2.5218181818181824,0.1,6.1,16.540499999999998,0.0402512804739503,15.913599999999999,0.5511216605071285
27/06/2021,5.968600000000002,0.5140775482613239,2.5218181818181824,0.1,6.1,33.866299999999995,0.0274462338496001,39.8349,0.541523782110924
28/06/2021,0.2747,0.6090170302121928,2.33,0.1,6.1,33.226499999999994,0.0675790963942729,33.5012,0.6765961266064657
29/06/2021,0.9909,0.6199045370211451,2.32,0.1,6.1,48.94879999999999,0.0854230595923146,49.939699999999995,0.7053275966134597
30/06/2021,-1.9587999999999992,0.5888097011933882,2.32,0.08,6.1,36.19179999999999,0.0422275150132544,34.233,0.6310372162066425
01/07/2021,-4.274800000000001,0.9685517212903156,2.35,0.1,5.7,31.711300000000005,0.045889947051836,27.436500000000002,1.0144416683421515
02/07/2021,3.0719999999999965,0.7853467706099814,2.33,0.1,5.7,21.011400000000005,0.0337076948915713,24.0834,0.8190544655015527
03/07/2021,3.940300000000003,0.5039247921007436,2.5218181818181824,0.1,5.7,14.5179,0.0323765442225828,18.4582,0.5363013363233264
04/07/2021,5.456100000000001,0.375030819035359,2.5218181818181824,0.1,5.7,23.398800000000005,0.0394806861409045,28.854900000000008,0.4145115051762635
05/07/2021,-2.2242,0.264690600540964,2.5218181818181824,0.1,5.7,34.691500000000005,0.0562583902977492,32.4673,0.3209489908387132
06/07/2021,3.2141999999999995,0.3587410997732239,2.31,0.1,5.7,37.767500000000005,0.0470628312708788,40.981700000000004,0.4058039310441027
07/07/2021,-1.9390000000000005,0.7961399543607877,2.28,0.1,5.7,41.50599999999999,0.0544524258640753,39.56699999999999,0.8505923802248629
08/07/2021,4.233899999999998,0.8121451069863328,2.22,0.1,5.7,32.84440000000001,0.0565624412856146,37.078300000000006,0.8687075482719474
09/07/2021,3.2842,0.7799865141504944,2.28,0.1,5.7,37.53960000000001,0.0345210056639445,40.823800000000006,0.8145075198144388
10/07/2021,8.2248,0.3898707219433616,2.5218181818181824,0.1,5.7,28.723300000000005,0.0499149268107054,36.948100000000004,0.439785648754067
11/07/2021,2.5121000000000007,0.4472078568629297,2.5218181818181824,0.1,5.7,27.351599999999998,0.0427330563497887,29.863699999999998,0.4899409132127184
12/07/2021,7.3716000000000035,0.5610186670548376,2.33,0.1,5.7,43.16129999999999,0.0735458705944345,50.53289999999999,0.6345645376492721
13/07/2021,9.268400000000003,2.239128966544959,2.36,0.1,5.7,55.2797,0.1134530577791944,64.5481,2.3525820243241538
14/07/2021,0.7494,2.172110962945045,2.34,0.1,5.7,53.66450000000001,0.1150915157341277,54.41390000000001,2.287202478679173
15/07/2021,-0.5035000000000005,1.419543120339932,2.32,0.1,5.7,41.67489999999998,0.1052022189537979,41.17139999999998,1.52474533929373
16/07/2021,2.2158,1.156012777391368,2.33,0.1,5.7,53.81730000000001,0.070966569423273,56.03310000000001,1.226979346814641
17/07/2021,-5.6131,0.7385431927289525,2.5218181818181824,0.1,5.7,35.934300000000015,0.0524526125498318,30.321200000000015,0.7909958052787843
18/07/2021,1.12,0.8287797346389677,2.5218181818181824,0.1,5.7,29.880900000000004,0.0350338745374199,31.000900000000005,0.8638136091763876
19/07/2021,0.4377000000000001,1.215268585438232,2.24,0.1,5.7,38.00179999999999,0.0746592841146596,38.43949999999999,1.2899278695528915
20/07/2021,0.1906000000000013,0.9318293949976192,2.26,0.1,5.7,43.7449,0.0687142582342506,43.935500000000005,1.00054365323187
21/07/2021,5.855499999999999,0.7564810306930247,2.28,0.1,5.7,21.5022,0.0776500801797916,27.357699999999998,0.8341311108728163
22/07/2021,-3.519800000000002,1.1678426358919445,2.28,0.1,5.7,38.0264,0.0516316894341885,34.5066,1.219474325326133
23/07/2021,-6.336999999999999,0.946552301390768,2.35,0.1,5.7,49.64199999999999,0.0586003284159865,43.30499999999999,1.0051526298067546
24/07/2021,-5.52,0.6775338757969078,2.5218181818181824,0.1,5.7,42.40110000000001,0.0544918140283467,36.8811,0.7320256898252545
25/07/2021,-1.7958000000000005,0.7292182279489015,2.5218181818181824,0.1,5.7,33.11880000000001,0.0485423157943868,31.323000000000008,0.7777605437432883
26/07/2021,4.672800000000001,0.6508021336837375,2.4,0.1,5.7,41.86259999999999,0.0362373097917048,46.535399999999996,0.6870394434754423
27/07/2021,-0.4448999999999991,0.7386327997881227,2.38,0.1,5.7,42.264,0.039418078185413,41.819100000000006,0.7780508779735357
28/07/2021,-7.9894,0.9400679273790088,2.41,0.1,5.7,28.131100000000004,0.0591649103875252,20.141700000000004,0.999232837766534
29/07/2021,-1.2885999999999995,1.1322487384704552,2.43,0.1,5.7,38.3215,0.0805392728496207,37.0329,1.2127880113200757
30/07/2021,-0.4188999999999993,0.7594501931499593,2.4,0.07,5.7,30.693800000000007,0.0484863592685349,30.274900000000006,0.8079365524184943
31/07/2021,-8.558300000000003,0.628462380936568,2.5218181818181824,0.07,5.7,28.20160000000001,0.0662171176425702,19.643300000000007,0.6946794985791382
01/08/2021,2.063299999999999,0.6087014398425741,2.5218181818181824,0.07,5.3,40.0126,0.0660495005513147,42.0759,0.6747509403938887
02/08/2021,0.4008999999999998,0.7079213786651815,2.37,0.1,5.3,33.74,0.0487222283933362,34.1409,0.7566436070585176
03/08/2021,-4.5004,0.6302587169241891,2.38,0.1,5.3,27.16790000000001,0.0517846884130644,22.66750000000001,0.6820434053372535
04/08/2021,-3.611700000000001,0.7845846183462558,2.35,0.1,5.3,22.546600000000005,0.0315213066057466,18.934900000000006,0.8161059249520024
05/08/2021,-4.029800000000001,0.6238675036436467,2.33,0.1,5.3,43.633499999999984,0.0566108650764165,39.60369999999998,0.6804783687200633
06/08/2021,-2.5077000000000003,0.5965154453086208,2.37,0.1,5.3,32.72170000000001,0.0423962091304125,30.214000000000013,0.6389116544390333
07/08/2021,-5.137099999999999,0.5875724591473003,2.5218181818181824,0.1,5.3,33.2615,0.064847828109686,28.124399999999998,0.6524202872569863
08/08/2021,-4.035399999999999,0.6627533125093367,2.5218181818181824,0.1,5.3,33.14800000000001,0.0274652249443388,29.11260000000001,0.6902185374536755
09/08/2021,-2.7959000000000014,0.4656722733097931,2.37,0.1,5.3,27.4463,0.062532485576406,24.650399999999998,0.5282047588861991
10/08/2021,-0.8225999999999997,0.7679589672758672,2.4,0.1,5.3,40.25190000000001,0.0621965757501396,39.42930000000001,0.8301555430260068
11/08/2021,1.1861,1.7598064223300134,2.42,0.1,5.3,40.42979999999999,0.0634436903365771,41.615899999999996,1.8232501126665905
12/08/2021,-5.637400000000002,1.4280366027255915,2.41,0.1,5.3,40.48550000000001,0.0707670762909847,34.84810000000001,1.4988036790165762
13/08/2021,-9.643299999999998,1.3010964772511164,2.37,0.1,5.3,59.32760000000001,0.0449879418495914,49.684300000000015,1.3460844191007078
14/08/2021,-12.986199999999997,0.98093030840364,2.5218181818181824,0.1,5.3,33.08840000000001,0.0533259342458784,20.10220000000001,1.0342562426495185
15/08/2021,-20.1367,1.0305958730964777,2.5218181818181824,0.1,5.3,15.8113,0.0245210450092591,-4.325400000000002,1.0551169181057367
16/08/2021,-29.574000000000005,0.9447568370375132,2.36,0.1,5.3,30.8954,0.0663302954589888,1.3213999999999935,1.011087132496502
17/08/2021,-11.3777,0.7404972394363529,2.33,0.1,5.3,44.63849999999999,0.059634843622026,33.26079999999999,0.8001320830583789
18/08/2021,-0.4264,0.7130038975622519,2.32,0.09,5.3,38.47919999999999,0.0395074901080233,38.05279999999999,0.7525113876702753
19/08/2021,-20.67380000000001,0.733984937365848,2.28,0.09,5.3,23.568500000000007,0.042163805782006,2.8946999999999967,0.776148743147854
20/08/2021,-6.503200000000001,0.5417027769386568,2.27,0.09,5.3,28.22469999999999,0.0322616135938018,21.721499999999992,0.5739643905324585
21/08/2021,-11.119000000000002,0.486124806096554,2.5218181818181824,0.09,5.3,26.7536,0.0294593036496006,15.634599999999997,0.5155841097461547
22/08/2021,-5.058,0.557332738989552,2.5218181818181824,0.09,5.3,28.212400000000013,0.0442579954520073,23.154400000000013,0.6015907344415593
23/08/2021,-8.037300000000002,0.4731518490133866,2.27,0.09,5.3,45.62460000000001,0.0536337285719611,37.587300000000006,0.5267855775853477
24/08/2021,-4.297499999999999,0.4402108821876148,2.3,0.09,5.3,25.01730000000001,0.0497045305440942,20.71980000000001,0.48991541273170897
25/08/2021,-8.792299999999997,0.6399542444103584,2.35,0.09,5.3,33.9438,0.0766624253900795,25.151500000000006,0.7166166698004379
26/08/2021,-7.341500000000002,0.4860691026569441,2.33,0.09,5.3,17.48860000000001,0.0336760116432689,10.147100000000007,0.519745114300213
27/08/2021,-4.124999999999998,0.6488664251671371,2.39,0.08,5.3,10.6511,0.0434597282981014,6.526100000000001,0.6923261534652385
28/08/2021,-10.030899999999995,0.5812933260229238,2.5218181818181824,0.08,5.3,21.2224,0.0503957325409107,11.191500000000005,0.6316890585638345
29/08/2021,-6.785099999999999,0.3334455916020726,2.5218181818181824,0.08,5.3,36.22160000000001,0.0421201149315947,29.43650000000001,0.3755657065336673
30/08/2021,-1.4711,0.3059644067523813,2.37,0.08,5.3,41.59439999999999,0.0482992817655692,40.12329999999999,0.3542636885179505
31/08/2021,-2.3575000000000004,0.415192380646295,2.33,0.06,5.3,16.6115,0.0476589849629683,14.254,0.46285136560926327
01/09/2021,-0.0236999999999999,0.3942314385391799,2.34,0.08,4.6,38.72549999999998,0.043010750214561,38.701799999999984,0.43724218875374093
02/09/2021,2.639,0.5486107496690654,2.32,0.08,4.6,24.023599999999995,0.0441240980015229,26.662599999999994,0.5927348476705884
03/09/2021,-7.1448,0.8131788082123698,2.34,0.08,4.6,26.61939999999999,0.0245944500811284,19.47459999999999,0.8377732582934981
04/09/2021,-1.4596,0.4267885255028754,2.5218181818181824,0.08,4.6,18.6899,0.0415040076188325,17.2303,0.4682925331217079
05/09/2021,-0.8259999999999996,0.4176523295947846,2.5218181818181824,0.08,4.6,21.3438,0.0340114094753794,20.5178,0.451663739070164
06/09/2021,-4.9872,0.3366210627369053,2.5218181818181824,0.08,4.6,35.2807,0.061604619117499,30.2935,0.39822568185440427
07/09/2021,-3.359900000000001,0.6186879681740476,2.36,0.08,4.6,27.1767,0.0660252329555614,23.8168,0.684713201129609
08/09/2021,-4.3944,0.7644280696338993,2.38,0.08,4.6,34.425000000000004,0.0442568105846592,30.030600000000003,0.8086848802185586
09/09/2021,-4.543099999999997,0.9055600212964128,2.38,0.08,4.6,17.708600000000004,0.0405771389582745,13.165500000000007,0.9461371602546873
10/09/2021,-5.7002,0.7582444167234704,2.4,0.08,4.6,30.729299999999988,0.1311493682325594,25.02909999999999,0.8893937849560298
11/09/2021,-7.089499999999999,0.4215799114978615,2.5218181818181824,0.08,4.6,28.0043,0.0296370418600376,20.9148,0.45121695335789913
12/09/2021,-2.5752,0.3746745900972165,2.5218181818181824,0.08,4.6,22.0316,0.0360197415784964,19.456400000000002,0.4106943316757129
13/09/2021,4.0924,0.7092101424653613,2.37,0.08,4.6,40.947299999999984,0.0435861798799121,45.03969999999998,0.7527963223452734
14/09/2021,4.174099999999999,1.3317255987680088,2.33,0.08,4.6,31.02350000000001,0.0612641371503948,35.19760000000001,1.3929897359184036
15/09/2021,-4.436400000000001,1.102805968901252,2.35,0.08,4.6,38.97269999999999,0.0708771968833737,34.53629999999999,1.1736831657846256
16/09/2021,8.6519,0.6353114330686627,2.35,0.08,4.6,12.339099999999997,0.0508698676482832,20.990999999999996,0.6861813007169458
17/09/2021,-7.610600000000002,0.7272780596521324,2.33,0.08,4.6,15.772300000000005,0.0283039691231145,8.161700000000003,0.7555820287752469
18/09/2021,-6.821799999999998,0.5034621964893925,2.5218181818181824,0.08,4.6,24.1827,0.0393359935514523,17.3609,0.5427981900408448
19/09/2021,-4.484399999999999,0.4597704232156736,2.5218181818181824,0.08,4.6,19.881900000000005,0.0431775762263365,15.397500000000006,0.5029479994420101
20/09/2021,-6.129600000000003,0.7637303905834698,2.29,0.08,4.6,18.735199999999992,0.0498997327107703,12.605599999999988,0.8136301232942401
21/09/2021,-1.2318999999999996,0.8112897980198785,2.29,0.08,4.6,25.693800000000003,0.0557493831449307,24.461900000000004,0.8670391811648093
22/09/2021,-10.0026,0.6876464816450872,2.28,0.08,4.6,23.038099999999996,0.0379073589506651,13.035499999999997,0.7255538405957523
23/09/2021,-10.479399999999998,0.8458394147123173,2.31,0.08,4.6,19.1984,0.0470179362345022,8.719000000000001,0.8928573509468195
24/09/2021,2.7964,0.5603450348910513,2.34,0.08,4.6,21.0744,0.0314253190450835,23.870800000000003,0.5917703539361348
25/09/2021,-13.140300000000003,0.5616294331059082,2.5218181818181824,0.08,4.6,27.49140000000001,0.0395249603747137,14.351100000000006,0.6011543934806218
26/09/2021,-6.475899999999998,0.4963335828486706,2.5218181818181824,0.08,4.6,25.8673,0.0246434057420074,19.3914,0.520976988590678
27/09/2021,-13.244300000000004,0.8408725196048652,2.35,0.08,4.6,36.4132,0.0485993717924024,23.1689,0.8894718913972676
28/09/2021,0.8440999999999994,1.0679422337564934,2.38,0.08,4.6,48.9011,0.056655474573278,49.7452,1.1245977083297714
29/09/2021,-3.8626,1.3512008634547252,2.37,0.08,4.6,35.84730000000001,0.0440883296773203,31.98470000000001,1.3952891931320455
30/09/2021,-7.280099999999999,1.5901438532462215,2.37,0.06,4.6,26.2532,0.0483759632340645,18.973100000000002,1.638519816480286
01/10/2021,0.7179000000000005,1.3549318235999124,2.38,0.08,4.3,45.09140000000002,0.074007448826923,45.80930000000002,1.4289392724268355
02/10/2021,-3.9057,0.7919306244629061,2.5218181818181824,0.08,4.3,20.904300000000006,0.0393267190766718,16.998600000000007,0.8312573435395779
03/10/2021,-10.257,0.6810090765925546,2.5218181818181824,0.08,4.3,23.9807,0.0391953954065933,13.7237,0.7202044719991479
04/10/2021,-5.523999999999999,0.9151388407506192,2.38,0.08,4.3,52.44199999999999,0.0465111898096875,46.91799999999999,0.9616500305603067
05/10/2021,2.165400000000002,0.8495842166627118,2.45,0.08,4.3,31.1994,0.0527857779109531,33.3648,0.9023699945736648
06/10/2021,-9.5996,0.795414561426202,2.43,0.08,4.3,24.5681,0.0514319749435891,14.9685,0.8468465363697911
07/10/2021,-11.320100000000004,0.8991821966725458,2.46,0.08,4.3,31.4812,0.0464270397532667,20.161099999999998,0.9456092364258125
08/10/2021,-3.8874,1.1414653096996237,2.5,0.08,4.3,30.947899999999976,0.0624429357704539,27.060499999999976,1.2039082454700776
09/10/2021,-1.5835000000000004,1.1854244674387546,2.5218181818181824,0.08,4.3,20.431,0.0272161244431961,18.8475,1.2126405918819507
10/10/2021,-8.774599999999998,0.6443362947094966,2.5218181818181824,0.08,4.3,23.116900000000008,0.0440107220896872,14.34230000000001,0.6883470167991838
11/10/2021,-9.7742,0.6638278536584186,2.5218181818181824,0.08,4.3,31.87269999999999,0.0441639110727251,22.09849999999999,0.7079917647311437
12/10/2021,-3.2810999999999986,0.7682076355201145,2.49,0.08,4.3,58.51669999999999,0.072733820050505,55.23559999999999,0.8409414555706195
13/10/2021,0.7809000000000014,2.632585133130644,2.52,0.08,4.3,43.2286,0.095041067308093,44.0095,2.727626200438737
14/10/2021,-14.100899999999992,2.461971597101004,2.52,0.08,4.3,35.50419999999998,0.0699649304857417,21.40329999999999,2.531936527586746
15/10/2021,-18.1362,1.769514354306414,2.56,0.08,4.3,43.44229999999998,0.1016425092886199,25.306099999999983,1.871156863595034
16/10/2021,-3.6284,1.6630311735827237,2.5218181818181824,0.08,4.3,19.96250000000001,0.0689347592896234,16.33410000000001,1.7319659328723471
17/10/2021,-4.471700000000002,1.2581556098668325,2.5218181818181824,0.08,4.3,31.409399999999994,0.0421614281277436,26.937699999999992,1.300317037994576
18/10/2021,-16.953100000000003,1.295592370339164,2.54,0.08,4.3,44.40169999999999,0.0869910652119699,27.44859999999999,1.382583435551134
19/10/2021,2.893900000000001,1.3103938857078028,2.54,0.08,4.3,44.56860000000001,0.065959825698117,47.46250000000001,1.3763537114059199
20/10/2021,-5.385100000000003,1.288942883284002,2.57,0.08,4.3,34.258599999999994,0.067566142210971,28.873499999999993,1.356509025494973
21/10/2021,3.7141000000000015,1.40932935544454,2.64,0.08,4.3,32.2259,0.0452446130180313,35.940000000000005,1.4545739684625714
22/10/2021,-3.402899999999998,1.271069818228095,2.64,0.08,4.3,39.5684,0.0539122031237328,36.1655,1.324982021351828
23/10/2021,11.1942,1.3737222819906407,2.5218181818181824,0.08,4.3,18.328299999999995,0.0421658805436257,29.522499999999994,1.4158881625342665
24/10/2021,-6.5586,1.4185685739064864,2.5218181818181824,0.08,4.3,13.797199999999998,0.0492738304379519,7.238599999999998,1.4678424043444382
25/10/2021,10.240200000000002,1.6038615366088802,2.66,0.08,4.3,31.1217,0.0753769460092067,41.361900000000006,1.6792384826180868
26/10/2021,-1.9887000000000004,1.6168560846282989,2.69,0.08,4.3,30.985,0.0597259001259453,28.996299999999998,1.6765819847542442
27/10/2021,11.996100000000004,1.4302995037144657,2.65,0.08,4.3,56.27309999999999,0.0950456199091327,68.2692,1.5253451236235984
28/10/2021,2.5495000000000005,1.3421551134138756,2.57,0.08,4.3,45.5588,0.0613248922406105,48.1083,1.403480005654486
29/10/2021,-3.5957999999999988,1.234919307719367,2.51,0.07,4.3,40.92179999999999,0.0659500837209377,37.32599999999999,1.3008693914403047
30/10/2021,-3.0376000000000003,0.9027902515412408,2.5218181818181824,0.07,4.3,35.205,0.0471344977373453,32.1674,0.9499247492785862
31/10/2021,-1.0257999999999998,0.9281222898391304,2.5218181818181824,0.07,4.3,32.42160000000001,0.0437979034884194,31.395800000000012,0.9719201933275498
01/11/2021,-0.1174999999999985,0.992824981216669,2.5,0.08,3.9,33.470500000000015,0.064608053179218,33.353000000000016,1.0574330343958869
02/11/2021,3.3688,1.264584296939622,2.51,0.08,3.9,41.5543,0.0660581498612082,44.9231,1.3306424468008302
03/11/2021,-2.584699999999999,1.3193459237756582,2.53,0.08,3.9,52.39390000000001,0.0824522975248302,49.80920000000001,1.4017982213004885
04/11/2021,2.849600000000001,2.033546218855025,2.56,0.08,3.9,33.776799999999994,0.0683128878509466,36.6264,2.1018591067059718
05/11/2021,-10.5785,1.7949182707055549,2.54,0.08,3.9,43.6891,0.0706793983667217,33.110600000000005,1.8655976690722766
06/11/2021,-11.857500000000002,1.6956526102791063,2.5218181818181824,0.08,3.9,36.1462,0.0407027240318141,24.2887,1.7363553343109204
07/11/2021,-0.9265,1.2397146568209805,2.5218181818181824,0.08,3.9,39.0429,0.0530732129168912,38.116400000000006,1.2927878697378716
08/11/2021,-8.9304,1.252320328052355,2.62,0.08,3.9,28.96560000000001,0.0461117656651259,20.03520000000001,1.298432093717481
09/11/2021,2.984799999999999,1.3512008123239132,2.63,0.08,3.9,50.31810000000002,0.0635416567274566,53.30290000000002,1.4147424690513697
10/11/2021,12.56210000000001,5.98454325968212,2.7,0.08,3.9,59.6672,0.2157929755768507,72.22930000000001,6.200336235258971
11/11/2021,-20.626699999999992,4.9660121654647815,2.5218181818181824,0.08,3.9,65.37439999999998,0.1709300060064702,44.74769999999999,5.136942171471252
12/11/2021,4.14069999999999,3.65556451465478,2.73,0.08,3.9,50.24990000000002,0.1131455909267901,54.390600000000006,3.76871010558157
13/11/2021,-2.6728999999999985,2.070163415564465,2.5218181818181824,0.08,3.9,35.291999999999994,0.0820104457123624,32.619099999999996,2.1521738612768275
14/11/2021,9.237199999999984,2.859696546048282,2.5218181818181824,0.08,3.9,20.6551,0.0554307975759122,29.892299999999985,2.9151273436241945
15/11/2021,-28.187999999999978,4.551309035079974,2.76,0.08,3.9,57.908000000000015,0.085980430190994,29.720000000000038,4.637289465270968
16/11/2021,-7.369800000000003,3.285499234536969,2.73,0.08,3.9,36.49679999999999,0.0989360144998953,29.12699999999999,3.3844352490368643
17/11/2021,-14.4283,2.965482259486068,2.7,0.08,3.9,48.073600000000006,0.1026745987289298,33.645300000000006,3.068156858214998
18/11/2021,-0.7194000000000023,2.7329105738683825,2.73,0.08,3.9,56.33580000000001,0.0780454105247465,55.61640000000001,2.810955984393129
19/11/2021,2.2803999999999984,2.727758665524612,2.65,0.08,3.9,52.29619999999999,0.1014262515089443,54.57659999999999,2.8291849170335563
20/11/2021,4.939099999999995,1.8813826314603408,2.5218181818181824,0.08,3.9,33.58740000000002,0.0713321121134856,38.52650000000001,1.9527147435738264
21/11/2021,-4.5727,1.7741594615933884,2.5218181818181824,0.08,3.9,44.2266,0.0625303914667381,39.6539,1.8366898530601266
22/11/2021,11.668400000000004,1.436823703156922,2.61,0.08,3.9,47.2337,0.1020305573613157,58.902100000000004,1.5388542605182376
23/11/2021,0.9896000000000028,3.1185166821090893,2.62,0.08,3.9,45.9638,0.0944933999110198,46.9534,3.213010082020109
24/11/2021,-7.2415999999999965,2.8998635071075176,2.61,0.08,3.9,36.5913,0.0873503303410387,29.3497,2.9872138374485564
25/11/2021,-4.862999999999995,2.2185615280993973,2.5218181818181824,0.08,3.9,24.921499999999995,0.0613964246109297,20.0585,2.279957952710327
26/11/2021,-9.2741,1.5929096323912786,2.55,0.08,3.9,31.01649999999999,0.0624047738227302,21.74239999999999,1.6553144062140088
27/11/2021,-15.6048,1.4306727594489368,2.5218181818181824,0.08,3.9,29.249900000000004,0.0415114773579988,13.645100000000005,1.4721842368069356
28/11/2021,5.617,1.289409279370339,2.5218181818181824,0.08,3.9,29.1916,0.0497097460057747,34.8086,1.3391190253761136
29/11/2021,0.1369000000000013,1.2979678205858771,2.54,0.08,3.9,49.20060000000001,0.0707705689507755,49.33750000000001,1.3687383895366527
30/11/2021,-2.7504,2.0856311879147493,2.5,0.07,3.9,46.33420000000001,0.0884243201320797,43.58380000000001,2.174055508046829
01/12/2021,-8.243599999999999,1.5484923946312292,2.44,0.08,3.7,48.93689999999998,0.1272970526360893,40.69329999999998,1.6757894472673185
02/12/2021,-1.3650999999999989,1.521203184655351,2.47,0.08,3.7,42.6388,0.0922339379035927,41.273700000000005,1.613437122558944
03/12/2021,8.564900000000007,1.4586569565098988,2.43,0.08,3.7,34.8428,0.0627444312638987,43.407700000000006,1.5214013877737975
04/12/2021,-5.505899999999998,1.098102146298683,2.5218181818181824,0.08,3.7,34.12080000000001,0.0742215907122184,28.614900000000013,1.1723237370109014
05/12/2021,-3.939500000000001,0.8782547163886563,2.5218181818181824,0.08,3.7,31.969800000000003,0.0532786493008364,28.0303,0.9315333656894926
06/12/2021,3.119900000000001,0.7538681546567013,2.44,0.08,3.7,24.186099999999996,0.0628563677815226,27.305999999999997,0.8167245224382239
07/12/2021,-2.7325000000000017,0.9244592078563936,2.47,0.08,3.7,43.24719999999999,0.0596120968049716,40.51469999999999,0.9840713046613652
08/12/2021,-1.1386999999999996,1.4772940989997414,2.52,0.08,3.7,29.82319999999999,0.0846739666498895,28.68449999999999,1.5619680656496309
09/12/2021,3.5458000000000003,1.7191492117896807,2.47,0.08,3.7,35.672100000000015,0.073625448274875,39.217900000000014,1.7927746600645558
10/12/2021,-3.5771999999999955,5.466367495562544,2.44,0.08,3.7,60.218,0.1620089280532975,56.640800000000006,5.628376423615841
11/12/2021,-7.200499999999997,3.752055259025906,2.5218181818181824,0.08,3.7,22.6517,0.0601658554464207,15.451200000000004,3.812221114472327
12/12/2021,-7.7349999999999985,1.980915444467776,2.5218181818181824,0.08,3.7,22.3865,0.0662952941597403,14.651500000000002,2.0472107386275162
13/12/2021,-14.656299999999993,2.1860329430409204,2.4,0.08,3.7,43.34590000000001,0.1010449897183175,28.689600000000013,2.287077932759238
14/12/2021,-17.047399999999996,2.581026397080215,2.37,0.08,3.7,37.284400000000005,0.0777757009970112,20.23700000000001,2.658802098077226
15/12/2021,-13.131800000000004,3.123610753073425,2.39,0.08,3.7,47.89660000000001,0.1253362796985826,34.7648,3.2489470327720076
16/12/2021,-6.0788,2.112280565309843,2.42,0.08,3.7,40.982900000000015,0.1165486037046048,34.904100000000014,2.228829169014448
17/12/2021,-10.199500000000002,2.300028665386391,2.38,0.08,3.7,40.99150000000001,0.0780043195720789,30.79200000000001,2.37803298495847
18/12/2021,-12.158699999999996,1.5467577955835925,2.5218181818181824,0.08,3.7,42.82410000000001,0.0922665379406244,30.665400000000012,1.639024333524217
19/12/2021,-3.633099999999996,1.770326151790265,2.5218181818181824,0.08,3.7,27.7626,0.0709069907341213,24.129500000000004,1.8412331425243864
20/12/2021,-1.6747999999999983,1.8500929922005964,2.39,0.08,3.7,46.24529999999997,0.0612650967801625,44.570499999999974,1.9113580889807589
21/12/2021,-11.6162,1.4235015090693734,2.44,0.08,3.7,44.3875,0.0746531028286868,32.771300000000004,1.4981546118980602
22/12/2021,-12.363799999999996,1.4541410367723862,2.47,0.08,3.7,44.55969999999999,0.0752097285466747,32.195899999999995,1.5293507653190608
23/12/2021,-4.6006,1.183809405763088,2.47,0.08,3.7,46.60249999999999,0.0812214443308538,42.00189999999999,1.2650308500939418
24/12/2021,-2.1584000000000008,1.0487573349886374,2.5218181818181824,0.08,3.7,29.8333,0.0621968033504111,27.6749,1.1109541383390484
25/12/2021,-4.8745,0.636229389070232,2.5218181818181824,0.08,3.7,14.7115,0.0304979268644734,9.837,0.6667273159347054
26/12/2021,1.4155999999999995,0.6986347109660953,2.5218181818181824,0.08,3.7,41.07180000000001,0.0586358817925095,42.48740000000001,0.7572705927586048
27/12/2021,4.586599999999999,1.3090847903836864,2.5,0.08,3.7,40.31719999999999,0.0728488495642225,44.90379999999999,1.381933639947909
28/12/2021,-5.825099999999999,1.1958217941192366,2.5,0.08,3.7,35.9187,0.0629981997319488,30.093600000000002,1.2588199938511855
29/12/2021,3.1493999999999995,1.4545376783734616,2.53,0.08,3.7,36.73809999999998,0.0705075622271688,39.88749999999998,1.5250452406006303
30/12/2021,-2.770999999999999,1.807684838786424,2.58,0.08,3.7,45.36390000000001,0.0675549783981354,42.59290000000001,1.8752398171845592
31/12/2021,4.5368,0.9681450250029376,2.56,0.07,3.7,27.2533,0.0541184848295053,31.7901,1.0222635098324429
01/01/2022,-2.3183,0.8307354843330731,2.5218181818181824,0.07,4.4,17.16330000000001,0.065500486235393,14.84500000000001,0.896235970568466
02/01/2022,-1.9309,0.920335216494614,2.5218181818181824,0.07,4.4,23.4908,0.0709313301222522,21.5599,0.9912665466168662
03/01/2022,-6.575399999999999,0.8243365370950665,2.6,0.08,4.4,37.5534,0.0424884573438491,30.978000000000005,0.8668249944389156
04/01/2022,-10.596299999999996,1.3129347969830916,2.57,0.08,4.4,29.61180000000001,0.0682401965574275,19.015500000000014,1.381174993540519
05/01/2022,-14.742899999999992,1.2341129916524511,2.53,0.08,4.4,49.2145,0.1047702126489273,34.47160000000001,1.3388832043013785
06/01/2022,-4.2874999999999925,1.2626914569795595,2.46,0.08,4.4,49.49389999999998,0.0933167155934765,45.20639999999999,1.356008172573036
07/01/2022,-6.3782,0.5737069267936021,2.48,0.08,4.4,34.9518,0.0824072054299408,28.5736,0.656114132223543
08/01/2022,-5.721699999999999,0.545090279809636,2.5218181818181824,0.08,4.4,16.032200000000003,0.0748665578089488,10.310500000000005,0.6199568376185848
09/01/2022,-11.003899999999994,0.5616031166129061,2.5218181818181824,0.08,4.4,30.804999999999986,0.0609509339934684,19.80109999999999,0.6225540506063745
10/01/2022,-3.803,0.663718498523605,2.48,0.08,4.4,37.79710000000001,0.075109367331065,33.99410000000001,0.73882786585467
11/01/2022,8.108799999999999,0.7620710108875502,2.54,0.08,4.4,41.68839999999999,0.0588258360097605,49.79719999999999,0.8208968468973108
12/01/2022,-5.888900000000002,2.636058831286725,2.48,0.08,4.4,44.307699999999976,0.1049295420620825,38.418799999999976,2.7409883733488076
13/01/2022,-3.696299999999997,2.3865917958269347,2.43,0.08,4.4,52.8937,0.1224767586699906,49.19740000000001,2.5090685544969253
14/01/2022,8.086400000000003,1.5371640867698884,2.44,0.08,4.4,33.6581,0.1153310873326058,41.7445,1.6524951741024942
15/01/2022,-9.8251,1.0758359798569737,2.5218181818181824,0.08,4.4,54.005200000000016,0.0733286105003219,44.18010000000002,1.1491645903572956
16/01/2022,1.9344000000000008,0.9448129843351986,2.5218181818181824,0.08,4.4,36.2466,0.0556961990584739,38.181000000000004,1.0005091833936726
17/01/2022,2.363600000000002,0.8053262946126667,2.5218181818181824,0.08,4.4,34.28810000000001,0.0677686808577098,36.65170000000001,0.8730949754703765
18/01/2022,-8.2926,1.2261989349239653,2.46,0.08,4.4,50.57420000000002,0.0682032779677262,42.28160000000002,1.2944022128916914
19/01/2022,6.148800000000003,1.1651426891556504,2.4,0.08,4.4,43.64500000000001,0.0833319118073977,49.79380000000001,1.248474600963048
20/01/2022,-27.9423,1.4090371423709316,2.33,0.08,4.4,33.1041,0.0560251712304935,5.161800000000003,1.4650623136014251
21/01/2022,-1.2602000000000002,1.2556267089996958,2.34,0.08,4.4,22.9364,0.0812165984940979,21.676199999999998,1.3368433074937935
22/01/2022,5.6721,0.9029268783747628,2.5218181818181824,0.08,4.4,44.5642,0.0894054102570868,50.2363,0.9923322886318496
23/01/2022,-11.980500000000005,0.6670210802043175,2.5218181818181824,0.08,4.4,22.190300000000004,0.0964883826779505,10.2098,0.763509462882268
24/01/2022,-28.803100000000008,1.442803726292231,2.38,0.08,4.4,33.779499999999985,0.099451405603298,4.976399999999977,1.542255131895529
25/01/2022,-27.6198,2.1736580916726886,2.41,0.08,4.4,21.258000000000003,0.1143610113801583,-6.361799999999999,2.288019103052847
26/01/2022,-6.093899999999998,1.3898355373339235,2.38,0.08,4.4,54.07289999999998,0.0884742643895907,47.978999999999985,1.4783098017235141
27/01/2022,2.9131000000000014,1.3927094420681043,2.4,0.08,4.4,61.41509999999998,0.1748298723518977,64.32819999999998,1.567539314420002
28/01/2022,4.035200000000002,1.5289992567511663,2.44,0.08,4.4,35.630900000000004,0.1081421438930163,39.66610000000001,1.6371414006441827
29/01/2022,5.3381000000000025,0.7751171882926412,2.5218181818181824,0.08,4.4,39.8299,0.0856472775251983,45.168000000000006,0.8607644658178395
30/01/2022,3.044100000000003,1.0327387997817166,2.5218181818181824,0.08,4.4,33.86540000000001,0.064728053732718,36.90950000000001,1.0974668535144345
31/01/2022,-4.062599999999998,0.8841340557127104,2.44,0.08,4.4,33.9132,0.0467388974791623,29.850600000000007,0.9308729531918727
01/02/2022,0.6511999999999996,0.8816405007088933,2.43,0.08,4.1,33.1671,0.0471501078189595,33.8183,0.9287906085278528
02/02/2022,-3.0691,0.9317787007097388,2.41,0.08,4.1,36.58219999999999,0.0566584735245981,33.513099999999994,0.9884371742343369
03/02/2022,5.5116000000000005,1.0073941710014132,2.38,0.08,4.1,43.22739999999998,0.0746668280486557,48.73899999999998,1.082060999050069
04/02/2022,-4.480400000000001,1.0667867724405455,2.41,0.08,4.1,33.587599999999995,0.084111545741514,29.10719999999999,1.1508983181820596
05/02/2022,-0.3982000000000005,1.1398185676401444,2.5218181818181824,0.08,4.1,25.5313,0.0469097338922063,25.133100000000002,1.1867283015323506
06/02/2022,0.9391000000000004,0.7770367712029438,2.5218181818181824,0.08,4.1,42.71060000000001,0.0592959554911785,43.64970000000001,0.8363327266941223
07/02/2022,-4.1512,1.0999429116344297,2.4,0.08,4.1,53.98429999999999,0.1032325724000127,49.83309999999999,1.2031754840344424
08/02/2022,1.3049999999999995,0.9339950923081848,2.42,0.08,4.1,35.0744,0.0637636270180016,36.3794,0.9977587193261864
09/02/2022,-3.9994,1.3662003075590876,2.42,0.08,4.1,35.52150000000001,0.0941322254335066,31.52210000000001,1.4603325329925942
10/02/2022,-4.240100000000012,4.834159577201146,2.45,0.08,4.1,58.63000000000001,0.1699095151546258,54.3899,5.004069092355772
11/02/2022,-14.19019999999999,4.342207389015951,2.43,0.08,4.1,50.90679999999999,0.1568854889071004,36.7166,4.499092877923052
12/02/2022,-12.435700000000002,2.0950212854601022,2.5218181818181824,0.08,4.1,32.4759,0.108508329405079,20.0402,2.203529614865181
13/02/2022,-6.302000000000002,1.7954074110322455,2.5218181818181824,0.08,4.1,39.67099999999999,0.1056362465226719,33.36899999999999,1.9010436575549174
14/02/2022,11.7866,3.764457678630248,2.48,0.08,4.1,33.80900000000001,0.0890597911448074,45.59560000000001,3.8535174697750554
15/02/2022,5.1616,1.9905415977433465,2.48,0.08,4.1,42.13790000000002,0.0883211990462568,47.29950000000002,2.078862796789603
16/02/2022,-10.217700000000002,2.973448995947441,2.46,0.08,4.1,23.9602,0.1315205479782412,13.742499999999998,3.104969543925682
17/02/2022,-4.9054,2.8831258849778543,2.43,0.08,4.1,42.7389,0.0900747167779257,37.8335,2.97320060175578
18/02/2022,-16.366500000000006,2.1499975481699263,2.41,0.08,4.1,22.938,0.0831594686769423,6.571499999999993,2.2331570168468686
19/02/2022,2.3483000000000005,1.2076550748407238,2.5218181818181824,0.08,4.1,39.4352,0.0678047622733958,41.783500000000004,1.2754598371141195
20/02/2022,-4.551300000000002,1.5958481946207257,2.5218181818181824,0.08,4.1,20.1713,0.0740825183789903,15.619999999999997,1.669930712999716
21/02/2022,-7.766199999999999,1.3880725388548152,2.5218181818181824,0.08,4.1,27.28420000000001,0.0740502661304939,19.51800000000001,1.462122804985309
22/02/2022,-19.4042,1.6516084561343412,2.45,0.08,4.1,20.954500000000003,0.067033052858999,1.5503000000000036,1.7186415089933402
23/02/2022,-20.417499999999983,2.24790126396215,2.53,0.08,4.1,28.8036,0.0958276661754262,8.386100000000017,2.3437289301375763
24/02/2022,-40.561800000000034,2.3600060126223035,2.55,0.08,4.1,13.378700000000006,0.0843877351498532,-27.183100000000028,2.444393747772157
25/02/2022,-14.169500000000014,1.4021779668614869,2.54,0.08,4.1,20.410699999999995,0.109524718753882,6.241199999999981,1.5117026856153688
26/02/2022,3.2865999999999995,1.1166854224975884,2.5218181818181824,0.08,4.1,16.1687,0.0482966550056753,19.4553,1.1649820775032638
27/02/2022,-12.396600000000005,0.9617329634550008,2.5218181818181824,0.08,4.1,32.1535,0.0584387508568016,19.756899999999995,1.0201717143118023
28/02/2022,-7.609099999999999,1.1569636772726533,2.62,0.08,4.1,22.0953,0.0938488990099372,14.486200000000004,1.2508125762825903
01/03/2022,-24.7173,1.759813540132433,2.62,0.08,3.8,34.37819999999999,0.0555075440508883,9.660899999999991,1.8153210841833214
02/03/2022,-38.34709999999996,5.043566445657126,2.71,0.08,3.8,30.1309,0.094580259240087,-8.216199999999962,5.1381467048972125
03/03/2022,-18.639900000000004,1.770116961314546,2.69,0.08,3.8,32.81570000000001,0.059050388808433,14.175800000000002,1.829167350122979
04/03/2022,-18.4844,2.2618610404545927,2.67,0.08,3.8,23.218700000000005,0.0730659411612989,4.734300000000005,2.3349269816158915
05/03/2022,1.292200000000002,1.4921770805403844,2.5218181818181824,0.08,3.8,32.8955,0.0611704995022021,34.1877,1.5533475800425864
06/03/2022,-12.634899999999991,1.614306145603328,2.5218181818181824,0.08,3.8,31.426900000000003,0.082860105701166,18.792000000000012,1.697166251304494
07/03/2022,-14.703400000000002,2.49061285893992,2.77,0.08,3.8,39.52479999999999,0.1357806963772687,24.82139999999999,2.626393555317189
08/03/2022,-46.93189999999997,2.9288590196649573,2.9,0.08,3.8,52.31579999999999,0.1477418786678287,5.383900000000018,3.076600898332786
09/03/2022,-33.3585,3.138388349011056,2.84,0.08,3.8,38.05649999999999,0.090055227854501,4.697999999999993,3.228443576865557
10/03/2022,-49.454100000000025,4.745402308861929,2.86,0.08,3.8,32.03299999999999,0.2322936997561112,-17.421100000000038,4.97769600861804
11/03/2022,-25.12989999999997,4.911376193546138,2.94,0.08,3.8,40.45410000000002,0.11476382849702,15.324200000000047,5.026140022043158
12/03/2022,-52.02150000000002,3.210601505602241,2.5218181818181824,0.08,3.8,39.55020000000001,0.0884343941414181,-12.471300000000006,3.299035899743659
13/03/2022,-22.6444,2.725076416234617,2.5218181818181824,0.08,3.8,26.4089,0.077395193757655,3.764499999999998,2.802471609992272
14/03/2022,-7.285099999999997,2.945742691298685,2.93,0.08,3.8,36.55120000000001,0.1253218374481742,29.266100000000012,3.0710645287468594
15/03/2022,-16.992000000000008,3.045651301801875,2.84,0.08,3.8,37.4875,0.0989718225900637,20.49549999999999,3.1446231243919387
16/03/2022,-1.602499999999997,2.403206888681212,2.8,0.08,3.8,32.2126,0.0898628969192978,30.610100000000006,2.4930697856005097
17/03/2022,-14.348999999999998,2.0208436072187568,2.91,0.33,3.8,41.44950000000003,0.0858335661875955,27.100500000000032,2.1066771734063523
18/03/2022,-17.348,1.6933581259678347,2.86,0.33,3.8,32.2245,0.0790438815635657,14.8765,1.7724020075314004
19/03/2022,-10.6627,1.6491032904101328,2.5218181818181824,0.33,3.8,30.074399999999983,0.0867258877772304,19.411699999999982,1.7358291781873632
20/03/2022,-11.796500000000002,1.8694360963404373,2.5218181818181824,0.33,3.8,22.3898,0.0573876981686651,10.5933,1.9268237945091025
21/03/2022,-7.645200000000002,1.7025629121068446,2.9,0.33,3.8,49.87379999999999,0.0758687535454728,42.228599999999986,1.7784316656523174
22/03/2022,2.6304000000000007,1.1154375291271863,2.91,0.33,3.8,49.49929999999999,0.1044330140438059,52.12969999999999,1.2198705431709922
23/03/2022,-6.969600000000002,1.7398729249192917,2.94,0.33,3.8,43.31380000000001,0.0744312428383751,36.34420000000001,1.8143041677576668
24/03/2022,-4.3058,1.922403521079844,2.92,0.33,3.8,32.5641,0.1050473118307819,28.258300000000006,2.0274508329106258
25/03/2022,-24.91510000000001,1.788640165190626,2.95,0.33,3.8,58.2565,0.0923679701958951,33.34139999999999,1.8810081353865211
26/03/2022,-9.9516,1.824682495423516,2.5218181818181824,0.33,3.8,36.90329999999998,0.0486890789588389,26.95169999999998,1.873371574382355
27/03/2022,-16.209,1.5631466020567089,2.5218181818181824,0.33,3.8,42.6349,0.0613534294622481,26.425900000000002,1.624500031518957
28/03/2022,-8.231200000000007,1.5857373810991922,2.95,0.33,3.8,45.64669999999997,0.0775047167737131,37.41549999999996,1.6632420978729052
29/03/2022,-10.6518,2.164358162047323,2.86,0.33,3.8,36.3541,0.0437649150938013,25.7023,2.208123077141124
30/03/2022,-10.500400000000004,2.4103530227364045,2.86,0.33,3.8,20.4045,0.0694396643400974,9.904099999999994,2.479792687076502
31/03/2022,-4.233899999999998,2.445298843742913,2.84,0.33,3.8,44.29880000000001,0.0926253969508682,40.06490000000001,2.537924240693781
01/04/2022,-5.682000000000001,2.5442762263491536,2.8,0.33,3.3,43.504500000000014,0.0718760179137367,37.82250000000001,2.6161522442628904
02/04/2022,-2.5908,1.34642927578322,2.5218181818181824,0.33,3.3,23.672699999999995,0.0636051460508712,21.081899999999994,1.4100344218340912
03/04/2022,9.010999999999989,1.377378247147111,2.5218181818181824,0.33,3.3,22.625999999999998,0.0462907865475126,31.636999999999986,1.4236690336946236
04/04/2022,-0.692900000000001,1.4382490401877224,2.8,0.33,3.3,46.70600000000001,0.0739057554560418,46.01310000000001,1.5121547956437642
05/04/2022,-10.1461,1.3175376115762494,2.84,0.33,3.3,18.971000000000004,0.0736837736312916,8.824900000000003,1.391221385207541
06/04/2022,-5.654199999999999,1.924725494744428,2.83,0.33,3.3,37.2068,0.0849532898800828,31.5526,2.0096787846245108
07/04/2022,-3.1234,1.5566649325450523,2.82,0.33,3.3,25.242899999999995,0.0619988853121313,22.119499999999995,1.6186638178571837
08/04/2022,-12.794000000000004,1.3754234993374643,2.87,0.33,3.3,34.50330000000001,0.0824783468158775,21.709300000000006,1.4579018461533417
09/04/2022,-4.332299999999999,1.0469722509623005,2.5218181818181824,0.33,3.3,28.1348,0.0667460340727808,23.8025,1.1137182850350813
10/04/2022,-12.247400000000004,1.274811514577882,2.5218181818181824,0.33,3.3,24.768999999999995,0.0743330606044487,12.52159999999999,1.3491445751823308
11/04/2022,-18.6933,2.1094449013583203,2.91,0.33,3.3,25.98120000000001,0.0655576018216263,7.287900000000008,2.1750025031799467
12/04/2022,-44.56080000000001,8.852759193963434,2.86,0.33,3.3,56.49989999999997,0.2219771705192432,11.93909999999996,9.074736364482678
13/04/2022,-52.8263,6.921078298793793,2.8,0.33,3.3,39.7368,0.0988854965700525,-13.089500000000001,7.019963795363846
14/04/2022,-30.6877,4.217980610411046,2.89,0.33,3.3,36.0068,0.114138034023832,5.319099999999999,4.332118644434878
15/04/2022,-11.878200000000009,3.2058081394865603,2.5218181818181824,0.33,3.3,36.4885,0.087146031464288,24.610299999999995,3.292954170950848
16/04/2022,-20.915299999999988,2.2550775385105983,2.5218181818181824,0.33,3.3,20.9512,0.0615780637240381,0.035900000000012255,2.3166556022346363
17/04/2022,-20.172700000000003,1.568988206994781,2.5218181818181824,0.33,3.3,24.2,0.0761405007506897,4.027299999999997,1.6451287077454706
18/04/2022,-17.631600000000002,2.4567702953473587,2.92,0.33,3.3,39.616000000000014,0.0631647529558416,21.98440000000001,2.5199350483032004
19/04/2022,-7.5306,2.29510924985366,2.93,0.33,3.3,39.25,0.0699898886636127,31.7194,2.3650991385172726
20/04/2022,-17.969399999999982,2.38441654154815,2.92,0.33,3.3,37.591200000000015,0.1233817047147999,19.621800000000032,2.5077982462629502
21/04/2022,-18.629200000000004,2.2944422022340603,3.02,0.33,3.3,35.29390000000001,0.0743439183568481,16.664700000000003,2.3687861205909084
22/04/2022,-22.8949,2.009452281417761,2.98,0.33,3.3,25.29080000000002,0.0498121213074866,2.395900000000019,2.0592644027252476
23/04/2022,-7.013499999999997,1.5434225223344014,2.5218181818181824,0.33,3.3,24.9599,0.0642736500406973,17.946400000000004,1.6076961723750987
24/04/2022,-9.6368,1.657336541700122,2.5218181818181824,0.33,3.3,35.65089999999999,0.0534102511978146,26.014099999999992,1.7107467928979365
25/04/2022,-8.7225,1.6833000573516983,2.91,0.33,3.3,43.7229,0.0673315182706043,35.0004,1.7506315756223025
26/04/2022,11.202899999999994,2.239908632232832,2.85,0.33,3.3,38.84749999999999,0.0860631289923233,50.05039999999998,2.3259717612251554
27/04/2022,-25.858700000000027,2.719986981648177,2.88,0.33,3.3,24.802900000000005,0.069282391108376,-1.0558000000000227,2.789269372756553
28/04/2022,-12.4046,2.9844010324473094,2.97,0.33,3.3,40.113,0.1054199730246154,27.708399999999997,3.089821005471925
29/04/2022,-14.2054,2.0002670102099622,2.88,0.33,3.3,36.902000000000015,0.0763594239821693,22.696600000000018,2.0766264341921317
30/04/2022,-10.833999999999998,2.043390191684162,2.5218181818181824,0.33,3.3,42.8134,0.0712142871793418,31.979400000000005,2.114604478863504
01/05/2022,-17.1293,1.912242628846381,2.5218181818181824,0.33,3.4,22.20050000000001,0.0696750069210339,5.071200000000008,1.9819176357674149
02/05/2022,-12.567399999999996,2.646251737043031,2.81,0.33,3.4,36.4219,0.08157232905397,23.854500000000005,2.727824066097001
03/05/2022,-23.01530000000001,2.430477262302212,2.83,0.33,3.4,29.856700000000007,0.0949162535386196,6.841399999999997,2.5253935158408316
04/05/2022,-25.3245,2.7630705064512333,2.86,0.33,3.4,44.4645,0.0894237254713435,19.14,2.852494231922577
05/05/2022,-27.593899999999987,3.239171213941556,2.87,0.83,3.4,41.59850000000001,0.0824632753908762,14.004600000000021,3.321634489332432
06/05/2022,-4.109199999999995,3.4033137632430086,2.86,0.83,3.4,37.03549999999999,0.0697753994628398,32.9263,3.473089162705848
07/05/2022,-74.36510000000004,2.672106404323068,2.5218181818181824,0.83,3.4,26.070100000000007,0.0722178319871839,-48.29500000000003,2.7443242363102516
08/05/2022,-14.996999999999996,1.485147444253455,2.5218181818181824,0.83,3.4,17.5763,0.0932131976008482,2.5793000000000035,1.578360641854303
09/05/2022,-27.456499999999984,3.303202347975499,2.75,0.83,3.4,36.9107,0.0863111737678671,9.454200000000014,3.389513521743366
10/05/2022,-43.6202000000001,5.804744926374388,2.65,0.83,3.4,36.6742,0.1007216409494364,-6.946000000000097,5.905466567323825
11/05/2022,-69.8223,9.028878228831838,2.7,0.83,3.4,33.76680000000001,0.1710933106334309,-36.05549999999999,9.199971539465269
12/05/2022,-49.3261,5.776046043712093,2.59,0.83,3.4,29.3454,0.1506220871561742,-19.980699999999995,5.926668130868267
13/05/2022,-24.657799999999995,4.1363526436276805,2.69,0.83,3.4,32.9888,0.0771066222673051,8.331000000000003,4.213459265894985
14/05/2022,-37.935900000000046,4.309053598098408,2.5218181818181824,0.83,3.4,13.302199999999996,0.0858013405768178,-24.63370000000005,4.394854938675225
15/05/2022,-22.93610000000001,2.846980221610871,2.5218181818181824,0.83,3.4,14.570600000000004,0.0485705891700812,-8.365500000000006,2.8955508107809522
16/05/2022,-11.7375,2.86726976966202,2.68,0.83,3.4,32.1663,0.074321960157816,20.4288,2.9415917298198364
17/05/2022,-37.1954,3.609934498934253,2.71,0.83,3.4,24.7355,0.0938764290393092,-12.459900000000001,3.7038109279735623
18/05/2022,-44.91329999999999,3.753099705472866,2.72,0.83,3.4,25.845599999999997,0.1123963208428645,-19.067699999999995,3.8654960263157307
19/05/2022,-33.72909999999999,4.131614642589399,2.59,0.83,3.4,28.311499999999995,0.0687685604298499,-5.417599999999993,4.200383203019249
20/05/2022,-28.4633,3.9625692660758114,2.55,0.83,3.4,30.8801,0.0970410144309422,2.4167999999999985,4.059610280506754
21/05/2022,-9.939400000000004,2.5522046071103177,2.5218181818181824,0.83,3.4,22.27660000000001,0.0866806709116996,12.337200000000005,2.638885278022017
22/05/2022,-24.38779999999999,2.8599660323205365,2.5218181818181824,0.83,3.4,23.281600000000005,0.0952433851611249,-1.106199999999987,2.955209417481661
23/05/2022,-25.23150000000001,3.849117307680906,2.6,0.83,3.4,32.37329999999999,0.0877323046489112,7.141799999999982,3.9368496123298176
24/05/2022,-14.907199999999994,2.597896720688979,2.55,0.83,3.4,42.5068,0.0906830796472033,27.599600000000002,2.6885798003361825
25/05/2022,-15.2855,2.0444981332946885,2.56,0.83,3.4,26.5569,0.0655022394203811,11.271399999999998,2.11000037271507
26/05/2022,-10.7976,2.0842943551389643,2.62,0.83,3.4,27.03440000000001,0.090559527221455,16.23680000000001,2.174853882360419
27/05/2022,-13.3935,2.373323167239121,2.63,0.83,3.4,23.2995,0.0799474460110207,9.905999999999999,2.4532706132501416
28/05/2022,-1.610999999999998,2.046908993472333,2.5218181818181824,0.83,3.4,28.073,0.0723704802715467,26.462000000000003,2.11927947374388
29/05/2022,-11.6645,1.6860411957622248,2.5218181818181824,0.83,3.4,37.549600000000005,0.0579897135741504,25.885100000000005,1.7440309093363753
30/05/2022,-18.2967,1.6107218270560415,2.5218181818181824,0.83,3.4,26.828100000000006,0.0579439503297006,8.531400000000005,1.668665777385742
31/05/2022,4.870199999999997,3.2526952367577096,2.64,0.83,3.4,30.8268,0.084763267528905,35.696999999999996,3.3374585042866145
