date,twitter_sentiment_score,twitter_attention_score,T10YIE,int_rate,unemp,michigan_sentiment,reddit_sentiment_score,reddit_attention_score,overall_sentiment_score,overall_attention_score,exchange_rate
12/05/2021,-24.4702,3.76729548,2.54,0.06,5.5,82.9,50.9161,0.133301278,26.4459,3.900596758,1.2074
13/05/2021,-11.749,2.164075101,2.51,0.06,5.5,82.9,63.1131,0.184148681,51.3641,2.348223782,1.207
14/05/2021,-6.3891,1.059857706,2.51,0.06,5.5,82.9,54.8322,0.096931031,48.4431,1.156788737,1.2141
15/05/2021,-8.2075,0.858450151,2.521818182,0.06,5.5,82.9,25.6531,0.045244526,17.4456,0.903694677,1.2095
16/05/2021,-0.2693,0.877176266,2.521818182,0.06,5.5,82.9,28.4126,0.07071406,28.1433,0.947890326,1.2102
17/05/2021,3.9601,0.615227391,2.54,0.06,5.5,82.9,54.8292,0.084303708,58.7893,0.699531099,1.2155
18/05/2021,-1.2669,0.681365512,2.52,0.06,5.5,82.9,42.5871,0.049301127,41.3202,0.730666639,1.2203
19/05/2021,-4.4273,0.943846391,2.48,0.06,5.5,82.9,42.4543,0.100585799,38.027,1.04443219,1.2216
20/05/2021,1.7315,0.760319677,2.41,0.06,5.5,82.9,32.9577,0.083592722,34.6892,0.843912399,1.2225
21/05/2021,1.649,0.436920477,2.43,0.06,5.5,82.9,30.7205,0.072681535,32.3695,0.509602011,1.2178
22/05/2021,3.3637,0.495870508,2.521818182,0.06,5.5,82.9,28.4376,0.038685117,31.8013,0.534555625,1.220633333
23/05/2021,-0.6376,0.543166518,2.521818182,0.06,5.5,82.9,33.1758,0.061426837,32.5382,0.604593355,1.220311111
24/05/2021,-2.2387,0.489151432,2.44,0.06,5.5,82.9,47.9745,0.070116727,45.7358,0.559268159,1.221
25/05/2021,-1.1864,0.599597206,2.42,0.06,5.5,82.9,26.0459,0.086241304,24.8595,0.68583851,1.2233
26/05/2021,-1.7252,0.926745823,2.4,0.06,5.5,82.9,32.6081,0.054598837,30.8829,0.98134466,1.2204
27/05/2021,2.8024,0.811885406,2.42,0.06,5.5,82.9,34.2382,0.04300227,37.0406,0.854887676,1.2194
28/05/2021,-8.5947,0.799369543,2.42,0.05,5.5,82.9,45.8785,0.11793136,37.2838,0.917300903,1.2194
29/05/2021,-1.1269,1.036579416,2.521818182,0.05,5.5,82.9,25.9008,0.032391139,24.7739,1.068970555,1.219733333
30/05/2021,-3.8877,0.52687501,2.521818182,0.05,5.5,82.9,27.2489,0.060043561,23.3612,0.586918571,1.219511111
31/05/2021,4.7835,0.39014316,2.521818182,0.05,5.5,82.9,29.0183,0.088849881,33.8018,0.478993041,1.219548148
01/06/2021,5.0591,0.553080217,2.46,0.06,6.1,82.9,43.7031,0.061683548,48.7622,0.614763765,1.2241
02/06/2021,-1.3814,0.679584922,2.44,0.06,6.1,82.9,15.6489,0.05238175,14.2675,0.731966672,1.2213
03/06/2021,3.9499,0.549937204,2.42,0.06,6.1,82.9,33.4522,0.050232699,37.4021,0.600169903,1.2122
04/06/2021,6.9923,0.606094958,2.4,0.06,6.1,82.9,31.654,0.07716449,38.6463,0.683259448,1.2173
05/06/2021,9.6939,0.533063969,2.521818182,0.06,6.1,82.9,26.3617,0.048020373,36.0556,0.581084342,1.216933333
06/06/2021,4.9467,0.639771718,2.521818182,0.06,6.1,82.9,26.0085,0.042442558,30.9552,0.682214276,1.215477778
07/06/2021,5.0532,0.546844359,2.39,0.06,6.1,82.9,30.2578,0.034306985,35.311,0.581151343,1.22
08/06/2021,3.6029,0.794362361,2.36,0.06,6.1,82.9,28.6435,0.095292804,32.2464,0.889655165,1.218
09/06/2021,6.538,0.861334722,2.32,0.06,6.1,82.9,39.2445,0.079781442,45.7825,0.941116164,1.2184
10/06/2021,9.4374,1.834090987,2.35,0.06,6.1,82.9,38.5215,0.130043596,47.9589,1.964134583,1.2173
11/06/2021,4.6206,1.5115093,2.32,0.06,6.1,82.9,50.3721,0.080968843,54.9927,1.592478142,1.2101
12/06/2021,2.9885,1.120022721,2.521818182,0.06,6.1,85.5,36.1081,0.048317494,39.0966,1.168340215,1.215266667
13/06/2021,-0.4162,0.51839522,2.521818182,0.06,6.1,85.5,18.0959,0.070510205,17.6797,0.588905425,1.214222222
14/06/2021,4.4346,0.955166845,2.36,0.06,6.1,85.5,42.83,0.078968065,47.2646,1.034134909,1.2126
15/06/2021,-6.6988,1.378907716,2.38,0.06,6.1,85.5,28.4736,0.056836264,21.7748,1.43574398,1.212
16/06/2021,1.0742,1.244029543,2.32,0.06,6.1,85.5,45.6481,0.073600852,46.7223,1.317630395,1.2119
17/06/2021,7.3989,1.131528874,2.27,0.1,6.1,85.5,51.0408,0.11158958,58.4397,1.243118454,1.1911
18/06/2021,7.0776,0.592070345,2.24,0.1,6.1,85.5,35.8111,0.049774106,42.8887,0.641844451,1.1872
19/06/2021,-4.8968,0.547819453,2.521818182,0.1,6.1,85.5,33.7863,0.057164866,28.8895,0.604984319,1.196733333
20/06/2021,4.9178,0.507243419,2.521818182,0.1,6.1,85.5,45.6601,0.06047711,50.5779,0.567720529,1.191677778
21/06/2021,1.08,0.573856175,2.25,0.1,6.1,85.5,25.545,0.066387878,26.625,0.640244053,1.1909
22/06/2021,0.8894,0.927149309,2.31,0.1,6.1,85.5,32.5438,0.068594799,33.4332,0.995744108,1.191
23/06/2021,-2.7839,0.47809912,2.34,0.1,6.1,85.5,36.9862,0.061354474,34.2023,0.539453594,1.195
24/06/2021,5.0281,0.60172841,2.3,0.1,6.1,85.5,30.0699,0.048487148,35.098,0.650215559,1.1927
25/06/2021,-0.5048,0.678275204,2.34,0.1,6.1,85.5,36.7575,0.046125582,36.2527,0.724400786,1.194
26/06/2021,-0.6269,0.51087038,2.521818182,0.1,6.1,85.5,15.5902,0.037601374,14.9633,0.548471754,1.1939
27/06/2021,5.9686,0.514077548,2.521818182,0.1,6.1,85.5,30.7821,0.023662802,36.7507,0.53774035,1.193533333
28/06/2021,0.2747,0.60901703,2.33,0.1,6.1,85.5,32.608,0.064155295,32.8827,0.673172326,1.1938
29/06/2021,0.9909,0.619904537,2.32,0.1,6.1,85.5,43.2007,0.080573548,44.1916,0.700478085,1.1905
30/06/2021,-1.9588,0.588809701,2.32,0.08,6.1,85.5,27.475,0.037136971,25.5162,0.625946672,1.1848
01/07/2021,-4.2748,0.968551721,2.35,0.1,5.7,85.5,21.7464,0.032737295,17.4716,1.001289016,1.1857
02/07/2021,3.072,0.785346771,2.33,0.1,5.7,85.5,19.0417,0.027966256,22.1137,0.813313027,1.1848
03/07/2021,3.9403,0.503924792,2.521818182,0.1,5.7,85.5,8.4884,0.026872231,12.4287,0.530797023,1.1851
04/07/2021,5.4561,0.375030819,2.521818182,0.1,5.7,85.5,25.1701,0.031645041,30.6262,0.40667586,1.1852
05/07/2021,-2.2242,0.264690601,2.521818182,0.1,5.7,85.5,28.8656,0.051268115,26.6414,0.315958716,1.185033333
06/07/2021,3.2142,0.3587411,2.31,0.1,5.7,85.5,35.015,0.043810254,38.2292,0.402551353,1.1816
07/07/2021,-1.939,0.796139954,2.28,0.1,5.7,85.5,27.0445,0.037893145,25.1055,0.834033099,1.1803
08/07/2021,4.2339,0.812145107,2.22,0.1,5.7,85.5,28.753,0.048053834,32.9869,0.860198941,1.184
09/07/2021,3.2842,0.779986514,2.28,0.1,5.7,85.5,23.0582,0.024600047,26.3424,0.804586561,1.1861
10/07/2021,8.2248,0.389870722,2.521818182,0.1,5.7,85.5,19.3658,0.037162292,27.5906,0.427033014,1.183466667
11/07/2021,2.5121,0.447207857,2.521818182,0.1,5.7,85.5,22.8466,0.03021784,25.3587,0.477425697,1.184522222
12/07/2021,7.3716,0.561018667,2.33,0.1,5.7,81.2,34.9091,0.0639857,42.2807,0.625004367,1.1858
13/07/2021,9.2684,2.239128967,2.36,0.1,5.7,81.2,40.9086,0.098810396,50.177,2.337939362,1.1813
14/07/2021,0.7494,2.172110963,2.34,0.1,5.7,81.2,48.6825,0.107785805,49.4319,2.279896768,1.1826
15/07/2021,-0.5035,1.41954312,2.32,0.1,5.7,81.2,30.2621,0.091597445,29.7586,1.511140565,1.1806
16/07/2021,2.2158,1.156012777,2.33,0.1,5.7,81.2,38.1984,0.05831459,40.4142,1.214327367,1.181
17/07/2021,-5.6131,0.738543193,2.521818182,0.1,5.7,81.2,25.6283,0.042936014,20.0152,0.781479207,1.1814
18/07/2021,1.12,0.828779735,2.521818182,0.1,5.7,81.2,23.6783,0.024099983,24.7983,0.852879718,1.181
19/07/2021,0.4377,1.215268585,2.24,0.1,5.7,81.2,29.0865,0.063258517,29.5242,1.278527102,1.1804
20/07/2021,0.1906,0.931829395,2.26,0.1,5.7,81.2,33.9615,0.058808725,34.1521,0.99063812,1.1776
21/07/2021,5.8555,0.756481031,2.28,0.1,5.7,81.2,10.4056,0.06961391,16.2611,0.826094941,1.1799
22/07/2021,-3.5198,1.167842636,2.28,0.1,5.7,81.2,27.7917,0.03653621,24.2719,1.204378846,1.1771
23/07/2021,-6.337,0.946552301,2.35,0.1,5.7,81.2,32.2044,0.047582476,25.8674,0.994134778,1.1761
24/07/2021,-5.52,0.677533876,2.521818182,0.1,5.7,81.2,23.1521,0.041995213,17.6321,0.719529089,1.1777
25/07/2021,-1.7958,0.729218228,2.521818182,0.1,5.7,81.2,25.7456,0.040124282,23.9498,0.76934251,1.176966667
26/07/2021,4.6728,0.650802134,2.4,0.1,5.7,81.2,30.2289,0.027797905,34.9017,0.678600039,1.181
27/07/2021,-0.4449,0.7386328,2.38,0.1,5.7,81.2,35.563,0.033144876,35.1181,0.771777676,1.1831
28/07/2021,-7.9894,0.940067927,2.41,0.1,5.7,81.2,22.965,0.05196058,14.9756,0.992028508,1.1809
29/07/2021,-1.2886,1.132248738,2.43,0.1,5.7,81.2,26.6442,0.070502566,25.3556,1.202751304,1.1886
30/07/2021,-0.4189,0.759450193,2.4,0.07,5.7,81.2,24.1317,0.04549514,23.7128,0.804945333,1.1864
31/07/2021,-8.5583,0.628462381,2.521818182,0.07,5.7,81.2,21.9115,0.056672358,13.3532,0.685134739,1.1853
01/08/2021,2.0633,0.60870144,2.521818182,0.07,5.3,81.2,34.4963,0.052982168,36.5596,0.661683608,1.186766667
02/08/2021,0.4009,0.707921379,2.37,0.1,5.3,81.2,22.2269,0.040528816,22.6278,0.748450194,1.1873
03/08/2021,-4.5004,0.630258717,2.38,0.1,5.3,81.2,22.1735,0.044182074,17.6731,0.674440791,1.1859
04/08/2021,-3.6117,0.784584618,2.35,0.1,5.3,81.2,18.9618,0.027877579,15.3501,0.812462197,1.1841
05/08/2021,-4.0298,0.623867504,2.33,0.1,5.3,81.2,35.194,0.050739728,31.1642,0.674607232,1.1838
06/08/2021,-2.5077,0.596515445,2.37,0.1,5.3,81.2,25.8677,0.032166218,23.36,0.628681664,1.1761
07/08/2021,-5.1371,0.587572459,2.521818182,0.1,5.3,81.2,25.932,0.059638658,20.7949,0.647211117,1.181333333
08/08/2021,-4.0354,0.662753313,2.521818182,0.1,5.3,81.2,19.4869,0.020738091,15.4515,0.683491404,1.180411111
09/08/2021,-2.7959,0.465672273,2.37,0.1,5.3,81.2,13.0144,0.051577644,10.2185,0.517249917,1.1749
10/08/2021,-0.8226,0.767958967,2.4,0.1,5.3,81.2,31.2761,0.05790513,30.4535,0.825864097,1.1722
11/08/2021,1.1861,1.759806422,2.42,0.1,5.3,81.2,26.2922,0.052836411,27.4783,1.812642833,1.1737
12/08/2021,-5.6374,1.428036603,2.41,0.1,5.3,70.3,32.4724,0.064439906,26.835,1.492476508,1.1736
13/08/2021,-9.6433,1.301096477,2.37,0.1,5.3,70.3,23.002,0.033472498,13.3587,1.334568975,1.1796
14/08/2021,-12.9862,0.980930308,2.521818182,0.1,5.3,70.3,18.5579,0.0414497,5.5717,1.022380008,1.175633333
15/08/2021,-20.1367,1.030595873,2.521818182,0.1,5.3,70.3,9.8026,0.018985011,-10.3341,1.049580884,1.176277778
16/08/2021,-29.574,0.944756837,2.36,0.1,5.3,70.3,20.3938,0.056522866,-9.1802,1.001279703,1.1776
17/08/2021,-11.3777,0.740497239,2.33,0.1,5.3,70.3,30.3882,0.047086231,19.0105,0.787583471,1.1714
18/08/2021,-0.4264,0.713003898,2.32,0.09,5.3,70.3,28.2945,0.03198311,27.8681,0.744987007,1.1702
19/08/2021,-20.6738,0.733984937,2.28,0.09,5.3,70.3,15.9841,0.032983824,-4.6897,0.766968761,1.1693
20/08/2021,-6.5032,0.541702777,2.27,0.09,5.3,70.3,20.5209,0.027261474,14.0177,0.568964251,1.169
21/08/2021,-11.119,0.486124806,2.521818182,0.09,5.3,70.3,22.5325,0.022252498,11.4135,0.508377304,1.1695
22/08/2021,-5.058,0.557332739,2.521818182,0.09,5.3,70.3,21.3398,0.03792637,16.2818,0.595259109,1.169266667
23/08/2021,-8.0373,0.473151849,2.27,0.09,5.3,70.3,30.9309,0.04047729,22.8936,0.513629139,1.1732
24/08/2021,-4.2975,0.440210882,2.3,0.09,5.3,70.3,14.3824,0.038492241,10.0849,0.478703123,1.1746
25/08/2021,-8.7923,0.639954244,2.35,0.09,5.3,70.3,20.8021,0.063063903,12.0098,0.703018147,1.1758
26/08/2021,-7.3415,0.486069103,2.33,0.09,5.3,70.3,10.2593,0.0246688,2.9178,0.510737903,1.1761
27/08/2021,-4.125,0.648866425,2.39,0.08,5.3,70.3,3.949,0.036859871,-0.176,0.685726296,1.1794
28/08/2021,-10.0309,0.581293326,2.521818182,0.08,5.3,70.3,23.8237,0.041509379,13.7928,0.622802705,1.1771
29/08/2021,-6.7851,0.333445592,2.521818182,0.08,5.3,70.3,22.0157,0.031591761,15.2306,0.365037353,1.177533333
30/08/2021,-1.4711,0.305964407,2.37,0.08,5.3,70.3,26.9714,0.033924667,25.5003,0.339889074,1.1795
31/08/2021,-2.3575,0.415192381,2.33,0.06,5.3,70.3,11.8708,0.039385719,9.5133,0.454578099,1.18
01/09/2021,-0.0237,0.394231439,2.34,0.08,4.6,70.3,26.7018,0.036110001,26.6781,0.43034144,1.185
02/09/2021,2.639,0.54861075,2.32,0.08,4.6,70.3,26.1963,0.040780074,28.8353,0.589390824,1.1858
03/09/2021,-7.1448,0.813178808,2.34,0.08,4.6,70.3,21.9991,0.019663274,14.8543,0.832842083,1.1884
04/09/2021,-1.4596,0.426788526,2.521818182,0.08,4.6,70.3,15.2954,0.038030913,13.8358,0.464819439,1.1864
05/09/2021,-0.826,0.41765233,2.521818182,0.08,4.6,70.3,10.9373,0.023949509,10.1113,0.441601839,1.186866667
06/09/2021,-4.9872,0.336621063,2.521818182,0.08,4.6,70.3,26.0014,0.051105465,21.0142,0.387726528,1.187222222
07/09/2021,-3.3599,0.618687968,2.36,0.08,4.6,70.3,19.2736,0.056407747,15.9137,0.675095715,1.1849
08/09/2021,-4.3944,0.76442807,2.38,0.08,4.6,70.3,27.419,0.038406994,23.0246,0.802835064,1.1818
09/09/2021,-4.5431,0.905560021,2.38,0.08,4.6,70.3,12.9206,0.035302322,8.3775,0.940862343,1.1827
10/09/2021,-5.7002,0.758244417,2.4,0.08,4.6,70.3,26.528,0.125284638,20.8278,0.883529055,1.1821
11/09/2021,-7.0895,0.421579911,2.521818182,0.08,4.6,70.3,17.5272,0.02382804,10.4377,0.445407951,1.1822
12/09/2021,-2.5752,0.37467459,2.521818182,0.08,4.6,72.8,16.9655,0.028652099,14.3903,0.403326689,1.182333333
13/09/2021,4.0924,0.709210142,2.37,0.08,4.6,72.8,35.2336,0.040684405,39.326,0.749894547,1.1809
14/09/2021,4.1741,1.331725599,2.33,0.08,4.6,72.8,27.5184,0.05830687,31.6925,1.390032469,1.1824
15/09/2021,-4.4364,1.102805969,2.35,0.08,4.6,72.8,30.5569,0.064964916,26.1205,1.167770885,1.1811
16/09/2021,8.6519,0.635311433,2.35,0.08,4.6,72.8,5.3562,0.047744698,14.0081,0.683056131,1.1764
17/09/2021,-7.6106,0.72727806,2.33,0.08,4.6,72.8,13.3445,0.024684619,5.7339,0.751962679,1.1734
18/09/2021,-6.8218,0.503462196,2.521818182,0.08,4.6,72.8,18.4045,0.035516226,11.5827,0.538978423,1.176966667
19/09/2021,-4.4844,0.459770423,2.521818182,0.08,4.6,72.8,7.3869,0.036465835,2.9025,0.496236258,1.175588889
20/09/2021,-6.1296,0.763730391,2.29,0.08,4.6,72.8,16.3987,0.045730003,10.2691,0.809460394,1.1729
21/09/2021,-1.2319,0.811289798,2.29,0.08,4.6,72.8,23.7108,0.053412916,22.4789,0.864702714,1.1724
22/09/2021,-10.0026,0.687646482,2.28,0.08,4.6,72.8,19.9691,0.034433232,9.9665,0.722079713,1.1739
23/09/2021,-10.4794,0.845839415,2.31,0.08,4.6,72.8,11.3942,0.041814794,0.9148,0.887654208,1.1735
24/09/2021,2.7964,0.560345035,2.34,0.08,4.6,72.8,15.6796,0.022697076,18.476,0.583042111,1.1715
25/09/2021,-13.1403,0.561629433,2.521818182,0.08,4.6,72.8,19.8292,0.030658812,6.6889,0.592288245,1.172966667
26/09/2021,-6.4759,0.496333583,2.521818182,0.08,4.6,72.8,19.2796,0.020134709,12.8037,0.516468291,1.172655556
27/09/2021,-13.2443,0.84087252,2.35,0.08,4.6,72.8,26.9447,0.04086892,13.7004,0.88174144,1.1702
28/09/2021,0.8441,1.067942234,2.38,0.08,4.6,72.8,35.0612,0.042972939,35.9053,1.110915173,1.1681
29/09/2021,-3.8626,1.351200863,2.37,0.08,4.6,72.8,24.6008,0.036057948,20.7382,1.387258812,1.1612
30/09/2021,-7.2801,1.590143853,2.37,0.06,4.6,72.8,19.6989,0.043679173,12.4188,1.633823027,1.1577
01/10/2021,0.7179,1.354931824,2.38,0.08,4.3,72.8,30.7872,0.057859859,31.5051,1.412791683,1.1598
02/10/2021,-3.9057,0.791930624,2.521818182,0.08,4.3,72.8,9.1263,0.027634459,5.2206,0.819565083,1.159566667
03/10/2021,-10.257,0.681009077,2.521818182,0.08,4.3,72.8,14.1572,0.032039782,3.9002,0.713048859,1.159022222
04/10/2021,-5.524,0.915138841,2.38,0.08,4.3,72.8,40.24,0.037235189,34.716,0.95237403,1.1622
05/10/2021,2.1654,0.849584217,2.45,0.08,4.3,72.8,21.3388,0.04226111,23.5042,0.891845327,1.1609
06/10/2021,-9.5996,0.795414561,2.43,0.08,4.3,72.8,18.2192,0.044490198,8.6196,0.83990476,1.1546
07/10/2021,-11.3201,0.899182197,2.46,0.08,4.3,72.8,25.4139,0.036383189,14.0938,0.935565386,1.1561
08/10/2021,-3.8874,1.14146531,2.5,0.08,4.3,72.8,23.4565,0.058351497,19.5691,1.199816807,1.1572
09/10/2021,-1.5835,1.185424467,2.521818182,0.08,4.3,72.8,15.5374,0.024911062,13.9539,1.21033553,1.155966667
10/10/2021,-8.7746,0.644336295,2.521818182,0.08,4.3,72.8,19.237,0.03931488,10.4624,0.683651175,1.156422222
11/10/2021,-9.7742,0.663827854,2.521818182,0.08,4.3,72.8,27.3263,0.04133771,17.5521,0.705165564,1.15652963
12/10/2021,-3.2811,0.768207636,2.49,0.08,4.3,71.7,51.9862,0.070028888,48.7051,0.838236523,1.1541
13/10/2021,0.7809,2.632585133,2.52,0.08,4.3,71.7,35.6518,0.090977928,36.4327,2.723563061,1.1568
14/10/2021,-14.1009,2.461971597,2.52,0.08,4.3,71.7,30.924,0.06507586,16.8231,2.527047457,1.1591
15/10/2021,-18.1362,1.769514354,2.56,0.08,4.3,71.7,35.0922,0.088632015,16.956,1.85814637,1.1594
16/10/2021,-3.6284,1.663031174,2.521818182,0.08,4.3,71.7,15.0034,0.06198714,11.375,1.725018314,1.158433333
17/10/2021,-4.4717,1.25815561,2.521818182,0.08,4.3,71.7,19.1083,0.032750094,14.6366,1.290905704,1.158977778
18/10/2021,-16.9531,1.29559237,2.54,0.08,4.3,71.7,33.743,0.077279791,16.7899,1.372872162,1.1609
19/10/2021,2.8939,1.310393886,2.54,0.08,4.3,71.7,33.5316,0.057521582,36.4255,1.367915468,1.1632
20/10/2021,-5.3851,1.288942883,2.57,0.08,4.3,71.7,24.3679,0.055132567,18.9828,1.34407545,1.1643
21/10/2021,3.7141,1.409329355,2.64,0.08,4.3,71.7,28.6177,0.042536336,32.3318,1.451865692,1.1643
22/10/2021,-3.4029,1.271069818,2.64,0.08,4.3,71.7,31.5322,0.050651834,28.1293,1.321721652,1.1632
23/10/2021,11.1942,1.373722282,2.521818182,0.08,4.3,71.7,13.1954,0.037088123,24.3896,1.410810405,1.163933333
24/10/2021,-6.5586,1.418568574,2.521818182,0.08,4.3,71.7,7.9134,0.041995346,1.3548,1.46056392,1.163811111
25/10/2021,10.2402,1.603861537,2.66,0.08,4.3,71.7,34.1166,0.072310333,44.3568,1.67617187,1.1609
26/10/2021,-1.9887,1.616856085,2.69,0.08,4.3,71.7,29.9669,0.049750717,27.9782,1.666606801,1.159
27/10/2021,11.9961,1.430299504,2.65,0.08,4.3,71.7,48.6581,0.087790189,60.6542,1.518089693,1.16
28/10/2021,2.5495,1.342155113,2.57,0.08,4.3,71.7,37.9517,0.051941084,40.5012,1.394096198,1.1685
29/10/2021,-3.5958,1.234919308,2.51,0.07,4.3,71.7,29.6883,0.057084281,26.0925,1.292003588,1.1552
30/10/2021,-3.0376,0.902790252,2.521818182,0.07,4.3,71.7,31.0326,0.039260093,27.995,0.942050345,1.161233333
31/10/2021,-1.0258,0.92812229,2.521818182,0.07,4.3,71.7,27.2059,0.038832565,26.1801,0.966954855,1.161644444
01/11/2021,-0.1175,0.992824981,2.5,0.08,3.9,71.7,25.9083,0.053217488,25.7908,1.046042469,1.1591
02/11/2021,3.3688,1.264584297,2.51,0.08,3.9,71.7,32.41,0.051696071,35.7788,1.316280368,1.1581
03/11/2021,-2.5847,1.319345924,2.53,0.08,3.9,71.7,36.625,0.054573012,34.0403,1.373918936,1.1584
04/11/2021,2.8496,2.033546219,2.56,0.08,3.9,71.7,19.395,0.046948201,22.2446,2.08049442,1.1546
05/11/2021,-10.5785,1.794918271,2.54,0.08,3.9,71.7,35.5228,0.056576895,24.9443,1.851495165,1.1554
06/11/2021,-11.8575,1.69565261,2.521818182,0.08,3.9,71.7,32.3673,0.035115915,20.5098,1.730768525,1.156133333
07/11/2021,-0.9265,1.239714657,2.521818182,0.08,3.9,71.7,30.2029,0.045904464,29.2764,1.285619121,1.155377778
08/11/2021,-8.9304,1.252320328,2.62,0.08,3.9,71.7,20.4519,0.039304956,11.5215,1.291625284,1.159
09/11/2021,2.9848,1.351200812,2.63,0.08,3.9,71.7,43.6203,0.055811648,46.6051,1.407012461,1.1589
10/11/2021,12.5621,5.98454326,2.7,0.08,3.9,71.7,50.0276,0.205345937,62.5897,6.189889197,1.1517
11/11/2021,-20.6267,4.966012165,2.521818182,0.08,3.9,71.7,48.3922,0.151552801,27.7655,5.117564966,1.156533333
12/11/2021,4.1407,3.655564515,2.73,0.08,3.9,67.4,38.911,0.10065335,43.0517,3.756217865,1.1443
13/11/2021,-2.6729,2.070163416,2.521818182,0.08,3.9,67.4,30.1467,0.077421259,27.4738,2.147584674,1.150844444
14/11/2021,9.2372,2.859696546,2.521818182,0.08,3.9,67.4,9.6016,0.038973671,18.8388,2.898670217,1.150559259
15/11/2021,-28.188,4.551309035,2.76,0.08,3.9,67.4,50.7624,0.077759196,22.5744,4.629068231,1.1421
16/11/2021,-7.3698,3.285499235,2.73,0.08,3.9,67.4,24.8768,0.091276321,17.507,3.376775556,1.1333
17/11/2021,-14.4283,2.965482259,2.7,0.08,3.9,67.4,42.34,0.097725705,27.9117,3.063207965,1.1322
18/11/2021,-0.7194,2.732910574,2.73,0.08,3.9,67.4,37.1501,0.055390955,36.4307,2.788301528,1.1358
19/11/2021,2.2804,2.727758666,2.65,0.08,3.9,67.4,36.7439,0.090189994,39.0243,2.81794866,1.1318
20/11/2021,4.9391,1.881382631,2.521818182,0.08,3.9,67.4,25.9833,0.061927253,30.9224,1.943309884,1.133266667
21/11/2021,-4.5727,1.774159462,2.521818182,0.08,3.9,67.4,28.4526,0.050433638,23.8799,1.8245931,1.133622222
22/11/2021,11.6684,1.436823703,2.61,0.08,3.9,67.4,42.0126,0.096635785,53.681,1.533459488,1.126
23/11/2021,0.9896,3.118516682,2.62,0.08,3.9,67.4,42.9025,0.08853371,43.8921,3.207050392,1.1265
24/11/2021,-7.2416,2.899863507,2.61,0.08,3.9,67.4,34.736,0.083200177,27.4944,2.983063684,1.1196
25/11/2021,-4.863,2.218561528,2.521818182,0.08,3.9,67.4,22.91,0.060294281,18.047,2.278855809,1.124033333
26/11/2021,-9.2741,1.592909632,2.55,0.08,3.9,67.4,21.3501,0.055814053,12.076,1.648723685,1.1302
27/11/2021,-15.6048,1.430672759,2.521818182,0.08,3.9,67.4,21.9129,0.035053205,6.3081,1.465725965,1.124611111
28/11/2021,5.617,1.289409279,2.521818182,0.08,3.9,67.4,17.9417,0.03601599,23.5587,1.325425269,1.126281481
29/11/2021,0.1369,1.297967821,2.54,0.08,3.9,67.4,35.8262,0.055309941,35.9631,1.353277762,1.1261
30/11/2021,-2.7504,2.085631188,2.5,0.07,3.9,67.4,34.8109,0.073260612,32.0605,2.1588918,1.1287
01/12/2021,-8.2436,1.548492395,2.44,0.08,3.7,67.4,41.0339,0.118820363,32.7903,1.667312757,1.1323
02/12/2021,-1.3651,1.521203185,2.47,0.08,3.7,67.4,42.7241,0.085483045,41.359,1.60668623,1.1306
03/12/2021,8.5649,1.458656957,2.43,0.08,3.7,67.4,29.7879,0.058367152,38.3528,1.517024109,1.1308
04/12/2021,-5.5059,1.098102146,2.521818182,0.08,3.7,67.4,23.3343,0.060496429,17.8284,1.158598576,1.131233333
05/12/2021,-3.9395,0.878254716,2.521818182,0.08,3.7,67.4,24.414,0.048118229,20.4745,0.926372945,1.130877778
06/12/2021,3.1199,0.753868155,2.44,0.08,3.7,67.4,22.1779,0.059032306,25.2978,0.81290046,1.1282
07/12/2021,-2.7325,0.924459208,2.47,0.08,3.7,67.4,24.4453,0.044858483,21.7128,0.969317691,1.1247
08/12/2021,-1.1387,1.477294099,2.52,0.08,3.7,67.4,21.6415,0.076281785,20.5028,1.553575884,1.133
09/12/2021,3.5458,1.719149212,2.47,0.08,3.7,67.4,29.1023,0.067965586,32.6481,1.787114798,1.1285
10/12/2021,-3.5772,5.466367496,2.44,0.08,3.7,67.4,47.3895,0.152986387,43.8123,5.619353882,1.1312
11/12/2021,-7.2005,3.752055259,2.521818182,0.08,3.7,67.4,14.525,0.052094417,7.3245,3.804149676,1.1309
12/12/2021,-7.735,1.980915444,2.521818182,0.08,3.7,70.6,17.3708,0.058106622,9.6358,2.039022067,1.1302
13/12/2021,-14.6563,2.186032943,2.4,0.08,3.7,70.6,34.9636,0.096427253,20.3073,2.282460196,1.1298
14/12/2021,-17.0474,2.581026397,2.37,0.08,3.7,70.6,26.5447,0.069329765,9.4973,2.650356162,1.1267
15/12/2021,-13.1318,3.123610753,2.39,0.08,3.7,70.6,36.2437,0.116848097,23.1119,3.24045885,1.1261
16/12/2021,-6.0788,2.112280565,2.42,0.08,3.7,70.6,33.0736,0.112402963,26.9948,2.224683529,1.1309
17/12/2021,-10.1995,2.300028665,2.38,0.08,3.7,70.6,30.2042,0.068016537,20.0047,2.368045202,1.1277
18/12/2021,-12.1587,1.546757796,2.521818182,0.08,3.7,70.6,27.6538,0.075545005,15.4951,1.6223028,1.128233333
19/12/2021,-3.6331,1.770326152,2.521818182,0.08,3.7,70.6,19.3645,0.060200554,15.7314,1.830526706,1.128944444
20/12/2021,-1.6748,1.850092992,2.39,0.08,3.7,70.6,29.7634,0.052055086,28.0886,1.902148078,1.1298
21/12/2021,-11.6162,1.423501509,2.44,0.08,3.7,70.6,24.1714,0.063038973,12.5552,1.486540482,1.1272
22/12/2021,-12.3638,1.454141037,2.47,0.08,3.7,70.6,32.8285,0.059303894,20.4647,1.513444931,1.1324
23/12/2021,-4.6006,1.183809406,2.47,0.08,3.7,70.6,34.3003,0.070873961,29.6997,1.254683367,1.132
24/12/2021,-2.1584,1.048757335,2.521818182,0.08,3.7,70.6,22.5258,0.048905198,20.3674,1.097662533,1.130533333
25/12/2021,-4.8745,0.636229389,2.521818182,0.08,3.7,70.6,10.4415,0.021286774,5.567,0.657516163,1.131644444
26/12/2021,1.4156,0.698634711,2.521818182,0.08,3.7,70.6,27.0624,0.04166027,28.478,0.740294981,1.131392593
27/12/2021,4.5866,1.30908479,2.5,0.08,3.7,70.6,30.9969,0.059420885,35.5835,1.368505675,1.1329
28/12/2021,-5.8251,1.195821794,2.5,0.08,3.7,70.6,29.3649,0.054866154,23.5398,1.250687948,1.1314
29/12/2021,3.1494,1.454537678,2.53,0.08,3.7,70.6,34.7224,0.051347136,37.8718,1.505884814,1.1337
30/12/2021,-2.771,1.807684839,2.58,0.08,3.7,70.6,31.6055,0.060919761,28.8345,1.8686046,1.1318
31/12/2021,4.5368,0.968145025,2.56,0.07,3.7,70.6,20.7563,0.041889408,25.2931,1.010034433,1.1323
01/01/2022,-2.3183,0.830735484,2.521818182,0.07,4.4,70.6,13.1581,0.05612406,10.8398,0.886859545,1.1326
02/01/2022,-1.9309,0.920335216,2.521818182,0.07,4.4,70.6,20.5836,0.06575606,18.6527,0.986091276,1.132233333
03/01/2022,-6.5754,0.824336537,2.6,0.08,4.4,70.6,24.8588,0.030667922,18.2834,0.85500446,1.129
04/01/2022,-10.5963,1.312934797,2.57,0.08,4.4,70.6,24.3608,0.059697961,13.7645,1.372632758,1.1296
05/01/2022,-14.7429,1.234112992,2.53,0.08,4.4,70.6,36.5909,0.092883807,21.848,1.326996799,1.1335
06/01/2022,-4.2875,1.262691457,2.46,0.08,4.4,70.6,43.6292,0.085556265,39.3417,1.348247722,1.1307
07/01/2022,-6.3782,0.573706927,2.48,0.08,4.4,70.6,31.6289,0.078145571,25.2507,0.651852497,1.1358
08/01/2022,-5.7217,0.54509028,2.521818182,0.08,4.4,70.6,14.0366,0.074227106,8.3149,0.619317386,1.133333333
09/01/2022,-11.0039,0.561603117,2.521818182,0.08,4.4,70.6,23.9628,0.055188657,12.9589,0.616791774,1.133277778
10/01/2022,-3.803,0.663718499,2.48,0.08,4.4,70.6,29.6175,0.064442754,25.8145,0.728161253,1.1328
11/01/2022,8.1088,0.762071011,2.54,0.08,4.4,70.6,36.8075,0.053111846,44.9163,0.815182857,1.1363
12/01/2022,-5.8889,2.636058831,2.48,0.08,4.4,67.2,32.7717,0.096740018,26.8828,2.732798849,1.1431
13/01/2022,-3.6963,2.386591796,2.43,0.08,4.4,67.2,38.8927,0.113729736,35.1964,2.500321532,1.1464
14/01/2022,8.0864,1.537164087,2.44,0.08,4.4,67.2,27.7818,0.109575924,35.8682,1.64674001,1.1414
15/01/2022,-9.8251,1.07583598,2.521818182,0.08,4.4,67.2,40.7535,0.056748458,30.9284,1.132584438,1.143633333
16/01/2022,1.9344,0.944812984,2.521818182,0.08,4.4,67.2,24.388,0.043635293,26.3224,0.988448277,1.143811111
17/01/2022,2.3636,0.805326295,2.521818182,0.08,4.4,67.2,28.6228,0.06039627,30.9864,0.865722565,1.142948148
18/01/2022,-8.2926,1.226198935,2.46,0.08,4.4,67.2,35.235,0.055889812,26.9424,1.282088746,1.1336
19/01/2022,6.1488,1.165142689,2.4,0.08,4.4,67.2,32.5224,0.07398637,38.6712,1.239129059,1.1346
20/01/2022,-27.9423,1.409037142,2.33,0.08,4.4,67.2,24.935,0.051176025,-3.0073,1.460213167,1.1336
21/01/2022,-1.2602,1.255626709,2.34,0.08,4.4,67.2,18.0993,0.074140448,16.8391,1.329767157,1.1346
22/01/2022,5.6721,0.902926878,2.521818182,0.08,4.4,67.2,41.6926,0.087504738,47.3647,0.990431616,1.134266667
23/01/2022,-11.9805,0.66702108,2.521818182,0.08,4.4,67.2,16.1859,0.08883999,4.2054,0.755861071,1.134155556
24/01/2022,-28.8031,1.442803726,2.38,0.08,4.4,67.2,28.0691,0.096082111,-0.734,1.538885837,1.131
25/01/2022,-27.6198,2.173658092,2.41,0.08,4.4,67.2,18.6384,0.110732412,-8.9814,2.284390504,1.1283
26/01/2022,-6.0939,1.389835537,2.38,0.08,4.4,67.2,46.4247,0.082812813,40.3308,1.47264835,1.1279
27/01/2022,2.9131,1.392709442,2.4,0.08,4.4,67.2,53.0273,0.167659605,55.9404,1.560369047,1.1141
28/01/2022,4.0352,1.528999257,2.44,0.08,4.4,67.2,26.4142,0.101165562,30.4494,1.630164819,1.116
29/01/2022,5.3381,0.775117188,2.521818182,0.08,4.4,67.2,32.1018,0.079341223,37.4399,0.854458411,1.119333333
30/01/2022,3.0441,1.0327388,2.521818182,0.08,4.4,67.2,21.2123,0.055466291,24.2564,1.088205091,1.116477778
31/01/2022,-4.0626,0.884134056,2.44,0.08,4.4,67.2,28.1086,0.043826167,24.046,0.927960223,1.1212
01/02/2022,0.6512,0.881640501,2.43,0.08,4.1,67.2,26.252,0.044935006,26.9032,0.926575506,1.1239
02/02/2022,-3.0691,0.931778701,2.41,0.08,4.1,67.2,25.6707,0.052853257,22.6016,0.984631958,1.1299
03/02/2022,5.5116,1.007394171,2.38,0.08,4.1,67.2,35.3261,0.070962819,40.8377,1.07835699,1.1425
04/02/2022,-4.4804,1.066786772,2.41,0.08,4.1,67.2,23.8348,0.079399264,19.3544,1.146186037,1.1455
05/02/2022,-0.3982,1.139818568,2.521818182,0.08,4.1,67.2,20.8492,0.04205901,20.451,1.181877578,1.1393
06/02/2022,0.9391,0.777036771,2.521818182,0.08,4.1,67.2,28.0178,0.044923735,28.9569,0.821960506,1.142433333
07/02/2022,-4.1512,1.099942912,2.4,0.08,4.1,67.2,36.7847,0.091119554,32.6335,1.191062466,1.1434
08/02/2022,1.305,0.933995092,2.42,0.08,4.1,67.2,27.1298,0.059787446,28.4348,0.993782538,1.1416
09/02/2022,-3.9994,1.366200308,2.42,0.08,4.1,67.2,28.9358,0.091342543,24.9364,1.45754285,1.1435
10/02/2022,-4.2401,4.834159577,2.45,0.08,4.1,67.2,43.9355,0.163018399,39.6954,4.997177976,1.1487
11/02/2022,-14.1902,4.342207389,2.43,0.08,4.1,67.2,37.5183,0.150323865,23.3281,4.492531254,1.1404
12/02/2022,-12.4357,2.095021285,2.521818182,0.08,4.1,62.8,18.5306,0.097644322,6.0949,2.192665607,1.1442
13/02/2022,-6.302,1.795407411,2.521818182,0.08,4.1,62.8,28.6476,0.087264222,22.3456,1.882671633,1.144433333
14/02/2022,11.7866,3.764457679,2.48,0.08,4.1,62.8,26.2336,0.08001715,38.0202,3.844474828,1.1306
15/02/2022,5.1616,1.990541598,2.48,0.08,4.1,62.8,35.6316,0.081360074,40.7932,2.071901672,1.1363
16/02/2022,-10.2177,2.973448996,2.46,0.08,4.1,62.8,22.4205,0.125545027,12.2028,3.098994023,1.1381
17/02/2022,-4.9054,2.883125885,2.43,0.08,4.1,62.8,40.2333,0.087275906,35.3279,2.970401791,1.1364
18/02/2022,-16.3665,2.149997548,2.41,0.08,4.1,62.8,18.2881,0.075567419,1.9216,2.225564967,1.1327
19/02/2022,2.3483,1.207655075,2.521818182,0.08,4.1,62.8,32.9595,0.060070151,35.3078,1.267725226,1.135733333
20/02/2022,-4.5513,1.595848195,2.521818182,0.08,4.1,62.8,14.0014,0.069933449,9.4501,1.665781643,1.134944444
21/02/2022,-7.7662,1.388072539,2.521818182,0.08,4.1,62.8,25.313,0.072225202,17.5468,1.46029774,1.134459259
22/02/2022,-19.4042,1.651608456,2.45,0.08,4.1,62.8,18.9569,0.066328409,-0.4473,1.717936865,1.1342
23/02/2022,-20.4175,2.247901264,2.53,0.08,4.1,62.8,22.5239,0.092882497,2.1064,2.340783761,1.1316
24/02/2022,-40.5618,2.360006013,2.55,0.08,4.1,62.8,5.534,0.081251103,-35.0278,2.441257115,1.1154
25/02/2022,-14.1695,1.402177967,2.54,0.08,4.1,62.8,12.4859,0.101454533,-1.6836,1.503632499,1.1261
26/02/2022,3.2866,1.116685422,2.521818182,0.08,4.1,62.8,7.2974,0.043848317,10.584,1.160533739,1.124366667
27/02/2022,-12.3966,0.961732963,2.521818182,0.08,4.1,62.8,26.6632,0.050684321,14.2666,1.012417285,1.121955556
28/02/2022,-7.6091,1.156963677,2.62,0.08,4.1,62.8,13.6579,0.086293339,6.0488,1.243257016,1.1224
01/03/2022,-24.7173,1.75981354,2.62,0.08,3.8,62.8,23.4237,0.04321339,-1.2936,1.80302693,1.1103
02/03/2022,-38.3471,5.043566446,2.71,0.08,3.8,62.8,25.1211,0.08290321,-13.226,5.126469655,1.1102
03/03/2022,-18.6399,1.770116961,2.69,0.08,3.8,62.8,27.9415,0.053394792,9.3016,1.823511753,1.1053
04/03/2022,-18.4844,2.26186104,2.67,0.08,3.8,62.8,15.7123,0.063435707,-2.7721,2.325296747,1.0912
05/03/2022,1.2922,1.492177081,2.521818182,0.08,3.8,62.8,25.3957,0.052884531,26.6879,1.545061611,1.102233333
06/03/2022,-12.6349,1.614306146,2.521818182,0.08,3.8,62.8,29.982,0.063182089,17.3471,1.677488234,1.099577778
07/03/2022,-14.7034,2.490612859,2.77,0.08,3.8,62.8,30.5824,0.114785387,15.879,2.605398246,1.086
08/03/2022,-46.9319,2.92885902,2.9,0.08,3.8,62.8,34.2514,0.126615401,-12.6805,3.05547442,1.0881
09/03/2022,-33.3585,3.138388349,2.84,0.08,3.8,62.8,29.8853,0.081576874,-3.4732,3.219965223,1.1069
10/03/2022,-49.4541,4.745402309,2.86,0.08,3.8,62.8,23.9234,0.221921752,-25.5307,4.967324061,1.1007
11/03/2022,-25.1299,4.911376194,2.94,0.08,3.8,62.8,29.4613,0.10738743,4.3314,5.018763624,1.0937
12/03/2022,-52.0215,3.210601506,2.521818182,0.08,3.8,59.4,29.3265,0.080931227,-22.695,3.291532733,1.100433333
13/03/2022,-22.6444,2.725076416,2.521818182,0.08,3.8,59.4,19.8115,0.069461336,-2.8329,2.794537753,1.098277778
14/03/2022,-7.2851,2.945742691,2.93,0.08,3.8,59.4,31.0013,0.122800607,23.7162,3.068543298,1.0979
15/03/2022,-16.992,3.045651302,2.84,0.08,3.8,59.4,33.1766,0.092625693,16.1846,3.138276994,1.0974
16/03/2022,-1.6025,2.403206889,2.8,0.08,3.8,59.4,26.3489,0.087595181,24.7464,2.49080207,1.0996
17/03/2022,-14.349,2.020843607,2.91,0.33,3.8,59.4,35.5509,0.081481019,21.2019,2.102324627,1.111
18/03/2022,-17.348,1.693358126,2.86,0.33,3.8,59.4,26.2155,0.072491731,8.8675,1.765849857,1.1044
19/03/2022,-10.6627,1.64910329,2.521818182,0.33,3.8,59.4,27.7079,0.083254355,17.0452,1.732357645,1.105
20/03/2022,-11.7965,1.869436096,2.521818182,0.33,3.8,59.4,12.4852,0.050895416,0.6887,1.920331513,1.1068
21/03/2022,-7.6452,1.702562912,2.9,0.33,3.8,59.4,38.7097,0.067107221,31.0645,1.769670133,1.1048
22/03/2022,2.6304,1.115437529,2.91,0.33,3.8,59.4,47.4777,0.097750228,50.1081,1.213187757,1.1022
23/03/2022,-6.9696,1.739872925,2.94,0.33,3.8,59.4,37.5786,0.07087748,30.609,1.810750405,1.1001
24/03/2022,-4.3058,1.922403521,2.92,0.33,3.8,59.4,28.8697,0.097638261,24.5639,2.020041782,1.1006
25/03/2022,-24.9151,1.788640165,2.95,0.33,3.8,59.4,44.4601,0.083893169,19.545,1.872533334,1.0985
26/03/2022,-9.9516,1.824682495,2.521818182,0.33,3.8,59.4,26.9497,0.043573556,16.9981,1.868256051,1.099733333
27/03/2022,-16.209,1.563146602,2.521818182,0.33,3.8,59.4,32.9005,0.047682302,16.6915,1.610828904,1.099611111
28/03/2022,-8.2312,1.585737381,2.95,0.33,3.8,59.4,33.185,0.070006656,24.9538,1.655744037,1.0977
29/03/2022,-10.6518,2.164358162,2.86,0.33,3.8,59.4,29.5159,0.041471421,18.8641,2.205829583,1.1104
30/03/2022,-10.5004,2.410353023,2.86,0.33,3.8,59.4,18.4297,0.067617895,7.9293,2.477970918,1.1163
31/03/2022,-4.2339,2.445298844,2.84,0.33,3.8,59.4,36.1049,0.085561664,31.871,2.530860508,1.1093
01/04/2022,-5.682,2.544276226,2.8,0.33,3.3,59.4,34.4537,0.065986393,28.7717,2.61026262,1.1043
02/04/2022,-2.5908,1.346429276,2.521818182,0.33,3.3,59.4,20.0442,0.059274249,17.4534,1.405703524,1.109966667
03/04/2022,9.011,1.377378247,2.521818182,0.33,3.3,59.4,19.3591,0.045124242,28.3701,1.42250249,1.107855556
04/04/2022,-0.6929,1.43824904,2.8,0.33,3.3,59.4,40.1269,0.069868058,39.434,1.508117098,1.0992
05/04/2022,-10.1461,1.317537612,2.84,0.33,3.3,59.4,14.9962,0.072038189,4.8501,1.389575801,1.0921
06/04/2022,-5.6542,1.924725495,2.83,0.33,3.3,59.4,33.242,0.079436917,27.5878,2.004162412,1.0913
07/04/2022,-3.1234,1.556664933,2.82,0.33,3.3,59.4,24.2778,0.060812065,21.1544,1.617476997,1.09
08/04/2022,-12.794,1.375423499,2.87,0.33,3.3,59.4,30.339,0.07798132,17.545,1.45340482,1.0874
09/04/2022,-4.3323,1.046972251,2.521818182,0.33,3.3,59.4,26.1517,0.065065489,21.8194,1.11203774,1.089566667
10/04/2022,-12.2474,1.274811515,2.521818182,0.33,3.3,59.4,17.8788,0.067935389,5.6314,1.342746904,1.088988889
11/04/2022,-18.6933,2.109444901,2.91,0.33,3.3,59.4,20.4912,0.061738886,1.7979,2.171183787,1.0875
12/04/2022,-44.5608,8.852759194,2.86,0.33,3.3,65.2,55.8838,0.217582834,11.323,9.070342028,1.0852
13/04/2022,-52.8263,6.921078299,2.8,0.33,3.3,65.2,35.2515,0.096139516,-17.5748,7.017217815,1.0874
14/04/2022,-30.6877,4.21798061,2.89,0.33,3.3,65.2,29.0846,0.10896694,-1.6031,4.32694755,1.0796
15/04/2022,-11.8782,3.205808139,2.521818182,0.33,3.3,65.2,28.7064,0.084040908,16.8282,3.289849048,1.0812
16/04/2022,-20.9153,2.255077539,2.521818182,0.33,3.3,65.2,14.01,0.057808765,-6.9053,2.312886304,1.082733333
17/04/2022,-20.1727,1.568988207,2.521818182,0.33,3.3,65.2,15.2485,0.068127929,-4.9242,1.637116136,1.081177778
18/04/2022,-17.6316,2.456770295,2.92,0.33,3.3,65.2,31.7241,0.059557505,14.0925,2.5163278,1.0785
19/04/2022,-7.5306,2.29510925,2.93,0.33,3.3,65.2,36.5163,0.064511329,28.9857,2.359620579,1.0789
20/04/2022,-17.9694,2.384416542,2.92,0.33,3.3,65.2,36.6889,0.118360841,18.7195,2.502777382,1.0857
21/04/2022,-18.6292,2.294442202,3.02,0.33,3.3,65.2,33.0317,0.070336037,14.4025,2.364778239,1.0839
22/04/2022,-22.8949,2.009452281,2.98,0.33,3.3,65.2,17.5921,0.040846507,-5.3028,2.050298789,1.079
23/04/2022,-7.0135,1.543422522,2.521818182,0.33,3.3,65.2,18.6824,0.056161604,11.6689,1.599584126,1.082866667
24/04/2022,-9.6368,1.657336542,2.521818182,0.33,3.3,65.2,22.4652,0.038458762,12.8284,1.695795304,1.081922222
25/04/2022,-8.7225,1.683300057,2.91,0.33,3.3,65.2,36.0833,0.058095306,27.3608,1.741395363,1.0703
26/04/2022,11.2029,2.239908632,2.85,0.33,3.3,65.2,27.9715,0.079002537,39.1744,2.318911169,1.0661
27/04/2022,-25.8587,2.719986982,2.88,0.33,3.3,65.2,21.8273,0.067697442,-4.0314,2.787684423,1.0549
28/04/2022,-12.4046,2.984401032,2.97,0.33,3.3,65.2,35.0702,0.100869875,22.6656,3.085270907,1.05
29/04/2022,-14.2054,2.00026701,2.88,0.33,3.3,65.2,32.2069,0.07469303,18.0015,2.07496004,1.0537
30/04/2022,-10.834,2.043390192,2.521818182,0.33,3.3,65.2,34.8545,0.064842246,24.0205,2.108232438,1.052866667
01/05/2022,-17.1293,1.912242629,2.521818182,0.33,3.4,65.2,18.3438,0.04190672,1.2145,1.954149348,1.052188889
02/05/2022,-12.5674,2.646251737,2.81,0.33,3.4,65.2,32.5331,0.079457934,19.9657,2.725709671,1.0521
03/05/2022,-23.0153,2.430477262,2.83,0.33,3.4,65.2,24.8964,0.09260208,1.8811,2.523079343,1.0532
04/05/2022,-25.3245,2.763070506,2.86,0.33,3.4,65.2,39.863,0.08630569,14.5385,2.849376196,1.0539
05/05/2022,-27.5939,3.239171214,2.87,0.83,3.4,65.2,33.8278,0.076866471,6.2339,3.316037685,1.0507
06/05/2022,-4.1092,3.403313763,2.86,0.83,3.4,65.2,21.9626,0.061151457,17.8534,3.46446522,1.0572
07/05/2022,-74.3651,2.672106404,2.521818182,0.83,3.4,65.2,18.2691,0.063458103,-56.096,2.735564508,1.053933333
08/05/2022,-14.997,1.485147444,2.521818182,0.83,3.4,65.2,10.9827,0.078059921,-4.0143,1.563207365,1.053944444
09/05/2022,-27.4565,3.303202348,2.75,0.83,3.4,65.2,28.9371,0.077086096,1.4806,3.380288444,1.0559
10/05/2022,-43.6202,5.804744926,2.65,0.83,3.4,65.2,30.6408,0.091709599,-12.9794,5.896454526,1.0531
11/05/2022,-69.8223,9.028878229,2.7,0.83,3.4,65.2,26.1314,0.165202642,-43.6909,9.194080871,1.0537
12/05/2022,-49.3261,5.776046044,2.59,0.83,3.4,58.4,28.3204,0.147481079,-21.0057,5.923527123,1.0376
13/05/2022,-24.6578,4.136352644,2.69,0.83,3.4,58.4,30.9959,0.076431302,6.3381,4.212783945,1.041
14/05/2022,-37.9359,4.309053598,2.521818182,0.83,3.4,58.4,9.67,0.082834877,-28.2659,4.391888475,1.0441
15/05/2022,-22.9361,2.846980222,2.521818182,0.83,3.4,58.4,14.5723,0.047662538,-8.3638,2.89464276,1.0409
16/05/2022,-11.7375,2.86726977,2.68,0.83,3.4,58.4,22.6412,0.065169282,10.9037,2.932439052,1.042
17/05/2022,-37.1954,3.609934499,2.71,0.83,3.4,58.4,21.2485,0.08676014,-15.9469,3.696694639,1.0532
18/05/2022,-44.9133,3.753099705,2.72,0.83,3.4,58.4,19.2757,0.10365514,-25.6376,3.856754845,1.0494
19/05/2022,-33.7291,4.131614643,2.59,0.83,3.4,58.4,21.5765,0.064428772,-12.1526,4.196043414,1.0587
20/05/2022,-28.4633,3.962569266,2.55,0.83,3.4,58.4,29.5524,0.092466882,1.0891,4.055036148,1.0559
21/05/2022,-9.9394,2.552204607,2.521818182,0.83,3.4,58.4,10.5802,0.081298857,0.6408,2.633503464,1.054666667
22/05/2022,-24.3878,2.859966032,2.521818182,0.83,3.4,58.4,17.0377,0.088669651,-7.3501,2.948635683,1.056422222
23/05/2022,-25.2315,3.849117308,2.6,0.83,3.4,58.4,23.152,0.083005904,-2.0795,3.932123211,1.0668
24/05/2022,-14.9072,2.597896721,2.55,0.83,3.4,58.4,37.2039,0.085318238,22.2967,2.683214959,1.0744
25/05/2022,-15.2855,2.044498133,2.56,0.83,3.4,58.4,24.7362,0.063708193,9.4507,2.108206326,1.0658
26/05/2022,-10.7976,2.084294355,2.62,0.83,3.4,58.4,24.0515,0.087898134,13.2539,2.17219249,1.0725
27/05/2022,-13.3935,2.373323167,2.63,0.83,3.4,58.4,21.8338,0.074371658,8.4403,2.447694825,1.0709
28/05/2022,-1.611,2.046908993,2.521818182,0.83,3.4,58.4,20.1129,0.067781439,18.5019,2.114690432,1.069733333
29/05/2022,-11.6645,1.686041196,2.521818182,0.83,3.4,58.4,35.7111,0.056011405,24.0466,1.742052601,1.071044444
30/05/2022,-18.2967,1.610721827,2.521818182,0.83,3.4,58.4,23.9431,0.053220512,5.6464,1.663942339,1.070559259
31/05/2022,4.8702,3.252695237,2.64,0.83,3.4,58.4,27.9988,0.075188133,32.869,3.32788337,1.0731