,date,twitter_sentiment_score,twitter_attention_score,T10YIE,int_rate,unemp,reddit_sentiment_score,reddit_attention_score,overall_sentiment_score,overall_attention_score,overall_sentiment_score_lag_5,overall_attention_score_lag_5,overall_sentiment_score_lag_7,overall_attention_score_lag_7,overall_sentiment_score_lag_10,overall_attention_score_lag_10,overall_sentiment_score_lag_14,overall_attention_score_lag_14
0,01/06/2021,5.0591,0.5530802172737516,2.46,0.06,6.1,54.31149999999998,0.0701078622942219,59.37059999999998,0.6231880795679735,39.89750000000001,0.8587478311934253,26.546600000000005,0.6910770371997443,37.9271,0.5407844997186564,46.424,0.736731001493399
1,02/06/2021,-1.3814000000000004,0.6795849222426386,2.44,0.06,6.1,16.585800000000003,0.0583385197652593,15.2044,0.7379234420078978,49.91679999999996,0.9245211518656682,33.72509999999999,0.985390937611201,37.1274,0.6087319743305898,40.76100000000001,1.04870989171428
2,03/06/2021,3.9499,0.5499372040425204,2.42,0.06,6.1,43.1745,0.064545896174127,47.1244,0.6144831002166474,31.513200000000005,1.0745590042355428,39.89750000000001,0.8587478311934253,50.323600000000006,0.562012847862627,38.8376,0.8501369253727667
3,04/06/2021,6.992299999999998,0.6060949583297108,2.4,0.06,6.1,36.15359999999997,0.0874820541265378,43.14589999999997,0.6935770124562486,24.5199,0.5930280892935328,49.91679999999996,0.9245211518656682,26.546600000000005,0.6910770371997443,35.61349999999998,0.5125517269868248
4,05/06/2021,9.6939,0.5330639693060498,2.5218181818181824,0.06,6.1,32.8099,0.0522504278419445,42.5038,0.5853143971479944,33.5441,0.4885338027283541,31.513200000000005,1.0745590042355428,33.72509999999999,0.985390937611201,37.9271,0.5407844997186564
5,06/06/2021,4.9467,0.6397717178247347,2.5218181818181824,0.06,6.1,32.6808,0.046236438299426,37.6275,0.6860081561241608,59.37059999999998,0.6231880795679735,24.5199,0.5930280892935328,39.89750000000001,0.8587478311934253,37.1274,0.6087319743305898
6,07/06/2021,5.0532,0.5468443585196507,2.39,0.06,6.1,35.8741,0.0383743822115818,40.9273,0.5852187407312326,15.2044,0.7379234420078978,33.5441,0.4885338027283541,49.91679999999996,0.9245211518656682,50.323600000000006,0.562012847862627
7,08/06/2021,3.602900000000001,0.7943623611479341,2.36,0.06,6.1,36.09030000000001,0.1003870489541747,39.69320000000001,0.8947494101021088,47.1244,0.6144831002166474,59.37059999999998,0.6231880795679735,31.513200000000005,1.0745590042355428,26.546600000000005,0.6910770371997443
8,09/06/2021,6.537999999999999,0.861334721720261,2.32,0.06,6.1,40.932500000000005,0.0850253373666012,47.4705,0.9463600590868624,43.14589999999997,0.6935770124562486,15.2044,0.7379234420078978,24.5199,0.5930280892935328,33.72509999999999,0.985390937611201
9,10/06/2021,9.437399999999997,1.8340909867894373,2.35,0.06,6.1,42.0113,0.1389895496591058,51.4487,1.973080536448543,42.5038,0.5853143971479944,47.1244,0.6144831002166474,33.5441,0.4885338027283541,39.89750000000001,0.8587478311934253
10,11/06/2021,4.620600000000003,1.511509299713984,2.32,0.06,6.1,56.04130000000001,0.0834679982633377,60.66190000000001,1.5949772979773218,37.6275,0.6860081561241608,43.14589999999997,0.6935770124562486,59.37059999999998,0.6231880795679735,49.91679999999996,0.9245211518656682
11,12/06/2021,2.9885,1.12002272056827,2.5218181818181824,0.06,6.1,40.59719999999999,0.0523373552014065,43.58569999999999,1.1723600757696766,40.9273,0.5852187407312326,42.5038,0.5853143971479944,15.2044,0.7379234420078978,31.513200000000005,1.0745590042355428
12,13/06/2021,-0.4161999999999997,0.5183952200456364,2.5218181818181824,0.06,6.1,23.6805,0.0772071952074926,23.2643,0.5956024152531291,39.69320000000001,0.8947494101021088,37.6275,0.6860081561241608,47.1244,0.6144831002166474,24.5199,0.5930280892935328
13,14/06/2021,4.4346000000000005,0.9551668445296674,2.36,0.06,6.1,53.52060000000004,0.083233028937757,57.95520000000004,1.0383998734674245,47.4705,0.9463600590868624,40.9273,0.5852187407312326,43.14589999999997,0.6935770124562486,33.5441,0.4885338027283541
14,15/06/2021,-6.698800000000001,1.3789077157922789,2.38,0.06,6.1,33.16580000000002,0.0622003776674671,26.467000000000017,1.441108093459746,51.4487,1.973080536448543,39.69320000000001,0.8947494101021088,42.5038,0.5853143971479944,59.37059999999998,0.6231880795679735
15,16/06/2021,1.0741999999999998,1.2440295433884698,2.32,0.06,6.1,53.81120000000001,0.0771183847041055,54.8854,1.3211479280925753,60.66190000000001,1.5949772979773218,47.4705,0.9463600590868624,37.6275,0.6860081561241608,15.2044,0.7379234420078978
16,17/06/2021,7.398899999999999,1.1315288738452574,2.27,0.1,6.1,59.03640000000004,0.1184502786784795,66.43530000000004,1.249979152523737,43.58569999999999,1.1723600757696766,51.4487,1.973080536448543,40.9273,0.5852187407312326,47.1244,0.6144831002166474
17,18/06/2021,7.077599999999999,0.5920703451270217,2.24,0.1,6.1,49.91609999999999,0.0610187845341553,56.99369999999999,0.653089129661177,23.2643,0.5956024152531291,60.66190000000001,1.5949772979773218,39.69320000000001,0.8947494101021088,43.14589999999997,0.6935770124562486
18,19/06/2021,-4.896799999999997,0.5478194532925741,2.5218181818181824,0.1,6.1,47.0875,0.0705848737623811,42.1907,0.6184043270549552,57.95520000000004,1.0383998734674245,43.58569999999999,1.1723600757696766,47.4705,0.9463600590868624,42.5038,0.5853143971479944
19,20/06/2021,4.917799999999999,0.5072434187224473,2.5218181818181824,0.1,6.1,56.08419999999997,0.0707828802046792,61.00199999999997,0.5780262989271264,26.467000000000017,1.441108093459746,23.2643,0.5956024152531291,51.4487,1.973080536448543,37.6275,0.6860081561241608
20,21/06/2021,1.0799999999999996,0.5738561750556485,2.25,0.1,6.1,33.0353,0.0759757955480512,34.1153,0.6498319706036997,54.8854,1.3211479280925753,57.95520000000004,1.0383998734674245,60.66190000000001,1.5949772979773218,40.9273,0.5852187407312326
21,22/06/2021,0.8894,0.9271493090416908,2.31,0.1,6.1,37.95670000000002,0.0754598738733389,38.84610000000002,1.0026091829150297,66.43530000000004,1.249979152523737,26.467000000000017,1.441108093459746,43.58569999999999,1.1723600757696766,39.69320000000001,0.8947494101021088
22,23/06/2021,-2.7839,0.4780991200251902,2.34,0.1,6.1,43.61249999999999,0.0681547313039925,40.82859999999999,0.5462538513291827,56.99369999999999,0.653089129661177,54.8854,1.3211479280925753,23.2643,0.5956024152531291,47.4705,0.9463600590868624
23,24/06/2021,5.028100000000001,0.6017284104049745,2.3,0.1,6.1,33.4961,0.053453028696802,38.5242,0.6551814391017765,42.1907,0.6184043270549552,66.43530000000004,1.249979152523737,57.95520000000004,1.0383998734674245,51.4487,1.973080536448543
24,25/06/2021,-0.5048000000000002,0.6782752036409757,2.34,0.1,6.1,41.3406,0.0579708644637857,40.8358,0.7362460681047615,61.00199999999997,0.5780262989271264,56.99369999999999,0.653089129661177,26.467000000000017,1.441108093459746,60.66190000000001,1.5949772979773218
25,26/06/2021,-0.6268999999999989,0.5108703800331782,2.5218181818181824,0.1,6.1,16.540499999999998,0.0402512804739503,15.9136,0.5511216605071285,34.1153,0.6498319706036997,42.1907,0.6184043270549552,54.8854,1.3211479280925753,43.58569999999999,1.1723600757696766
26,27/06/2021,5.968600000000002,0.5140775482613239,2.5218181818181824,0.1,6.1,33.866299999999995,0.0274462338496001,39.8349,0.541523782110924,38.84610000000002,1.0026091829150297,61.00199999999997,0.5780262989271264,66.43530000000004,1.249979152523737,23.2643,0.5956024152531291
27,28/06/2021,0.2747,0.6090170302121928,2.33,0.1,6.1,33.226499999999994,0.0675790963942729,33.5012,0.6765961266064657,40.82859999999999,0.5462538513291827,34.1153,0.6498319706036997,56.99369999999999,0.653089129661177,57.95520000000004,1.0383998734674245
28,29/06/2021,0.9909,0.6199045370211451,2.32,0.1,6.1,48.94879999999999,0.0854230595923146,49.9397,0.7053275966134597,38.5242,0.6551814391017765,38.84610000000002,1.0026091829150297,42.1907,0.6184043270549552,26.467000000000017,1.441108093459746
29,30/06/2021,-1.9587999999999992,0.5888097011933882,2.32,0.08,6.1,36.19179999999999,0.0422275150132544,34.233,0.6310372162066425,40.8358,0.7362460681047615,40.82859999999999,0.5462538513291827,61.00199999999997,0.5780262989271264,54.8854,1.3211479280925753
30,01/07/2021,-4.274800000000001,0.9685517212903156,2.35,0.1,5.7,31.711300000000005,0.045889947051836,27.4365,1.0144416683421515,15.9136,0.5511216605071285,38.5242,0.6551814391017765,34.1153,0.6498319706036997,66.43530000000004,1.249979152523737
31,02/07/2021,3.0719999999999965,0.7853467706099814,2.33,0.1,5.7,21.011400000000005,0.0337076948915713,24.0834,0.8190544655015527,39.8349,0.541523782110924,40.8358,0.7362460681047615,38.84610000000002,1.0026091829150297,56.99369999999999,0.653089129661177
32,03/07/2021,3.940300000000003,0.5039247921007436,2.5218181818181824,0.1,5.7,14.5179,0.0323765442225828,18.4582,0.5363013363233264,33.5012,0.6765961266064657,15.9136,0.5511216605071285,40.82859999999999,0.5462538513291827,42.1907,0.6184043270549552
33,04/07/2021,5.456100000000001,0.375030819035359,2.5218181818181824,0.1,5.7,23.398800000000005,0.0394806861409045,28.854900000000008,0.4145115051762635,49.9397,0.7053275966134597,39.8349,0.541523782110924,38.5242,0.6551814391017765,61.00199999999997,0.5780262989271264
34,05/07/2021,-2.2242,0.264690600540964,2.5218181818181824,0.1,5.7,34.691500000000005,0.0562583902977492,32.4673,0.3209489908387132,34.233,0.6310372162066425,33.5012,0.6765961266064657,40.8358,0.7362460681047615,34.1153,0.6498319706036997
35,06/07/2021,3.2141999999999995,0.3587410997732239,2.31,0.1,5.7,37.767500000000005,0.0470628312708788,40.9817,0.4058039310441027,27.4365,1.0144416683421515,49.9397,0.7053275966134597,15.9136,0.5511216605071285,38.84610000000002,1.0026091829150297
36,07/07/2021,-1.9390000000000005,0.7961399543607877,2.28,0.1,5.7,41.50599999999999,0.0544524258640753,39.56699999999999,0.8505923802248629,24.0834,0.8190544655015527,34.233,0.6310372162066425,39.8349,0.541523782110924,40.82859999999999,0.5462538513291827
37,08/07/2021,4.233899999999998,0.8121451069863328,2.22,0.1,5.7,32.84440000000001,0.0565624412856146,37.078300000000006,0.8687075482719474,18.4582,0.5363013363233264,27.4365,1.0144416683421515,33.5012,0.6765961266064657,38.5242,0.6551814391017765
38,09/07/2021,3.2842,0.7799865141504944,2.28,0.1,5.7,37.53960000000001,0.0345210056639445,40.823800000000006,0.8145075198144388,28.854900000000008,0.4145115051762635,24.0834,0.8190544655015527,49.9397,0.7053275966134597,40.8358,0.7362460681047615
39,10/07/2021,8.2248,0.3898707219433616,2.5218181818181824,0.1,5.7,28.723300000000005,0.0499149268107054,36.9481,0.439785648754067,32.4673,0.3209489908387132,18.4582,0.5363013363233264,34.233,0.6310372162066425,15.9136,0.5511216605071285
40,11/07/2021,2.5121000000000007,0.4472078568629297,2.5218181818181824,0.1,5.7,27.3516,0.0427330563497887,29.8637,0.4899409132127184,40.9817,0.4058039310441027,28.854900000000008,0.4145115051762635,27.4365,1.0144416683421515,39.8349,0.541523782110924
41,12/07/2021,7.3716000000000035,0.5610186670548376,2.33,0.1,5.7,43.16129999999999,0.0735458705944345,50.53289999999999,0.6345645376492721,39.56699999999999,0.8505923802248629,32.4673,0.3209489908387132,24.0834,0.8190544655015527,33.5012,0.6765961266064657
42,13/07/2021,9.268400000000003,2.239128966544959,2.36,0.1,5.7,55.2797,0.1134530577791944,64.5481,2.3525820243241538,37.078300000000006,0.8687075482719474,40.9817,0.4058039310441027,18.4582,0.5363013363233264,49.9397,0.7053275966134597
43,14/07/2021,0.7494,2.172110962945045,2.34,0.1,5.7,53.66450000000001,0.1150915157341277,54.41390000000001,2.287202478679173,40.823800000000006,0.8145075198144388,39.56699999999999,0.8505923802248629,28.854900000000008,0.4145115051762635,34.233,0.6310372162066425
44,15/07/2021,-0.5035000000000005,1.419543120339932,2.32,0.1,5.7,41.67489999999998,0.1052022189537979,41.17139999999998,1.52474533929373,36.9481,0.439785648754067,37.078300000000006,0.8687075482719474,32.4673,0.3209489908387132,27.4365,1.0144416683421515
45,16/07/2021,2.2158,1.156012777391368,2.33,0.1,5.7,53.81730000000001,0.070966569423273,56.03310000000001,1.226979346814641,29.8637,0.4899409132127184,40.823800000000006,0.8145075198144388,40.9817,0.4058039310441027,24.0834,0.8190544655015527
46,17/07/2021,-5.6131,0.7385431927289525,2.5218181818181824,0.1,5.7,35.934300000000015,0.0524526125498318,30.32120000000001,0.7909958052787843,50.53289999999999,0.6345645376492721,36.9481,0.439785648754067,39.56699999999999,0.8505923802248629,18.4582,0.5363013363233264
47,18/07/2021,1.12,0.8287797346389677,2.5218181818181824,0.1,5.7,29.880900000000004,0.0350338745374199,31.000900000000005,0.8638136091763876,64.5481,2.3525820243241538,29.8637,0.4899409132127184,37.078300000000006,0.8687075482719474,28.854900000000008,0.4145115051762635
48,19/07/2021,0.4377000000000001,1.215268585438232,2.24,0.1,5.7,38.00179999999999,0.0746592841146596,38.43949999999999,1.2899278695528915,54.41390000000001,2.287202478679173,50.53289999999999,0.6345645376492721,40.823800000000006,0.8145075198144388,32.4673,0.3209489908387132
49,20/07/2021,0.1906000000000013,0.9318293949976192,2.26,0.1,5.7,43.7449,0.0687142582342506,43.935500000000005,1.00054365323187,41.17139999999998,1.52474533929373,64.5481,2.3525820243241538,36.9481,0.439785648754067,40.9817,0.4058039310441027
50,21/07/2021,5.855499999999999,0.7564810306930247,2.28,0.1,5.7,21.5022,0.0776500801797916,27.3577,0.8341311108728163,56.03310000000001,1.226979346814641,54.41390000000001,2.287202478679173,29.8637,0.4899409132127184,39.56699999999999,0.8505923802248629
51,22/07/2021,-3.519800000000002,1.1678426358919445,2.28,0.1,5.7,38.0264,0.0516316894341885,34.5066,1.219474325326133,30.32120000000001,0.7909958052787843,41.17139999999998,1.52474533929373,50.53289999999999,0.6345645376492721,37.078300000000006,0.8687075482719474
52,23/07/2021,-6.336999999999999,0.946552301390768,2.35,0.1,5.7,49.64199999999999,0.0586003284159865,43.30499999999999,1.0051526298067546,31.000900000000005,0.8638136091763876,56.03310000000001,1.226979346814641,64.5481,2.3525820243241538,40.823800000000006,0.8145075198144388
53,24/07/2021,-5.52,0.6775338757969078,2.5218181818181824,0.1,5.7,42.40110000000001,0.0544918140283467,36.8811,0.7320256898252545,38.43949999999999,1.2899278695528915,30.32120000000001,0.7909958052787843,54.41390000000001,2.287202478679173,36.9481,0.439785648754067
54,25/07/2021,-1.7958000000000005,0.7292182279489015,2.5218181818181824,0.1,5.7,33.11880000000001,0.0485423157943868,31.323000000000008,0.7777605437432883,43.935500000000005,1.00054365323187,31.000900000000005,0.8638136091763876,41.17139999999998,1.52474533929373,29.8637,0.4899409132127184
55,26/07/2021,4.672800000000001,0.6508021336837375,2.4,0.1,5.7,41.86259999999999,0.0362373097917048,46.5354,0.6870394434754423,27.3577,0.8341311108728163,38.43949999999999,1.2899278695528915,56.03310000000001,1.226979346814641,50.53289999999999,0.6345645376492721
56,27/07/2021,-0.4448999999999991,0.7386327997881227,2.38,0.1,5.7,42.264,0.039418078185413,41.819100000000006,0.7780508779735357,34.5066,1.219474325326133,43.935500000000005,1.00054365323187,30.32120000000001,0.7909958052787843,64.5481,2.3525820243241538
57,28/07/2021,-7.9894,0.9400679273790088,2.41,0.1,5.7,28.131100000000004,0.0591649103875252,20.141700000000004,0.999232837766534,43.30499999999999,1.0051526298067546,27.3577,0.8341311108728163,31.000900000000005,0.8638136091763876,54.41390000000001,2.287202478679173
58,29/07/2021,-1.2885999999999995,1.1322487384704552,2.43,0.1,5.7,38.3215,0.0805392728496207,37.0329,1.2127880113200755,36.8811,0.7320256898252545,34.5066,1.219474325326133,38.43949999999999,1.2899278695528915,41.17139999999998,1.52474533929373
59,30/07/2021,-0.4188999999999993,0.7594501931499593,2.4,0.07,5.7,30.693800000000007,0.0484863592685349,30.27490000000001,0.8079365524184943,31.323000000000008,0.7777605437432883,43.30499999999999,1.0051526298067546,43.935500000000005,1.00054365323187,56.03310000000001,1.226979346814641
60,31/07/2021,-8.558300000000003,0.628462380936568,2.5218181818181824,0.07,5.7,28.20160000000001,0.0662171176425702,19.643300000000007,0.6946794985791382,46.5354,0.6870394434754423,36.8811,0.7320256898252545,27.3577,0.8341311108728163,30.32120000000001,0.7909958052787843
61,01/08/2021,2.063299999999999,0.6087014398425741,2.5218181818181824,0.07,5.3,40.0126,0.0660495005513147,42.0759,0.6747509403938887,41.819100000000006,0.7780508779735357,31.323000000000008,0.7777605437432883,34.5066,1.219474325326133,31.000900000000005,0.8638136091763876
62,02/08/2021,0.4008999999999998,0.7079213786651815,2.37,0.1,5.3,33.74,0.0487222283933362,34.1409,0.7566436070585176,20.141700000000004,0.999232837766534,46.5354,0.6870394434754423,43.30499999999999,1.0051526298067546,38.43949999999999,1.2899278695528915
63,03/08/2021,-4.5004,0.6302587169241891,2.38,0.1,5.3,27.16790000000001,0.0517846884130644,22.66750000000001,0.6820434053372535,37.0329,1.2127880113200755,41.819100000000006,0.7780508779735357,36.8811,0.7320256898252545,43.935500000000005,1.00054365323187
64,04/08/2021,-3.611700000000001,0.7845846183462558,2.35,0.1,5.3,22.546600000000005,0.0315213066057466,18.93490000000001,0.8161059249520024,30.27490000000001,0.8079365524184943,20.141700000000004,0.999232837766534,31.323000000000008,0.7777605437432883,27.3577,0.8341311108728163
65,05/08/2021,-4.029800000000001,0.6238675036436467,2.33,0.1,5.3,43.633499999999984,0.0566108650764165,39.60369999999998,0.6804783687200633,19.643300000000007,0.6946794985791382,37.0329,1.2127880113200755,46.5354,0.6870394434754423,34.5066,1.219474325326133
66,06/08/2021,-2.5077000000000003,0.5965154453086208,2.37,0.1,5.3,32.72170000000001,0.0423962091304125,30.214000000000013,0.6389116544390333,42.0759,0.6747509403938887,30.27490000000001,0.8079365524184943,41.819100000000006,0.7780508779735357,43.30499999999999,1.0051526298067546
67,07/08/2021,-5.137099999999999,0.5875724591473003,2.5218181818181824,0.1,5.3,33.2615,0.064847828109686,28.1244,0.6524202872569863,34.1409,0.7566436070585176,19.643300000000007,0.6946794985791382,20.141700000000004,0.999232837766534,36.8811,0.7320256898252545
68,08/08/2021,-4.035399999999999,0.6627533125093367,2.5218181818181824,0.1,5.3,33.14800000000001,0.0274652249443388,29.11260000000001,0.6902185374536755,22.66750000000001,0.6820434053372535,42.0759,0.6747509403938887,37.0329,1.2127880113200755,31.323000000000008,0.7777605437432883
69,09/08/2021,-2.7959000000000014,0.4656722733097931,2.37,0.1,5.3,27.4463,0.062532485576406,24.6504,0.5282047588861991,18.93490000000001,0.8161059249520024,34.1409,0.7566436070585176,30.27490000000001,0.8079365524184943,46.5354,0.6870394434754423
70,10/08/2021,-0.8225999999999997,0.7679589672758672,2.4,0.1,5.3,40.25190000000001,0.0621965757501396,39.42930000000001,0.8301555430260068,39.60369999999998,0.6804783687200633,22.66750000000001,0.6820434053372535,19.643300000000007,0.6946794985791382,41.819100000000006,0.7780508779735357
71,11/08/2021,1.1861,1.7598064223300134,2.42,0.1,5.3,40.42979999999999,0.0634436903365771,41.6159,1.8232501126665903,30.214000000000013,0.6389116544390333,18.93490000000001,0.8161059249520024,42.0759,0.6747509403938887,20.141700000000004,0.999232837766534
72,12/08/2021,-5.637400000000002,1.4280366027255915,2.41,0.1,5.3,40.48550000000001,0.0707670762909847,34.84810000000001,1.4988036790165762,28.1244,0.6524202872569863,39.60369999999998,0.6804783687200633,34.1409,0.7566436070585176,37.0329,1.2127880113200755
73,13/08/2021,-9.643299999999998,1.3010964772511164,2.37,0.1,5.3,59.32760000000001,0.0449879418495914,49.684300000000015,1.3460844191007078,29.11260000000001,0.6902185374536755,30.214000000000013,0.6389116544390333,22.66750000000001,0.6820434053372535,30.27490000000001,0.8079365524184943
74,14/08/2021,-12.986199999999997,0.98093030840364,2.5218181818181824,0.1,5.3,33.08840000000001,0.0533259342458784,20.10220000000001,1.0342562426495183,24.6504,0.5282047588861991,28.1244,0.6524202872569863,18.93490000000001,0.8161059249520024,19.643300000000007,0.6946794985791382
75,15/08/2021,-20.1367,1.0305958730964777,2.5218181818181824,0.1,5.3,15.8113,0.0245210450092591,-4.325400000000002,1.0551169181057367,39.42930000000001,0.8301555430260068,29.11260000000001,0.6902185374536755,39.60369999999998,0.6804783687200633,42.0759,0.6747509403938887
76,16/08/2021,-29.574000000000005,0.9447568370375132,2.36,0.1,5.3,30.8954,0.0663302954589888,1.3213999999999937,1.011087132496502,41.6159,1.8232501126665903,24.6504,0.5282047588861991,30.214000000000013,0.6389116544390333,34.1409,0.7566436070585176
77,17/08/2021,-11.3777,0.7404972394363529,2.33,0.1,5.3,44.63849999999999,0.059634843622026,33.26079999999999,0.8001320830583789,34.84810000000001,1.4988036790165762,39.42930000000001,0.8301555430260068,28.1244,0.6524202872569863,22.66750000000001,0.6820434053372535
78,18/08/2021,-0.4264,0.7130038975622519,2.32,0.09,5.3,38.47919999999999,0.0395074901080233,38.05279999999999,0.7525113876702753,49.684300000000015,1.3460844191007078,41.6159,1.8232501126665903,29.11260000000001,0.6902185374536755,18.93490000000001,0.8161059249520024
79,19/08/2021,-20.67380000000001,0.733984937365848,2.28,0.09,5.3,23.568500000000007,0.042163805782006,2.8946999999999967,0.776148743147854,20.10220000000001,1.0342562426495183,34.84810000000001,1.4988036790165762,24.6504,0.5282047588861991,39.60369999999998,0.6804783687200633
80,20/08/2021,-6.503200000000001,0.5417027769386568,2.27,0.09,5.3,28.22469999999999,0.0322616135938018,21.721499999999992,0.5739643905324585,-4.325400000000002,1.0551169181057367,49.684300000000015,1.3460844191007078,39.42930000000001,0.8301555430260068,30.214000000000013,0.6389116544390333
81,21/08/2021,-11.119000000000002,0.486124806096554,2.5218181818181824,0.09,5.3,26.7536,0.0294593036496006,15.634599999999995,0.5155841097461547,1.3213999999999937,1.011087132496502,20.10220000000001,1.0342562426495183,41.6159,1.8232501126665903,28.1244,0.6524202872569863
82,22/08/2021,-5.058,0.557332738989552,2.5218181818181824,0.09,5.3,28.212400000000013,0.0442579954520073,23.154400000000013,0.6015907344415593,33.26079999999999,0.8001320830583789,-4.325400000000002,1.0551169181057367,34.84810000000001,1.4988036790165762,29.11260000000001,0.6902185374536755
83,23/08/2021,-8.037300000000002,0.4731518490133866,2.27,0.09,5.3,45.62460000000001,0.0536337285719611,37.587300000000006,0.5267855775853477,38.05279999999999,0.7525113876702753,1.3213999999999937,1.011087132496502,49.684300000000015,1.3460844191007078,24.6504,0.5282047588861991
84,24/08/2021,-4.297499999999999,0.4402108821876148,2.3,0.09,5.3,25.01730000000001,0.0497045305440942,20.71980000000001,0.4899154127317089,2.8946999999999967,0.776148743147854,33.26079999999999,0.8001320830583789,20.10220000000001,1.0342562426495183,39.42930000000001,0.8301555430260068
85,25/08/2021,-8.792299999999997,0.6399542444103584,2.35,0.09,5.3,33.9438,0.0766624253900795,25.15150000000001,0.7166166698004379,21.721499999999992,0.5739643905324585,38.05279999999999,0.7525113876702753,-4.325400000000002,1.0551169181057367,41.6159,1.8232501126665903
86,26/08/2021,-7.341500000000002,0.4860691026569441,2.33,0.09,5.3,17.48860000000001,0.0336760116432689,10.147100000000007,0.519745114300213,15.634599999999995,0.5155841097461547,2.8946999999999967,0.776148743147854,1.3213999999999937,1.011087132496502,34.84810000000001,1.4988036790165762
87,27/08/2021,-4.124999999999998,0.6488664251671371,2.39,0.08,5.3,10.6511,0.0434597282981014,6.526100000000001,0.6923261534652385,23.154400000000013,0.6015907344415593,21.721499999999992,0.5739643905324585,33.26079999999999,0.8001320830583789,49.684300000000015,1.3460844191007078
88,28/08/2021,-10.030899999999995,0.5812933260229238,2.5218181818181824,0.08,5.3,21.2224,0.0503957325409107,11.191500000000003,0.6316890585638345,37.587300000000006,0.5267855775853477,15.634599999999995,0.5155841097461547,38.05279999999999,0.7525113876702753,20.10220000000001,1.0342562426495183
89,29/08/2021,-6.785099999999999,0.3334455916020726,2.5218181818181824,0.08,5.3,36.22160000000001,0.0421201149315947,29.43650000000001,0.3755657065336673,20.71980000000001,0.4899154127317089,23.154400000000013,0.6015907344415593,2.8946999999999967,0.776148743147854,-4.325400000000002,1.0551169181057367
90,30/08/2021,-1.4711,0.3059644067523813,2.37,0.08,5.3,41.59439999999999,0.0482992817655692,40.12329999999999,0.3542636885179505,25.15150000000001,0.7166166698004379,37.587300000000006,0.5267855775853477,21.721499999999992,0.5739643905324585,1.3213999999999937,1.011087132496502
91,31/08/2021,-2.3575000000000004,0.415192380646295,2.33,0.06,5.3,16.6115,0.0476589849629683,14.254,0.4628513656092632,10.147100000000007,0.519745114300213,20.71980000000001,0.4899154127317089,15.634599999999995,0.5155841097461547,33.26079999999999,0.8001320830583789
92,01/09/2021,-0.0236999999999999,0.3942314385391799,2.34,0.08,4.6,38.72549999999998,0.043010750214561,38.701799999999984,0.4372421887537409,6.526100000000001,0.6923261534652385,25.15150000000001,0.7166166698004379,23.154400000000013,0.6015907344415593,38.05279999999999,0.7525113876702753
93,02/09/2021,2.639,0.5486107496690654,2.32,0.08,4.6,24.023599999999995,0.0441240980015229,26.662599999999998,0.5927348476705884,11.191500000000003,0.6316890585638345,10.147100000000007,0.519745114300213,37.587300000000006,0.5267855775853477,2.8946999999999967,0.776148743147854
94,03/09/2021,-7.1448,0.8131788082123698,2.34,0.08,4.6,26.61939999999999,0.0245944500811284,19.47459999999999,0.8377732582934981,29.43650000000001,0.3755657065336673,6.526100000000001,0.6923261534652385,20.71980000000001,0.4899154127317089,21.721499999999992,0.5739643905324585
95,04/09/2021,-1.4596,0.4267885255028754,2.5218181818181824,0.08,4.6,18.6899,0.0415040076188325,17.2303,0.4682925331217079,40.12329999999999,0.3542636885179505,11.191500000000003,0.6316890585638345,25.15150000000001,0.7166166698004379,15.634599999999995,0.5155841097461547
96,05/09/2021,-0.8259999999999996,0.4176523295947846,2.5218181818181824,0.08,4.6,21.3438,0.0340114094753794,20.5178,0.451663739070164,14.254,0.4628513656092632,29.43650000000001,0.3755657065336673,10.147100000000007,0.519745114300213,23.154400000000013,0.6015907344415593
97,06/09/2021,-4.9872,0.3366210627369053,2.5218181818181824,0.08,4.6,35.2807,0.061604619117499,30.2935,0.3982256818544042,38.701799999999984,0.4372421887537409,40.12329999999999,0.3542636885179505,6.526100000000001,0.6923261534652385,37.587300000000006,0.5267855775853477
98,07/09/2021,-3.359900000000001,0.6186879681740476,2.36,0.08,4.6,27.1767,0.0660252329555614,23.8168,0.684713201129609,26.662599999999998,0.5927348476705884,14.254,0.4628513656092632,11.191500000000003,0.6316890585638345,20.71980000000001,0.4899154127317089
99,08/09/2021,-4.3944,0.7644280696338993,2.38,0.08,4.6,34.425000000000004,0.0442568105846592,30.030600000000003,0.8086848802185586,19.47459999999999,0.8377732582934981,38.701799999999984,0.4372421887537409,29.43650000000001,0.3755657065336673,25.15150000000001,0.7166166698004379
100,09/09/2021,-4.543099999999997,0.9055600212964128,2.38,0.08,4.6,17.708600000000004,0.0405771389582745,13.165500000000009,0.9461371602546872,17.2303,0.4682925331217079,26.662599999999998,0.5927348476705884,40.12329999999999,0.3542636885179505,10.147100000000007,0.519745114300213
101,10/09/2021,-5.7002,0.7582444167234704,2.4,0.08,4.6,30.729299999999988,0.1311493682325594,25.02909999999999,0.8893937849560298,20.5178,0.451663739070164,19.47459999999999,0.8377732582934981,14.254,0.4628513656092632,6.526100000000001,0.6923261534652385
102,11/09/2021,-7.089499999999999,0.4215799114978615,2.5218181818181824,0.08,4.6,28.0043,0.0296370418600376,20.9148,0.4512169533578991,30.2935,0.3982256818544042,17.2303,0.4682925331217079,38.701799999999984,0.4372421887537409,11.191500000000003,0.6316890585638345
103,12/09/2021,-2.5752,0.3746745900972165,2.5218181818181824,0.08,4.6,22.0316,0.0360197415784964,19.4564,0.4106943316757129,23.8168,0.684713201129609,20.5178,0.451663739070164,26.662599999999998,0.5927348476705884,29.43650000000001,0.3755657065336673
104,13/09/2021,4.0924,0.7092101424653613,2.37,0.08,4.6,40.947299999999984,0.0435861798799121,45.03969999999998,0.7527963223452734,30.030600000000003,0.8086848802185586,30.2935,0.3982256818544042,19.47459999999999,0.8377732582934981,40.12329999999999,0.3542636885179505
105,14/09/2021,4.174099999999999,1.3317255987680088,2.33,0.08,4.6,31.02350000000001,0.0612641371503948,35.19760000000001,1.3929897359184036,13.165500000000009,0.9461371602546872,23.8168,0.684713201129609,17.2303,0.4682925331217079,14.254,0.4628513656092632
106,15/09/2021,-4.436400000000001,1.102805968901252,2.35,0.08,4.6,38.97269999999999,0.0708771968833737,34.53629999999999,1.1736831657846256,25.02909999999999,0.8893937849560298,30.030600000000003,0.8086848802185586,20.5178,0.451663739070164,38.701799999999984,0.4372421887537409
107,16/09/2021,8.6519,0.6353114330686627,2.35,0.08,4.6,12.339099999999997,0.0508698676482832,20.991,0.6861813007169458,20.9148,0.4512169533578991,13.165500000000009,0.9461371602546872,30.2935,0.3982256818544042,26.662599999999998,0.5927348476705884
108,17/09/2021,-7.610600000000002,0.7272780596521324,2.33,0.08,4.6,15.772300000000005,0.0283039691231145,8.161700000000003,0.7555820287752469,19.4564,0.4106943316757129,25.02909999999999,0.8893937849560298,23.8168,0.684713201129609,19.47459999999999,0.8377732582934981
109,18/09/2021,-6.821799999999998,0.5034621964893925,2.5218181818181824,0.08,4.6,24.1827,0.0393359935514523,17.3609,0.5427981900408448,45.03969999999998,0.7527963223452734,20.9148,0.4512169533578991,30.030600000000003,0.8086848802185586,17.2303,0.4682925331217079
110,19/09/2021,-4.484399999999999,0.4597704232156736,2.5218181818181824,0.08,4.6,19.881900000000005,0.0431775762263365,15.397500000000006,0.5029479994420101,35.19760000000001,1.3929897359184036,19.4564,0.4106943316757129,13.165500000000009,0.9461371602546872,20.5178,0.451663739070164
111,20/09/2021,-6.129600000000003,0.7637303905834698,2.29,0.08,4.6,18.735199999999992,0.0498997327107703,12.605599999999988,0.8136301232942401,34.53629999999999,1.1736831657846256,45.03969999999998,0.7527963223452734,25.02909999999999,0.8893937849560298,30.2935,0.3982256818544042
112,21/09/2021,-1.2318999999999996,0.8112897980198785,2.29,0.08,4.6,25.693800000000003,0.0557493831449307,24.461900000000004,0.8670391811648093,20.991,0.6861813007169458,35.19760000000001,1.3929897359184036,20.9148,0.4512169533578991,23.8168,0.684713201129609
113,22/09/2021,-10.0026,0.6876464816450872,2.28,0.08,4.6,23.0381,0.0379073589506651,13.035499999999995,0.7255538405957523,8.161700000000003,0.7555820287752469,34.53629999999999,1.1736831657846256,19.4564,0.4106943316757129,30.030600000000003,0.8086848802185586
114,23/09/2021,-10.479399999999998,0.8458394147123173,2.31,0.08,4.6,19.1984,0.0470179362345022,8.719000000000001,0.8928573509468195,17.3609,0.5427981900408448,20.991,0.6861813007169458,45.03969999999998,0.7527963223452734,13.165500000000009,0.9461371602546872
115,24/09/2021,2.7964,0.5603450348910513,2.34,0.08,4.6,21.0744,0.0314253190450835,23.870800000000003,0.5917703539361348,15.397500000000006,0.5029479994420101,8.161700000000003,0.7555820287752469,35.19760000000001,1.3929897359184036,25.02909999999999,0.8893937849560298
116,25/09/2021,-13.140300000000003,0.5616294331059082,2.5218181818181824,0.08,4.6,27.49140000000001,0.0395249603747137,14.351100000000006,0.6011543934806218,12.605599999999988,0.8136301232942401,17.3609,0.5427981900408448,34.53629999999999,1.1736831657846256,20.9148,0.4512169533578991
117,26/09/2021,-6.475899999999998,0.4963335828486706,2.5218181818181824,0.08,4.6,25.8673,0.0246434057420074,19.3914,0.520976988590678,24.461900000000004,0.8670391811648093,15.397500000000006,0.5029479994420101,20.991,0.6861813007169458,19.4564,0.4106943316757129
118,27/09/2021,-13.244300000000004,0.8408725196048652,2.35,0.08,4.6,36.4132,0.0485993717924024,23.1689,0.8894718913972676,13.035499999999995,0.7255538405957523,12.605599999999988,0.8136301232942401,8.161700000000003,0.7555820287752469,45.03969999999998,0.7527963223452734
119,28/09/2021,0.8440999999999994,1.0679422337564934,2.38,0.08,4.6,48.9011,0.056655474573278,49.7452,1.1245977083297714,8.719000000000001,0.8928573509468195,24.461900000000004,0.8670391811648093,17.3609,0.5427981900408448,35.19760000000001,1.3929897359184036
120,29/09/2021,-3.8626,1.3512008634547252,2.37,0.08,4.6,35.84730000000001,0.0440883296773203,31.98470000000001,1.3952891931320457,23.870800000000003,0.5917703539361348,13.035499999999995,0.7255538405957523,15.397500000000006,0.5029479994420101,34.53629999999999,1.1736831657846256
121,30/09/2021,-7.280099999999999,1.5901438532462215,2.37,0.06,4.6,26.2532,0.0483759632340645,18.9731,1.638519816480286,14.351100000000006,0.6011543934806218,8.719000000000001,0.8928573509468195,12.605599999999988,0.8136301232942401,20.991,0.6861813007169458
122,01/10/2021,0.7179000000000005,1.3549318235999124,2.38,0.08,4.3,45.09140000000002,0.074007448826923,45.80930000000002,1.4289392724268355,19.3914,0.520976988590678,23.870800000000003,0.5917703539361348,24.461900000000004,0.8670391811648093,8.161700000000003,0.7555820287752469
123,02/10/2021,-3.9057,0.7919306244629061,2.5218181818181824,0.08,4.3,20.904300000000006,0.0393267190766718,16.998600000000007,0.8312573435395779,23.1689,0.8894718913972676,14.351100000000006,0.6011543934806218,13.035499999999995,0.7255538405957523,17.3609,0.5427981900408448
124,03/10/2021,-10.257,0.6810090765925546,2.5218181818181824,0.08,4.3,23.9807,0.0391953954065933,13.7237,0.7202044719991479,49.7452,1.1245977083297714,19.3914,0.520976988590678,8.719000000000001,0.8928573509468195,15.397500000000006,0.5029479994420101
125,04/10/2021,-5.523999999999999,0.9151388407506192,2.38,0.08,4.3,52.44199999999999,0.0465111898096875,46.91799999999999,0.9616500305603068,31.98470000000001,1.3952891931320457,23.1689,0.8894718913972676,23.870800000000003,0.5917703539361348,12.605599999999988,0.8136301232942401
126,05/10/2021,2.165400000000002,0.8495842166627118,2.45,0.08,4.3,31.1994,0.0527857779109531,33.3648,0.9023699945736648,18.9731,1.638519816480286,49.7452,1.1245977083297714,14.351100000000006,0.6011543934806218,24.461900000000004,0.8670391811648093
127,06/10/2021,-9.5996,0.795414561426202,2.43,0.08,4.3,24.5681,0.0514319749435891,14.9685,0.8468465363697911,45.80930000000002,1.4289392724268355,31.98470000000001,1.3952891931320457,19.3914,0.520976988590678,13.035499999999995,0.7255538405957523
128,07/10/2021,-11.320100000000004,0.8991821966725458,2.46,0.08,4.3,31.4812,0.0464270397532667,20.1611,0.9456092364258124,16.998600000000007,0.8312573435395779,18.9731,1.638519816480286,23.1689,0.8894718913972676,8.719000000000001,0.8928573509468195
129,08/10/2021,-3.8874,1.1414653096996237,2.5,0.08,4.3,30.947899999999976,0.0624429357704539,27.060499999999976,1.2039082454700776,13.7237,0.7202044719991479,45.80930000000002,1.4289392724268355,49.7452,1.1245977083297714,23.870800000000003,0.5917703539361348
130,09/10/2021,-1.5835000000000004,1.1854244674387546,2.5218181818181824,0.08,4.3,20.431,0.0272161244431961,18.8475,1.2126405918819507,46.91799999999999,0.9616500305603068,16.998600000000007,0.8312573435395779,31.98470000000001,1.3952891931320457,14.351100000000006,0.6011543934806218
131,10/10/2021,-8.774599999999998,0.6443362947094966,2.5218181818181824,0.08,4.3,23.116900000000008,0.0440107220896872,14.34230000000001,0.6883470167991838,33.3648,0.9023699945736648,13.7237,0.7202044719991479,18.9731,1.638519816480286,19.3914,0.520976988590678
132,11/10/2021,-9.7742,0.6638278536584186,2.5218181818181824,0.08,4.3,31.87269999999999,0.0441639110727251,22.09849999999999,0.7079917647311437,14.9685,0.8468465363697911,46.91799999999999,0.9616500305603068,45.80930000000002,1.4289392724268355,23.1689,0.8894718913972676
133,12/10/2021,-3.2810999999999986,0.7682076355201145,2.49,0.08,4.3,58.51669999999999,0.072733820050505,55.23559999999999,0.8409414555706195,20.1611,0.9456092364258124,33.3648,0.9023699945736648,16.998600000000007,0.8312573435395779,49.7452,1.1245977083297714
134,13/10/2021,0.7809000000000014,2.632585133130644,2.52,0.08,4.3,43.2286,0.095041067308093,44.0095,2.727626200438737,27.060499999999976,1.2039082454700776,14.9685,0.8468465363697911,13.7237,0.7202044719991479,31.98470000000001,1.3952891931320457
135,14/10/2021,-14.100899999999992,2.461971597101004,2.52,0.08,4.3,35.50419999999998,0.0699649304857417,21.40329999999999,2.531936527586746,18.8475,1.2126405918819507,20.1611,0.9456092364258124,46.91799999999999,0.9616500305603068,18.9731,1.638519816480286
136,15/10/2021,-18.1362,1.769514354306414,2.56,0.08,4.3,43.44229999999998,0.1016425092886199,25.306099999999983,1.871156863595034,14.34230000000001,0.6883470167991838,27.060499999999976,1.2039082454700776,33.3648,0.9023699945736648,45.80930000000002,1.4289392724268355
137,16/10/2021,-3.6284,1.6630311735827237,2.5218181818181824,0.08,4.3,19.96250000000001,0.0689347592896234,16.33410000000001,1.7319659328723471,22.09849999999999,0.7079917647311437,18.8475,1.2126405918819507,14.9685,0.8468465363697911,16.998600000000007,0.8312573435395779
138,17/10/2021,-4.471700000000002,1.2581556098668325,2.5218181818181824,0.08,4.3,31.409399999999994,0.0421614281277436,26.937699999999992,1.300317037994576,55.23559999999999,0.8409414555706195,14.34230000000001,0.6883470167991838,20.1611,0.9456092364258124,13.7237,0.7202044719991479
139,18/10/2021,-16.953100000000003,1.295592370339164,2.54,0.08,4.3,44.40169999999999,0.0869910652119699,27.44859999999999,1.382583435551134,44.0095,2.727626200438737,22.09849999999999,0.7079917647311437,27.060499999999976,1.2039082454700776,46.91799999999999,0.9616500305603068
140,19/10/2021,2.893900000000001,1.3103938857078028,2.54,0.08,4.3,44.56860000000001,0.065959825698117,47.46250000000001,1.37635371140592,21.40329999999999,2.531936527586746,55.23559999999999,0.8409414555706195,18.8475,1.2126405918819507,33.3648,0.9023699945736648
141,20/10/2021,-5.385100000000003,1.288942883284002,2.57,0.08,4.3,34.258599999999994,0.067566142210971,28.873499999999996,1.356509025494973,25.306099999999983,1.871156863595034,44.0095,2.727626200438737,14.34230000000001,0.6883470167991838,14.9685,0.8468465363697911
142,21/10/2021,3.7141000000000015,1.40932935544454,2.64,0.08,4.3,32.2259,0.0452446130180313,35.940000000000005,1.4545739684625714,16.33410000000001,1.7319659328723471,21.40329999999999,2.531936527586746,22.09849999999999,0.7079917647311437,20.1611,0.9456092364258124
143,22/10/2021,-3.402899999999998,1.271069818228095,2.64,0.08,4.3,39.5684,0.0539122031237328,36.1655,1.324982021351828,26.937699999999992,1.300317037994576,25.306099999999983,1.871156863595034,55.23559999999999,0.8409414555706195,27.060499999999976,1.2039082454700776
144,23/10/2021,11.1942,1.3737222819906407,2.5218181818181824,0.08,4.3,18.328299999999995,0.0421658805436257,29.522499999999997,1.4158881625342663,27.44859999999999,1.382583435551134,16.33410000000001,1.7319659328723471,44.0095,2.727626200438737,18.8475,1.2126405918819507
145,24/10/2021,-6.5586,1.4185685739064864,2.5218181818181824,0.08,4.3,13.797199999999998,0.0492738304379519,7.238599999999998,1.4678424043444382,47.46250000000001,1.37635371140592,26.937699999999992,1.300317037994576,21.40329999999999,2.531936527586746,14.34230000000001,0.6883470167991838
146,25/10/2021,10.240200000000002,1.6038615366088802,2.66,0.08,4.3,31.1217,0.0753769460092067,41.361900000000006,1.6792384826180868,28.873499999999996,1.356509025494973,27.44859999999999,1.382583435551134,25.306099999999983,1.871156863595034,22.09849999999999,0.7079917647311437
147,26/10/2021,-1.9887000000000004,1.6168560846282989,2.69,0.08,4.3,30.985,0.0597259001259453,28.9963,1.6765819847542442,35.940000000000005,1.4545739684625714,47.46250000000001,1.37635371140592,16.33410000000001,1.7319659328723471,55.23559999999999,0.8409414555706195
148,27/10/2021,11.996100000000004,1.4302995037144657,2.65,0.08,4.3,56.27309999999999,0.0950456199091327,68.2692,1.5253451236235984,36.1655,1.324982021351828,28.873499999999996,1.356509025494973,26.937699999999992,1.300317037994576,44.0095,2.727626200438737
149,28/10/2021,2.5495000000000005,1.3421551134138756,2.57,0.08,4.3,45.5588,0.0613248922406105,48.1083,1.403480005654486,29.522499999999997,1.4158881625342663,35.940000000000005,1.4545739684625714,27.44859999999999,1.382583435551134,21.40329999999999,2.531936527586746
150,29/10/2021,-3.5957999999999988,1.234919307719367,2.51,0.07,4.3,40.92179999999999,0.0659500837209377,37.32599999999999,1.300869391440305,7.238599999999998,1.4678424043444382,36.1655,1.324982021351828,47.46250000000001,1.37635371140592,25.306099999999983,1.871156863595034
151,30/10/2021,-3.0376000000000003,0.9027902515412408,2.5218181818181824,0.07,4.3,35.205,0.0471344977373453,32.1674,0.9499247492785862,41.361900000000006,1.6792384826180868,29.522499999999997,1.4158881625342663,28.873499999999996,1.356509025494973,16.33410000000001,1.7319659328723471
152,31/10/2021,-1.0257999999999998,0.9281222898391304,2.5218181818181824,0.07,4.3,32.42160000000001,0.0437979034884194,31.39580000000001,0.9719201933275498,28.9963,1.6765819847542442,7.238599999999998,1.4678424043444382,35.940000000000005,1.4545739684625714,26.937699999999992,1.300317037994576
153,01/11/2021,-0.1174999999999985,0.992824981216669,2.5,0.08,3.9,33.470500000000015,0.064608053179218,33.353000000000016,1.0574330343958869,68.2692,1.5253451236235984,41.361900000000006,1.6792384826180868,36.1655,1.324982021351828,27.44859999999999,1.382583435551134
154,02/11/2021,3.3688,1.264584296939622,2.51,0.08,3.9,41.5543,0.0660581498612082,44.9231,1.3306424468008302,48.1083,1.403480005654486,28.9963,1.6765819847542442,29.522499999999997,1.4158881625342663,47.46250000000001,1.37635371140592
155,03/11/2021,-2.584699999999999,1.3193459237756582,2.53,0.08,3.9,52.39390000000001,0.0824522975248302,49.80920000000001,1.4017982213004885,37.32599999999999,1.300869391440305,68.2692,1.5253451236235984,7.238599999999998,1.4678424043444382,28.873499999999996,1.356509025494973
156,04/11/2021,2.849600000000001,2.033546218855025,2.56,0.08,3.9,33.776799999999994,0.0683128878509466,36.6264,2.101859106705972,32.1674,0.9499247492785862,48.1083,1.403480005654486,41.361900000000006,1.6792384826180868,35.940000000000005,1.4545739684625714
157,05/11/2021,-10.5785,1.7949182707055549,2.54,0.08,3.9,43.6891,0.0706793983667217,33.110600000000005,1.8655976690722769,31.39580000000001,0.9719201933275498,37.32599999999999,1.300869391440305,28.9963,1.6765819847542442,36.1655,1.324982021351828
158,06/11/2021,-11.857500000000002,1.6956526102791063,2.5218181818181824,0.08,3.9,36.1462,0.0407027240318141,24.2887,1.7363553343109204,33.353000000000016,1.0574330343958869,32.1674,0.9499247492785862,68.2692,1.5253451236235984,29.522499999999997,1.4158881625342663
159,07/11/2021,-0.9265,1.2397146568209805,2.5218181818181824,0.08,3.9,39.0429,0.0530732129168912,38.116400000000006,1.2927878697378716,44.9231,1.3306424468008302,31.39580000000001,0.9719201933275498,48.1083,1.403480005654486,7.238599999999998,1.4678424043444382
160,08/11/2021,-8.9304,1.252320328052355,2.62,0.08,3.9,28.96560000000001,0.0461117656651259,20.03520000000001,1.298432093717481,49.80920000000001,1.4017982213004885,33.353000000000016,1.0574330343958869,37.32599999999999,1.300869391440305,41.361900000000006,1.6792384826180868
161,09/11/2021,2.984799999999999,1.3512008123239132,2.63,0.08,3.9,50.31810000000002,0.0635416567274566,53.30290000000002,1.4147424690513697,36.6264,2.101859106705972,44.9231,1.3306424468008302,32.1674,0.9499247492785862,28.9963,1.6765819847542442
162,10/11/2021,12.56210000000001,5.98454325968212,2.7,0.08,3.9,59.6672,0.2157929755768507,72.22930000000001,6.200336235258971,33.110600000000005,1.8655976690722769,49.80920000000001,1.4017982213004885,31.39580000000001,0.9719201933275498,68.2692,1.5253451236235984
163,11/11/2021,-20.626699999999992,4.9660121654647815,2.5218181818181824,0.08,3.9,65.37439999999998,0.1709300060064702,44.74769999999999,5.136942171471252,24.2887,1.7363553343109204,36.6264,2.101859106705972,33.353000000000016,1.0574330343958869,48.1083,1.403480005654486
164,12/11/2021,4.14069999999999,3.65556451465478,2.73,0.08,3.9,50.24990000000002,0.1131455909267901,54.390600000000006,3.76871010558157,38.116400000000006,1.2927878697378716,33.110600000000005,1.8655976690722769,44.9231,1.3306424468008302,37.32599999999999,1.300869391440305
165,13/11/2021,-2.6728999999999985,2.070163415564465,2.5218181818181824,0.08,3.9,35.291999999999994,0.0820104457123624,32.6191,2.1521738612768275,20.03520000000001,1.298432093717481,24.2887,1.7363553343109204,49.80920000000001,1.4017982213004885,32.1674,0.9499247492785862
166,14/11/2021,9.237199999999984,2.859696546048282,2.5218181818181824,0.08,3.9,20.6551,0.0554307975759122,29.892299999999985,2.9151273436241945,53.30290000000002,1.4147424690513697,38.116400000000006,1.2927878697378716,36.6264,2.101859106705972,31.39580000000001,0.9719201933275498
167,15/11/2021,-28.187999999999978,4.551309035079974,2.76,0.08,3.9,57.908000000000015,0.085980430190994,29.72000000000004,4.637289465270968,72.22930000000001,6.200336235258971,20.03520000000001,1.298432093717481,33.110600000000005,1.8655976690722769,33.353000000000016,1.0574330343958869
168,16/11/2021,-7.369800000000003,3.285499234536969,2.73,0.08,3.9,36.49679999999999,0.0989360144998953,29.12699999999999,3.3844352490368643,44.74769999999999,5.136942171471252,53.30290000000002,1.4147424690513697,24.2887,1.7363553343109204,44.9231,1.3306424468008302
169,17/11/2021,-14.4283,2.965482259486068,2.7,0.08,3.9,48.073600000000006,0.1026745987289298,33.645300000000006,3.068156858214998,54.390600000000006,3.76871010558157,72.22930000000001,6.200336235258971,38.116400000000006,1.2927878697378716,49.80920000000001,1.4017982213004885
170,18/11/2021,-0.7194000000000023,2.7329105738683825,2.73,0.08,3.9,56.33580000000001,0.0780454105247465,55.61640000000001,2.810955984393129,32.6191,2.1521738612768275,44.74769999999999,5.136942171471252,20.03520000000001,1.298432093717481,36.6264,2.101859106705972
171,19/11/2021,2.2803999999999984,2.727758665524612,2.65,0.08,3.9,52.29619999999999,0.1014262515089443,54.57659999999999,2.8291849170335563,29.892299999999985,2.9151273436241945,54.390600000000006,3.76871010558157,53.30290000000002,1.4147424690513697,33.110600000000005,1.8655976690722769
172,20/11/2021,4.939099999999995,1.8813826314603408,2.5218181818181824,0.08,3.9,33.58740000000002,0.0713321121134856,38.52650000000001,1.9527147435738264,29.72000000000004,4.637289465270968,32.6191,2.1521738612768275,72.22930000000001,6.200336235258971,24.2887,1.7363553343109204
173,21/11/2021,-4.5727,1.7741594615933884,2.5218181818181824,0.08,3.9,44.2266,0.0625303914667381,39.6539,1.8366898530601263,29.12699999999999,3.3844352490368643,29.892299999999985,2.9151273436241945,44.74769999999999,5.136942171471252,38.116400000000006,1.2927878697378716
174,22/11/2021,11.668400000000004,1.436823703156922,2.61,0.08,3.9,47.2337,0.1020305573613157,58.9021,1.5388542605182376,33.645300000000006,3.068156858214998,29.72000000000004,4.637289465270968,54.390600000000006,3.76871010558157,20.03520000000001,1.298432093717481
175,23/11/2021,0.9896000000000028,3.1185166821090893,2.62,0.08,3.9,45.9638,0.0944933999110198,46.9534,3.213010082020109,55.61640000000001,2.810955984393129,29.12699999999999,3.3844352490368643,32.6191,2.1521738612768275,53.30290000000002,1.4147424690513697
176,24/11/2021,-7.2415999999999965,2.8998635071075176,2.61,0.08,3.9,36.5913,0.0873503303410387,29.3497,2.9872138374485564,54.57659999999999,2.8291849170335563,33.645300000000006,3.068156858214998,29.892299999999985,2.9151273436241945,72.22930000000001,6.200336235258971
177,25/11/2021,-4.862999999999995,2.2185615280993973,2.5218181818181824,0.08,3.9,24.921499999999995,0.0613964246109297,20.0585,2.279957952710327,38.52650000000001,1.9527147435738264,55.61640000000001,2.810955984393129,29.72000000000004,4.637289465270968,44.74769999999999,5.136942171471252
178,26/11/2021,-9.2741,1.5929096323912786,2.55,0.08,3.9,31.01649999999999,0.0624047738227302,21.74239999999999,1.6553144062140088,39.6539,1.8366898530601263,54.57659999999999,2.8291849170335563,29.12699999999999,3.3844352490368643,54.390600000000006,3.76871010558157
179,27/11/2021,-15.6048,1.4306727594489368,2.5218181818181824,0.08,3.9,29.249900000000004,0.0415114773579988,13.645100000000005,1.4721842368069356,58.9021,1.5388542605182376,38.52650000000001,1.9527147435738264,33.645300000000006,3.068156858214998,32.6191,2.1521738612768275
180,28/11/2021,5.617,1.289409279370339,2.5218181818181824,0.08,3.9,29.1916,0.0497097460057747,34.8086,1.3391190253761136,46.9534,3.213010082020109,39.6539,1.8366898530601263,55.61640000000001,2.810955984393129,29.892299999999985,2.9151273436241945
181,29/11/2021,0.1369000000000013,1.2979678205858771,2.54,0.08,3.9,49.20060000000001,0.0707705689507755,49.33750000000001,1.3687383895366527,29.3497,2.9872138374485564,58.9021,1.5388542605182376,54.57659999999999,2.8291849170335563,29.72000000000004,4.637289465270968
182,30/11/2021,-2.7504,2.0856311879147493,2.5,0.07,3.9,46.33420000000001,0.0884243201320797,43.58380000000001,2.174055508046829,20.0585,2.279957952710327,46.9534,3.213010082020109,38.52650000000001,1.9527147435738264,29.12699999999999,3.3844352490368643
183,01/12/2021,-8.243599999999999,1.5484923946312292,2.44,0.08,3.7,48.93689999999998,0.1272970526360893,40.69329999999998,1.6757894472673185,21.74239999999999,1.6553144062140088,29.3497,2.9872138374485564,39.6539,1.8366898530601263,33.645300000000006,3.068156858214998
184,02/12/2021,-1.3650999999999989,1.521203184655351,2.47,0.08,3.7,42.6388,0.0922339379035927,41.273700000000005,1.613437122558944,13.645100000000005,1.4721842368069356,20.0585,2.279957952710327,58.9021,1.5388542605182376,55.61640000000001,2.810955984393129
185,03/12/2021,8.564900000000007,1.4586569565098988,2.43,0.08,3.7,34.8428,0.0627444312638987,43.407700000000006,1.5214013877737975,34.8086,1.3391190253761136,21.74239999999999,1.6553144062140088,46.9534,3.213010082020109,54.57659999999999,2.8291849170335563
186,04/12/2021,-5.505899999999998,1.098102146298683,2.5218181818181824,0.08,3.7,34.12080000000001,0.0742215907122184,28.614900000000013,1.1723237370109014,49.33750000000001,1.3687383895366527,13.645100000000005,1.4721842368069356,29.3497,2.9872138374485564,38.52650000000001,1.9527147435738264
187,05/12/2021,-3.939500000000001,0.8782547163886563,2.5218181818181824,0.08,3.7,31.969800000000003,0.0532786493008364,28.0303,0.9315333656894926,43.58380000000001,2.174055508046829,34.8086,1.3391190253761136,20.0585,2.279957952710327,39.6539,1.8366898530601263
188,06/12/2021,3.119900000000001,0.7538681546567013,2.44,0.08,3.7,24.1861,0.0628563677815226,27.306,0.8167245224382239,40.69329999999998,1.6757894472673185,49.33750000000001,1.3687383895366527,21.74239999999999,1.6553144062140088,58.9021,1.5388542605182376
189,07/12/2021,-2.7325000000000017,0.9244592078563936,2.47,0.08,3.7,43.24719999999999,0.0596120968049716,40.51469999999999,0.9840713046613652,41.273700000000005,1.613437122558944,43.58380000000001,2.174055508046829,13.645100000000005,1.4721842368069356,46.9534,3.213010082020109
190,08/12/2021,-1.1386999999999996,1.4772940989997414,2.52,0.08,3.7,29.82319999999999,0.0846739666498895,28.68449999999999,1.5619680656496309,43.407700000000006,1.5214013877737975,40.69329999999998,1.6757894472673185,34.8086,1.3391190253761136,29.3497,2.9872138374485564
191,09/12/2021,3.5458000000000003,1.7191492117896807,2.47,0.08,3.7,35.672100000000015,0.073625448274875,39.217900000000014,1.7927746600645558,28.614900000000013,1.1723237370109014,41.273700000000005,1.613437122558944,49.33750000000001,1.3687383895366527,20.0585,2.279957952710327
192,10/12/2021,-3.5771999999999955,5.466367495562544,2.44,0.08,3.7,60.218,0.1620089280532975,56.640800000000006,5.628376423615841,28.0303,0.9315333656894926,43.407700000000006,1.5214013877737975,43.58380000000001,2.174055508046829,21.74239999999999,1.6553144062140088
193,11/12/2021,-7.200499999999997,3.752055259025906,2.5218181818181824,0.08,3.7,22.6517,0.0601658554464207,15.451200000000004,3.812221114472327,27.306,0.8167245224382239,28.614900000000013,1.1723237370109014,40.69329999999998,1.6757894472673185,13.645100000000005,1.4721842368069356
194,12/12/2021,-7.7349999999999985,1.980915444467776,2.5218181818181824,0.08,3.7,22.3865,0.0662952941597403,14.651500000000002,2.047210738627516,40.51469999999999,0.9840713046613652,28.0303,0.9315333656894926,41.273700000000005,1.613437122558944,34.8086,1.3391190253761136
195,13/12/2021,-14.656299999999993,2.1860329430409204,2.4,0.08,3.7,43.34590000000001,0.1010449897183175,28.689600000000013,2.287077932759238,28.68449999999999,1.5619680656496309,27.306,0.8167245224382239,43.407700000000006,1.5214013877737975,49.33750000000001,1.3687383895366527
196,14/12/2021,-17.047399999999996,2.581026397080215,2.37,0.08,3.7,37.284400000000005,0.0777757009970112,20.23700000000001,2.658802098077226,39.217900000000014,1.7927746600645558,40.51469999999999,0.9840713046613652,28.614900000000013,1.1723237370109014,43.58380000000001,2.174055508046829
197,15/12/2021,-13.131800000000004,3.123610753073425,2.39,0.08,3.7,47.89660000000001,0.1253362796985826,34.7648,3.248947032772008,56.640800000000006,5.628376423615841,28.68449999999999,1.5619680656496309,28.0303,0.9315333656894926,40.69329999999998,1.6757894472673185
198,16/12/2021,-6.0788,2.112280565309843,2.42,0.08,3.7,40.982900000000015,0.1165486037046048,34.904100000000014,2.228829169014448,15.451200000000004,3.812221114472327,39.217900000000014,1.7927746600645558,27.306,0.8167245224382239,41.273700000000005,1.613437122558944
199,17/12/2021,-10.199500000000002,2.300028665386391,2.38,0.08,3.7,40.99150000000001,0.0780043195720789,30.79200000000001,2.37803298495847,14.651500000000002,2.047210738627516,56.640800000000006,5.628376423615841,40.51469999999999,0.9840713046613652,43.407700000000006,1.5214013877737975
200,18/12/2021,-12.158699999999996,1.5467577955835925,2.5218181818181824,0.08,3.7,42.82410000000001,0.0922665379406244,30.66540000000001,1.639024333524217,28.689600000000013,2.287077932759238,15.451200000000004,3.812221114472327,28.68449999999999,1.5619680656496309,28.614900000000013,1.1723237370109014
201,19/12/2021,-3.633099999999996,1.770326151790265,2.5218181818181824,0.08,3.7,27.7626,0.0709069907341213,24.129500000000004,1.8412331425243864,20.23700000000001,2.658802098077226,14.651500000000002,2.047210738627516,39.217900000000014,1.7927746600645558,28.0303,0.9315333656894926
202,20/12/2021,-1.6747999999999983,1.8500929922005964,2.39,0.08,3.7,46.24529999999997,0.0612650967801625,44.57049999999997,1.9113580889807589,34.7648,3.248947032772008,28.689600000000013,2.287077932759238,56.640800000000006,5.628376423615841,27.306,0.8167245224382239
203,21/12/2021,-11.6162,1.4235015090693734,2.44,0.08,3.7,44.3875,0.0746531028286868,32.771300000000004,1.4981546118980602,34.904100000000014,2.228829169014448,20.23700000000001,2.658802098077226,15.451200000000004,3.812221114472327,40.51469999999999,0.9840713046613652
204,22/12/2021,-12.363799999999996,1.4541410367723862,2.47,0.08,3.7,44.55969999999999,0.0752097285466747,32.195899999999995,1.5293507653190608,30.79200000000001,2.37803298495847,34.7648,3.248947032772008,14.651500000000002,2.047210738627516,28.68449999999999,1.5619680656496309
205,23/12/2021,-4.6006,1.183809405763088,2.47,0.08,3.7,46.60249999999999,0.0812214443308538,42.00189999999999,1.2650308500939418,30.66540000000001,1.639024333524217,34.904100000000014,2.228829169014448,28.689600000000013,2.287077932759238,39.217900000000014,1.7927746600645558
206,24/12/2021,-2.1584000000000008,1.0487573349886374,2.5218181818181824,0.08,3.7,29.8333,0.0621968033504111,27.6749,1.1109541383390484,24.129500000000004,1.8412331425243864,30.79200000000001,2.37803298495847,20.23700000000001,2.658802098077226,56.640800000000006,5.628376423615841
207,25/12/2021,-4.8745,0.636229389070232,2.5218181818181824,0.08,3.7,14.7115,0.0304979268644734,9.837,0.6667273159347054,44.57049999999997,1.9113580889807589,30.66540000000001,1.639024333524217,34.7648,3.248947032772008,15.451200000000004,3.812221114472327
208,26/12/2021,1.4155999999999995,0.6986347109660953,2.5218181818181824,0.08,3.7,41.07180000000001,0.0586358817925095,42.48740000000001,0.7572705927586048,32.771300000000004,1.4981546118980602,24.129500000000004,1.8412331425243864,34.904100000000014,2.228829169014448,14.651500000000002,2.047210738627516
209,27/12/2021,4.586599999999999,1.3090847903836864,2.5,0.08,3.7,40.31719999999999,0.0728488495642225,44.90379999999999,1.381933639947909,32.195899999999995,1.5293507653190608,44.57049999999997,1.9113580889807589,30.79200000000001,2.37803298495847,28.689600000000013,2.287077932759238
210,28/12/2021,-5.825099999999999,1.1958217941192366,2.5,0.08,3.7,35.9187,0.0629981997319488,30.0936,1.2588199938511857,42.00189999999999,1.2650308500939418,32.771300000000004,1.4981546118980602,30.66540000000001,1.639024333524217,20.23700000000001,2.658802098077226
211,29/12/2021,3.1493999999999995,1.4545376783734616,2.53,0.08,3.7,36.73809999999998,0.0705075622271688,39.88749999999998,1.5250452406006303,27.6749,1.1109541383390484,32.195899999999995,1.5293507653190608,24.129500000000004,1.8412331425243864,34.7648,3.248947032772008
212,30/12/2021,-2.770999999999999,1.807684838786424,2.58,0.08,3.7,45.36390000000001,0.0675549783981354,42.59290000000001,1.8752398171845592,9.837,0.6667273159347054,42.00189999999999,1.2650308500939418,44.57049999999997,1.9113580889807589,34.904100000000014,2.228829169014448
213,31/12/2021,4.5368,0.9681450250029376,2.56,0.07,3.7,27.2533,0.0541184848295053,31.7901,1.0222635098324429,42.48740000000001,0.7572705927586048,27.6749,1.1109541383390484,32.771300000000004,1.4981546118980602,30.79200000000001,2.37803298495847
214,01/01/2022,-2.3183,0.8307354843330731,2.5218181818181824,0.07,4.4,17.16330000000001,0.065500486235393,14.84500000000001,0.896235970568466,44.90379999999999,1.381933639947909,9.837,0.6667273159347054,32.195899999999995,1.5293507653190608,30.66540000000001,1.639024333524217
215,02/01/2022,-1.9309,0.920335216494614,2.5218181818181824,0.07,4.4,23.4908,0.0709313301222522,21.5599,0.9912665466168662,30.0936,1.2588199938511857,42.48740000000001,0.7572705927586048,42.00189999999999,1.2650308500939418,24.129500000000004,1.8412331425243864
216,03/01/2022,-6.575399999999999,0.8243365370950665,2.6,0.08,4.4,37.5534,0.0424884573438491,30.978000000000005,0.8668249944389156,39.88749999999998,1.5250452406006303,44.90379999999999,1.381933639947909,27.6749,1.1109541383390484,44.57049999999997,1.9113580889807589
217,04/01/2022,-10.596299999999996,1.3129347969830916,2.57,0.08,4.4,29.61180000000001,0.0682401965574275,19.015500000000014,1.381174993540519,42.59290000000001,1.8752398171845592,30.0936,1.2588199938511857,9.837,0.6667273159347054,32.771300000000004,1.4981546118980602
218,05/01/2022,-14.742899999999992,1.2341129916524511,2.53,0.08,4.4,49.2145,0.1047702126489273,34.47160000000001,1.3388832043013783,31.7901,1.0222635098324429,39.88749999999998,1.5250452406006303,42.48740000000001,0.7572705927586048,32.195899999999995,1.5293507653190608
219,06/01/2022,-4.2874999999999925,1.2626914569795595,2.46,0.08,4.4,49.49389999999998,0.0933167155934765,45.20639999999999,1.356008172573036,14.84500000000001,0.896235970568466,42.59290000000001,1.8752398171845592,44.90379999999999,1.381933639947909,42.00189999999999,1.2650308500939418
220,07/01/2022,-6.3782,0.5737069267936021,2.48,0.08,4.4,34.9518,0.0824072054299408,28.5736,0.656114132223543,21.5599,0.9912665466168662,31.7901,1.0222635098324429,30.0936,1.2588199938511857,27.6749,1.1109541383390484
221,08/01/2022,-5.721699999999999,0.545090279809636,2.5218181818181824,0.08,4.4,16.032200000000003,0.0748665578089488,10.310500000000005,0.6199568376185848,30.978000000000005,0.8668249944389156,14.84500000000001,0.896235970568466,39.88749999999998,1.5250452406006303,9.837,0.6667273159347054
222,09/01/2022,-11.003899999999994,0.5616031166129061,2.5218181818181824,0.08,4.4,30.804999999999986,0.0609509339934684,19.80109999999999,0.6225540506063745,19.015500000000014,1.381174993540519,21.5599,0.9912665466168662,42.59290000000001,1.8752398171845592,42.48740000000001,0.7572705927586048
223,10/01/2022,-3.803,0.663718498523605,2.48,0.08,4.4,37.79710000000001,0.075109367331065,33.99410000000001,0.73882786585467,34.47160000000001,1.3388832043013783,30.978000000000005,0.8668249944389156,31.7901,1.0222635098324429,44.90379999999999,1.381933639947909
224,11/01/2022,8.108799999999999,0.7620710108875502,2.54,0.08,4.4,41.68839999999999,0.0588258360097605,49.79719999999999,0.8208968468973108,45.20639999999999,1.356008172573036,19.015500000000014,1.381174993540519,14.84500000000001,0.896235970568466,30.0936,1.2588199938511857
225,12/01/2022,-5.888900000000002,2.636058831286725,2.48,0.08,4.4,44.307699999999976,0.1049295420620825,38.418799999999976,2.740988373348808,28.5736,0.656114132223543,34.47160000000001,1.3388832043013783,21.5599,0.9912665466168662,39.88749999999998,1.5250452406006303
226,13/01/2022,-3.696299999999997,2.3865917958269347,2.43,0.08,4.4,52.8937,0.1224767586699906,49.19740000000001,2.5090685544969253,10.310500000000005,0.6199568376185848,45.20639999999999,1.356008172573036,30.978000000000005,0.8668249944389156,42.59290000000001,1.8752398171845592
227,14/01/2022,8.086400000000003,1.5371640867698884,2.44,0.08,4.4,33.6581,0.1153310873326058,41.7445,1.6524951741024942,19.80109999999999,0.6225540506063745,28.5736,0.656114132223543,19.015500000000014,1.381174993540519,31.7901,1.0222635098324429
228,15/01/2022,-9.8251,1.0758359798569737,2.5218181818181824,0.08,4.4,54.005200000000016,0.0733286105003219,44.18010000000002,1.1491645903572956,33.99410000000001,0.73882786585467,10.310500000000005,0.6199568376185848,34.47160000000001,1.3388832043013783,14.84500000000001,0.896235970568466
229,16/01/2022,1.9344000000000008,0.9448129843351986,2.5218181818181824,0.08,4.4,36.2466,0.0556961990584739,38.181,1.0005091833936726,49.79719999999999,0.8208968468973108,19.80109999999999,0.6225540506063745,45.20639999999999,1.356008172573036,21.5599,0.9912665466168662
230,17/01/2022,2.363600000000002,0.8053262946126667,2.5218181818181824,0.08,4.4,34.28810000000001,0.0677686808577098,36.65170000000001,0.8730949754703765,38.418799999999976,2.740988373348808,33.99410000000001,0.73882786585467,28.5736,0.656114132223543,30.978000000000005,0.8668249944389156
231,18/01/2022,-8.2926,1.2261989349239653,2.46,0.08,4.4,50.57420000000002,0.0682032779677262,42.28160000000002,1.2944022128916914,49.19740000000001,2.5090685544969253,49.79719999999999,0.8208968468973108,10.310500000000005,0.6199568376185848,19.015500000000014,1.381174993540519
232,19/01/2022,6.148800000000003,1.1651426891556504,2.4,0.08,4.4,43.64500000000001,0.0833319118073977,49.79380000000001,1.248474600963048,41.7445,1.6524951741024942,38.418799999999976,2.740988373348808,19.80109999999999,0.6225540506063745,34.47160000000001,1.3388832043013783
233,20/01/2022,-27.9423,1.4090371423709316,2.33,0.08,4.4,33.1041,0.0560251712304935,5.161800000000003,1.4650623136014251,44.18010000000002,1.1491645903572956,49.19740000000001,2.5090685544969253,33.99410000000001,0.73882786585467,45.20639999999999,1.356008172573036
234,21/01/2022,-1.2602000000000002,1.2556267089996958,2.34,0.08,4.4,22.9364,0.0812165984940979,21.6762,1.3368433074937935,38.181,1.0005091833936726,41.7445,1.6524951741024942,49.79719999999999,0.8208968468973108,28.5736,0.656114132223543
235,22/01/2022,5.6721,0.9029268783747628,2.5218181818181824,0.08,4.4,44.5642,0.0894054102570868,50.2363,0.9923322886318496,36.65170000000001,0.8730949754703765,44.18010000000002,1.1491645903572956,38.418799999999976,2.740988373348808,10.310500000000005,0.6199568376185848
236,23/01/2022,-11.980500000000005,0.6670210802043175,2.5218181818181824,0.08,4.4,22.190300000000004,0.0964883826779505,10.2098,0.763509462882268,42.28160000000002,1.2944022128916914,38.181,1.0005091833936726,49.19740000000001,2.5090685544969253,19.80109999999999,0.6225540506063745
237,24/01/2022,-28.803100000000008,1.442803726292231,2.38,0.08,4.4,33.779499999999985,0.099451405603298,4.976399999999977,1.542255131895529,49.79380000000001,1.248474600963048,36.65170000000001,0.8730949754703765,41.7445,1.6524951741024942,33.99410000000001,0.73882786585467
238,25/01/2022,-27.6198,2.1736580916726886,2.41,0.08,4.4,21.258000000000003,0.1143610113801583,-6.361799999999999,2.288019103052847,5.161800000000003,1.4650623136014251,42.28160000000002,1.2944022128916914,44.18010000000002,1.1491645903572956,49.79719999999999,0.8208968468973108
239,26/01/2022,-6.093899999999998,1.3898355373339235,2.38,0.08,4.4,54.07289999999998,0.0884742643895907,47.97899999999999,1.478309801723514,21.6762,1.3368433074937935,49.79380000000001,1.248474600963048,38.181,1.0005091833936726,38.418799999999976,2.740988373348808
240,27/01/2022,2.9131000000000014,1.3927094420681043,2.4,0.08,4.4,61.41509999999998,0.1748298723518977,64.32819999999998,1.567539314420002,50.2363,0.9923322886318496,5.161800000000003,1.4650623136014251,36.65170000000001,0.8730949754703765,49.19740000000001,2.5090685544969253
241,28/01/2022,4.035200000000002,1.5289992567511663,2.44,0.08,4.4,35.630900000000004,0.1081421438930163,39.66610000000001,1.637141400644183,10.2098,0.763509462882268,21.6762,1.3368433074937935,42.28160000000002,1.2944022128916914,41.7445,1.6524951741024942
242,29/01/2022,5.3381000000000025,0.7751171882926412,2.5218181818181824,0.08,4.4,39.8299,0.0856472775251983,45.168000000000006,0.8607644658178395,4.976399999999977,1.542255131895529,50.2363,0.9923322886318496,49.79380000000001,1.248474600963048,44.18010000000002,1.1491645903572956
243,30/01/2022,3.044100000000003,1.0327387997817166,2.5218181818181824,0.08,4.4,33.86540000000001,0.064728053732718,36.90950000000001,1.0974668535144343,-6.361799999999999,2.288019103052847,10.2098,0.763509462882268,5.161800000000003,1.4650623136014251,38.181,1.0005091833936726
244,31/01/2022,-4.062599999999998,0.8841340557127104,2.44,0.08,4.4,33.9132,0.0467388974791623,29.850600000000007,0.9308729531918728,47.97899999999999,1.478309801723514,4.976399999999977,1.542255131895529,21.6762,1.3368433074937935,36.65170000000001,0.8730949754703765
245,01/02/2022,0.6511999999999996,0.8816405007088933,2.43,0.08,4.1,33.1671,0.0471501078189595,33.8183,0.9287906085278528,64.32819999999998,1.567539314420002,-6.361799999999999,2.288019103052847,50.2363,0.9923322886318496,42.28160000000002,1.2944022128916914
246,02/02/2022,-3.0691,0.9317787007097388,2.41,0.08,4.1,36.58219999999999,0.0566584735245981,33.513099999999994,0.9884371742343367,39.66610000000001,1.637141400644183,47.97899999999999,1.478309801723514,10.2098,0.763509462882268,49.79380000000001,1.248474600963048
247,03/02/2022,5.5116000000000005,1.0073941710014132,2.38,0.08,4.1,43.22739999999998,0.0746668280486557,48.73899999999998,1.082060999050069,45.168000000000006,0.8607644658178395,64.32819999999998,1.567539314420002,4.976399999999977,1.542255131895529,5.161800000000003,1.4650623136014251
248,04/02/2022,-4.480400000000001,1.0667867724405455,2.41,0.08,4.1,33.587599999999995,0.084111545741514,29.10719999999999,1.1508983181820596,36.90950000000001,1.0974668535144343,39.66610000000001,1.637141400644183,-6.361799999999999,2.288019103052847,21.6762,1.3368433074937935
249,05/02/2022,-0.3982000000000005,1.1398185676401444,2.5218181818181824,0.08,4.1,25.5313,0.0469097338922063,25.1331,1.1867283015323506,29.850600000000007,0.9308729531918728,45.168000000000006,0.8607644658178395,47.97899999999999,1.478309801723514,50.2363,0.9923322886318496
250,06/02/2022,0.9391000000000004,0.7770367712029438,2.5218181818181824,0.08,4.1,42.71060000000001,0.0592959554911785,43.64970000000001,0.8363327266941223,33.8183,0.9287906085278528,36.90950000000001,1.0974668535144343,64.32819999999998,1.567539314420002,10.2098,0.763509462882268
251,07/02/2022,-4.1512,1.0999429116344297,2.4,0.08,4.1,53.98429999999999,0.1032325724000127,49.83309999999999,1.2031754840344424,33.513099999999994,0.9884371742343367,29.850600000000007,0.9308729531918728,39.66610000000001,1.637141400644183,4.976399999999977,1.542255131895529
252,08/02/2022,1.3049999999999995,0.9339950923081848,2.42,0.08,4.1,35.0744,0.0637636270180016,36.3794,0.9977587193261864,48.73899999999998,1.082060999050069,33.8183,0.9287906085278528,45.168000000000006,0.8607644658178395,-6.361799999999999,2.288019103052847
253,09/02/2022,-3.9994,1.3662003075590876,2.42,0.08,4.1,35.52150000000001,0.0941322254335066,31.52210000000001,1.4603325329925942,29.10719999999999,1.1508983181820596,33.513099999999994,0.9884371742343367,36.90950000000001,1.0974668535144343,47.97899999999999,1.478309801723514
254,10/02/2022,-4.240100000000012,4.834159577201146,2.45,0.08,4.1,58.63000000000001,0.1699095151546258,54.3899,5.004069092355772,25.1331,1.1867283015323506,48.73899999999998,1.082060999050069,29.850600000000007,0.9308729531918728,64.32819999999998,1.567539314420002
255,11/02/2022,-14.19019999999999,4.342207389015951,2.43,0.08,4.1,50.90679999999999,0.1568854889071004,36.7166,4.499092877923052,43.64970000000001,0.8363327266941223,29.10719999999999,1.1508983181820596,33.8183,0.9287906085278528,39.66610000000001,1.637141400644183
256,12/02/2022,-12.435700000000002,2.0950212854601022,2.5218181818181824,0.08,4.1,32.4759,0.108508329405079,20.0402,2.203529614865181,49.83309999999999,1.2031754840344424,25.1331,1.1867283015323506,33.513099999999994,0.9884371742343367,45.168000000000006,0.8607644658178395
257,13/02/2022,-6.302000000000002,1.7954074110322455,2.5218181818181824,0.08,4.1,39.67099999999999,0.1056362465226719,33.36899999999999,1.9010436575549172,36.3794,0.9977587193261864,43.64970000000001,0.8363327266941223,48.73899999999998,1.082060999050069,36.90950000000001,1.0974668535144343
258,14/02/2022,11.7866,3.764457678630248,2.48,0.08,4.1,33.80900000000001,0.0890597911448074,45.59560000000001,3.853517469775056,31.52210000000001,1.4603325329925942,49.83309999999999,1.2031754840344424,29.10719999999999,1.1508983181820596,29.850600000000007,0.9308729531918728
259,15/02/2022,5.1616,1.9905415977433465,2.48,0.08,4.1,42.13790000000002,0.0883211990462568,47.29950000000002,2.078862796789603,54.3899,5.004069092355772,36.3794,0.9977587193261864,25.1331,1.1867283015323506,33.8183,0.9287906085278528
260,16/02/2022,-10.217700000000002,2.973448995947441,2.46,0.08,4.1,23.9602,0.1315205479782412,13.742499999999998,3.104969543925682,36.7166,4.499092877923052,31.52210000000001,1.4603325329925942,43.64970000000001,0.8363327266941223,33.513099999999994,0.9884371742343367
261,17/02/2022,-4.9054,2.8831258849778543,2.43,0.08,4.1,42.7389,0.0900747167779257,37.8335,2.97320060175578,20.0402,2.203529614865181,54.3899,5.004069092355772,49.83309999999999,1.2031754840344424,48.73899999999998,1.082060999050069
262,18/02/2022,-16.366500000000006,2.1499975481699263,2.41,0.08,4.1,22.938,0.0831594686769423,6.571499999999993,2.2331570168468686,33.36899999999999,1.9010436575549172,36.7166,4.499092877923052,36.3794,0.9977587193261864,29.10719999999999,1.1508983181820596
263,19/02/2022,2.3483000000000005,1.2076550748407238,2.5218181818181824,0.08,4.1,39.4352,0.0678047622733958,41.7835,1.2754598371141197,45.59560000000001,3.853517469775056,20.0402,2.203529614865181,31.52210000000001,1.4603325329925942,25.1331,1.1867283015323506
264,20/02/2022,-4.551300000000002,1.5958481946207257,2.5218181818181824,0.08,4.1,20.1713,0.0740825183789903,15.619999999999996,1.669930712999716,47.29950000000002,2.078862796789603,33.36899999999999,1.9010436575549172,54.3899,5.004069092355772,43.64970000000001,0.8363327266941223
265,21/02/2022,-7.766199999999999,1.3880725388548152,2.5218181818181824,0.08,4.1,27.28420000000001,0.0740502661304939,19.51800000000001,1.462122804985309,13.742499999999998,3.104969543925682,45.59560000000001,3.853517469775056,36.7166,4.499092877923052,49.83309999999999,1.2031754840344424
266,22/02/2022,-19.4042,1.6516084561343412,2.45,0.08,4.1,20.954500000000003,0.067033052858999,1.5503000000000036,1.7186415089933402,37.8335,2.97320060175578,47.29950000000002,2.078862796789603,20.0402,2.203529614865181,36.3794,0.9977587193261864
267,23/02/2022,-20.417499999999983,2.24790126396215,2.53,0.08,4.1,28.8036,0.0958276661754262,8.386100000000017,2.3437289301375763,6.571499999999993,2.2331570168468686,13.742499999999998,3.104969543925682,33.36899999999999,1.9010436575549172,31.52210000000001,1.4603325329925942
268,24/02/2022,-40.561800000000034,2.3600060126223035,2.55,0.08,4.1,13.378700000000006,0.0843877351498532,-27.183100000000028,2.444393747772157,41.7835,1.2754598371141197,37.8335,2.97320060175578,45.59560000000001,3.853517469775056,54.3899,5.004069092355772
269,25/02/2022,-14.169500000000014,1.4021779668614869,2.54,0.08,4.1,20.410699999999995,0.109524718753882,6.241199999999981,1.5117026856153688,15.619999999999996,1.669930712999716,6.571499999999993,2.2331570168468686,47.29950000000002,2.078862796789603,36.7166,4.499092877923052
270,26/02/2022,3.2865999999999995,1.1166854224975884,2.5218181818181824,0.08,4.1,16.1687,0.0482966550056753,19.4553,1.1649820775032638,19.51800000000001,1.462122804985309,41.7835,1.2754598371141197,13.742499999999998,3.104969543925682,20.0402,2.203529614865181
271,27/02/2022,-12.396600000000005,0.9617329634550008,2.5218181818181824,0.08,4.1,32.1535,0.0584387508568016,19.756899999999995,1.0201717143118023,1.5503000000000036,1.7186415089933402,15.619999999999996,1.669930712999716,37.8335,2.97320060175578,33.36899999999999,1.9010436575549172
272,28/02/2022,-7.609099999999999,1.1569636772726533,2.62,0.08,4.1,22.0953,0.0938488990099372,14.486200000000004,1.2508125762825903,8.386100000000017,2.3437289301375763,19.51800000000001,1.462122804985309,6.571499999999993,2.2331570168468686,45.59560000000001,3.853517469775056
273,01/03/2022,-24.7173,1.759813540132433,2.62,0.08,3.8,34.37819999999999,0.0555075440508883,9.660899999999993,1.8153210841833212,-27.183100000000028,2.444393747772157,1.5503000000000036,1.7186415089933402,41.7835,1.2754598371141197,47.29950000000002,2.078862796789603
274,02/03/2022,-38.34709999999996,5.043566445657126,2.71,0.08,3.8,30.1309,0.094580259240087,-8.216199999999962,5.1381467048972125,6.241199999999981,1.5117026856153688,8.386100000000017,2.3437289301375763,15.619999999999996,1.669930712999716,13.742499999999998,3.104969543925682
275,03/03/2022,-18.639900000000004,1.770116961314546,2.69,0.08,3.8,32.81570000000001,0.059050388808433,14.175800000000002,1.829167350122979,19.4553,1.1649820775032638,-27.183100000000028,2.444393747772157,19.51800000000001,1.462122804985309,37.8335,2.97320060175578
276,04/03/2022,-18.4844,2.2618610404545927,2.67,0.08,3.8,23.218700000000005,0.0730659411612989,4.734300000000005,2.3349269816158915,19.756899999999995,1.0201717143118023,6.241199999999981,1.5117026856153688,1.5503000000000036,1.7186415089933402,6.571499999999993,2.2331570168468686
277,05/03/2022,1.292200000000002,1.4921770805403844,2.5218181818181824,0.08,3.8,32.8955,0.0611704995022021,34.1877,1.5533475800425864,14.486200000000004,1.2508125762825903,19.4553,1.1649820775032638,8.386100000000017,2.3437289301375763,41.7835,1.2754598371141197
278,06/03/2022,-12.634899999999991,1.614306145603328,2.5218181818181824,0.08,3.8,31.426900000000003,0.082860105701166,18.79200000000001,1.697166251304494,9.660899999999993,1.8153210841833212,19.756899999999995,1.0201717143118023,-27.183100000000028,2.444393747772157,15.619999999999996,1.669930712999716
279,07/03/2022,-14.703400000000002,2.49061285893992,2.77,0.08,3.8,39.52479999999999,0.1357806963772687,24.82139999999999,2.626393555317189,-8.216199999999962,5.1381467048972125,14.486200000000004,1.2508125762825903,6.241199999999981,1.5117026856153688,19.51800000000001,1.462122804985309
280,08/03/2022,-46.93189999999997,2.9288590196649573,2.9,0.08,3.8,52.31579999999999,0.1477418786678287,5.383900000000018,3.076600898332786,14.175800000000002,1.829167350122979,9.660899999999993,1.8153210841833212,19.4553,1.1649820775032638,1.5503000000000036,1.7186415089933402
281,09/03/2022,-33.3585,3.138388349011056,2.84,0.08,3.8,38.05649999999999,0.090055227854501,4.697999999999993,3.228443576865557,4.734300000000005,2.3349269816158915,-8.216199999999962,5.1381467048972125,19.756899999999995,1.0201717143118023,8.386100000000017,2.3437289301375763
282,10/03/2022,-49.454100000000025,4.745402308861929,2.86,0.08,3.8,32.03299999999999,0.2322936997561112,-17.421100000000038,4.97769600861804,34.1877,1.5533475800425864,14.175800000000002,1.829167350122979,14.486200000000004,1.2508125762825903,-27.183100000000028,2.444393747772157
283,11/03/2022,-25.12989999999997,4.911376193546138,2.94,0.08,3.8,40.45410000000002,0.11476382849702,15.324200000000047,5.026140022043158,18.79200000000001,1.697166251304494,4.734300000000005,2.3349269816158915,9.660899999999993,1.8153210841833212,6.241199999999981,1.5117026856153688
284,12/03/2022,-52.02150000000002,3.210601505602241,2.5218181818181824,0.08,3.8,39.55020000000001,0.0884343941414181,-12.471300000000006,3.299035899743659,24.82139999999999,2.626393555317189,34.1877,1.5533475800425864,-8.216199999999962,5.1381467048972125,19.4553,1.1649820775032638
285,13/03/2022,-22.6444,2.725076416234617,2.5218181818181824,0.08,3.8,26.4089,0.077395193757655,3.764499999999998,2.802471609992272,5.383900000000018,3.076600898332786,18.79200000000001,1.697166251304494,14.175800000000002,1.829167350122979,19.756899999999995,1.0201717143118023
286,14/03/2022,-7.285099999999997,2.945742691298685,2.93,0.08,3.8,36.55120000000001,0.1253218374481742,29.26610000000001,3.0710645287468594,4.697999999999993,3.228443576865557,24.82139999999999,2.626393555317189,4.734300000000005,2.3349269816158915,14.486200000000004,1.2508125762825903
287,15/03/2022,-16.992000000000008,3.045651301801875,2.84,0.08,3.8,37.4875,0.0989718225900637,20.49549999999999,3.1446231243919387,-17.421100000000038,4.97769600861804,5.383900000000018,3.076600898332786,34.1877,1.5533475800425864,9.660899999999993,1.8153210841833212
288,16/03/2022,-1.602499999999997,2.403206888681212,2.8,0.08,3.8,32.2126,0.0898628969192978,30.610100000000006,2.4930697856005097,15.324200000000047,5.026140022043158,4.697999999999993,3.228443576865557,18.79200000000001,1.697166251304494,-8.216199999999962,5.1381467048972125
289,17/03/2022,-14.348999999999998,2.0208436072187568,2.91,0.33,3.8,41.44950000000003,0.0858335661875955,27.100500000000032,2.1066771734063523,-12.471300000000006,3.299035899743659,-17.421100000000038,4.97769600861804,24.82139999999999,2.626393555317189,14.175800000000002,1.829167350122979
290,18/03/2022,-17.348,1.6933581259678347,2.86,0.33,3.8,32.2245,0.0790438815635657,14.8765,1.7724020075314004,3.764499999999998,2.802471609992272,15.324200000000047,5.026140022043158,5.383900000000018,3.076600898332786,4.734300000000005,2.3349269816158915
291,19/03/2022,-10.6627,1.6491032904101328,2.5218181818181824,0.33,3.8,30.074399999999983,0.0867258877772304,19.411699999999986,1.7358291781873632,29.26610000000001,3.0710645287468594,-12.471300000000006,3.299035899743659,4.697999999999993,3.228443576865557,34.1877,1.5533475800425864
292,20/03/2022,-11.796500000000002,1.8694360963404373,2.5218181818181824,0.33,3.8,22.3898,0.0573876981686651,10.5933,1.9268237945091025,20.49549999999999,3.1446231243919387,3.764499999999998,2.802471609992272,-17.421100000000038,4.97769600861804,18.79200000000001,1.697166251304494
293,21/03/2022,-7.645200000000002,1.7025629121068446,2.9,0.33,3.8,49.87379999999999,0.0758687535454728,42.22859999999999,1.7784316656523174,30.610100000000006,2.4930697856005097,29.26610000000001,3.0710645287468594,15.324200000000047,5.026140022043158,24.82139999999999,2.626393555317189
294,22/03/2022,2.6304000000000007,1.1154375291271863,2.91,0.33,3.8,49.49929999999999,0.1044330140438059,52.12969999999999,1.2198705431709922,27.100500000000032,2.1066771734063523,20.49549999999999,3.1446231243919387,-12.471300000000006,3.299035899743659,5.383900000000018,3.076600898332786
295,23/03/2022,-6.969600000000002,1.7398729249192917,2.94,0.33,3.8,43.31380000000001,0.0744312428383751,36.34420000000001,1.8143041677576668,14.8765,1.7724020075314004,30.610100000000006,2.4930697856005097,3.764499999999998,2.802471609992272,4.697999999999993,3.228443576865557
296,24/03/2022,-4.3058,1.922403521079844,2.92,0.33,3.8,32.5641,0.1050473118307819,28.25830000000001,2.0274508329106258,19.411699999999986,1.7358291781873632,27.100500000000032,2.1066771734063523,29.26610000000001,3.0710645287468594,-17.421100000000038,4.97769600861804
297,25/03/2022,-24.91510000000001,1.788640165190626,2.95,0.33,3.8,58.2565,0.0923679701958951,33.34139999999999,1.881008135386521,10.5933,1.9268237945091025,14.8765,1.7724020075314004,20.49549999999999,3.1446231243919387,15.324200000000047,5.026140022043158
298,26/03/2022,-9.9516,1.824682495423516,2.5218181818181824,0.33,3.8,36.90329999999998,0.0486890789588389,26.95169999999998,1.873371574382355,42.22859999999999,1.7784316656523174,19.411699999999986,1.7358291781873632,30.610100000000006,2.4930697856005097,-12.471300000000006,3.299035899743659
299,27/03/2022,-16.209,1.5631466020567089,2.5218181818181824,0.33,3.8,42.6349,0.0613534294622481,26.4259,1.624500031518957,52.12969999999999,1.2198705431709922,10.5933,1.9268237945091025,27.100500000000032,2.1066771734063523,3.764499999999998,2.802471609992272
300,28/03/2022,-8.231200000000007,1.5857373810991922,2.95,0.33,3.8,45.64669999999997,0.0775047167737131,37.41549999999996,1.6632420978729052,36.34420000000001,1.8143041677576668,42.22859999999999,1.7784316656523174,14.8765,1.7724020075314004,29.26610000000001,3.0710645287468594
301,29/03/2022,-10.6518,2.164358162047323,2.86,0.33,3.8,36.3541,0.0437649150938013,25.7023,2.208123077141124,28.25830000000001,2.0274508329106258,52.12969999999999,1.2198705431709922,19.411699999999986,1.7358291781873632,20.49549999999999,3.1446231243919387
302,30/03/2022,-10.500400000000004,2.4103530227364045,2.86,0.33,3.8,20.4045,0.0694396643400974,9.904099999999994,2.479792687076502,33.34139999999999,1.881008135386521,36.34420000000001,1.8143041677576668,10.5933,1.9268237945091025,30.610100000000006,2.4930697856005097
303,31/03/2022,-4.233899999999998,2.445298843742913,2.84,0.33,3.8,44.29880000000001,0.0926253969508682,40.06490000000001,2.537924240693781,26.95169999999998,1.873371574382355,28.25830000000001,2.0274508329106258,42.22859999999999,1.7784316656523174,27.100500000000032,2.1066771734063523
304,01/04/2022,-5.682000000000001,2.5442762263491536,2.8,0.33,3.3,43.504500000000014,0.0718760179137367,37.82250000000001,2.6161522442628904,26.4259,1.624500031518957,33.34139999999999,1.881008135386521,52.12969999999999,1.2198705431709922,14.8765,1.7724020075314004
305,02/04/2022,-2.5908,1.34642927578322,2.5218181818181824,0.33,3.3,23.672699999999995,0.0636051460508712,21.081899999999997,1.4100344218340912,37.41549999999996,1.6632420978729052,26.95169999999998,1.873371574382355,36.34420000000001,1.8143041677576668,19.411699999999986,1.7358291781873632
306,03/04/2022,9.010999999999989,1.377378247147111,2.5218181818181824,0.33,3.3,22.626,0.0462907865475126,31.636999999999983,1.4236690336946236,25.7023,2.208123077141124,26.4259,1.624500031518957,28.25830000000001,2.0274508329106258,10.5933,1.9268237945091025
307,04/04/2022,-0.692900000000001,1.4382490401877224,2.8,0.33,3.3,46.70600000000001,0.0739057554560418,46.01310000000001,1.5121547956437642,9.904099999999994,2.479792687076502,37.41549999999996,1.6632420978729052,33.34139999999999,1.881008135386521,42.22859999999999,1.7784316656523174
308,05/04/2022,-10.1461,1.3175376115762494,2.84,0.33,3.3,18.971000000000004,0.0736837736312916,8.824900000000003,1.391221385207541,40.06490000000001,2.537924240693781,25.7023,2.208123077141124,26.95169999999998,1.873371574382355,52.12969999999999,1.2198705431709922
309,06/04/2022,-5.654199999999999,1.924725494744428,2.83,0.33,3.3,37.2068,0.0849532898800828,31.5526,2.0096787846245108,37.82250000000001,2.6161522442628904,9.904099999999994,2.479792687076502,26.4259,1.624500031518957,36.34420000000001,1.8143041677576668
310,07/04/2022,-3.1234,1.5566649325450523,2.82,0.33,3.3,25.242899999999995,0.0619988853121313,22.119499999999995,1.6186638178571835,21.081899999999997,1.4100344218340912,40.06490000000001,2.537924240693781,37.41549999999996,1.6632420978729052,28.25830000000001,2.0274508329106258
311,08/04/2022,-12.794000000000004,1.3754234993374643,2.87,0.33,3.3,34.50330000000001,0.0824783468158775,21.70930000000001,1.4579018461533415,31.636999999999983,1.4236690336946236,37.82250000000001,2.6161522442628904,25.7023,2.208123077141124,33.34139999999999,1.881008135386521
312,09/04/2022,-4.332299999999999,1.0469722509623005,2.5218181818181824,0.33,3.3,28.1348,0.0667460340727808,23.8025,1.1137182850350813,46.01310000000001,1.5121547956437642,21.081899999999997,1.4100344218340912,9.904099999999994,2.479792687076502,26.95169999999998,1.873371574382355
313,10/04/2022,-12.247400000000004,1.274811514577882,2.5218181818181824,0.33,3.3,24.768999999999995,0.0743330606044487,12.52159999999999,1.3491445751823308,8.824900000000003,1.391221385207541,31.636999999999983,1.4236690336946236,40.06490000000001,2.537924240693781,26.4259,1.624500031518957
314,11/04/2022,-18.6933,2.1094449013583203,2.91,0.33,3.3,25.98120000000001,0.0655576018216263,7.287900000000008,2.1750025031799467,31.5526,2.0096787846245108,46.01310000000001,1.5121547956437642,37.82250000000001,2.6161522442628904,37.41549999999996,1.6632420978729052
315,12/04/2022,-44.56080000000001,8.852759193963434,2.86,0.33,3.3,56.49989999999997,0.2219771705192432,11.93909999999996,9.074736364482678,22.119499999999995,1.6186638178571835,8.824900000000003,1.391221385207541,21.081899999999997,1.4100344218340912,25.7023,2.208123077141124
316,13/04/2022,-52.8263,6.921078298793793,2.8,0.33,3.3,39.7368,0.0988854965700525,-13.0895,7.019963795363846,21.70930000000001,1.4579018461533415,31.5526,2.0096787846245108,31.636999999999983,1.4236690336946236,9.904099999999994,2.479792687076502
317,14/04/2022,-30.6877,4.217980610411046,2.89,0.33,3.3,36.0068,0.114138034023832,5.319099999999999,4.332118644434878,23.8025,1.1137182850350813,22.119499999999995,1.6186638178571835,46.01310000000001,1.5121547956437642,40.06490000000001,2.537924240693781
318,15/04/2022,-11.878200000000009,3.2058081394865603,2.5218181818181824,0.33,3.3,36.4885,0.087146031464288,24.610299999999995,3.292954170950848,12.52159999999999,1.3491445751823308,21.70930000000001,1.4579018461533415,8.824900000000003,1.391221385207541,37.82250000000001,2.6161522442628904
319,16/04/2022,-20.915299999999988,2.2550775385105983,2.5218181818181824,0.33,3.3,20.9512,0.0615780637240381,0.0359000000000122,2.3166556022346363,7.287900000000008,2.1750025031799467,23.8025,1.1137182850350813,31.5526,2.0096787846245108,21.081899999999997,1.4100344218340912
320,17/04/2022,-20.172700000000003,1.568988206994781,2.5218181818181824,0.33,3.3,24.2,0.0761405007506897,4.027299999999997,1.6451287077454706,11.93909999999996,9.074736364482678,12.52159999999999,1.3491445751823308,22.119499999999995,1.6186638178571835,31.636999999999983,1.4236690336946236
321,18/04/2022,-17.631600000000002,2.4567702953473587,2.92,0.33,3.3,39.616000000000014,0.0631647529558416,21.98440000000001,2.5199350483032004,-13.0895,7.019963795363846,7.287900000000008,2.1750025031799467,21.70930000000001,1.4579018461533415,46.01310000000001,1.5121547956437642
322,19/04/2022,-7.5306,2.29510924985366,2.93,0.33,3.3,39.25,0.0699898886636127,31.7194,2.3650991385172726,5.319099999999999,4.332118644434878,11.93909999999996,9.074736364482678,23.8025,1.1137182850350813,8.824900000000003,1.391221385207541
323,20/04/2022,-17.969399999999982,2.38441654154815,2.92,0.33,3.3,37.591200000000015,0.1233817047147999,19.621800000000032,2.5077982462629502,24.610299999999995,3.292954170950848,-13.0895,7.019963795363846,12.52159999999999,1.3491445751823308,31.5526,2.0096787846245108
324,21/04/2022,-18.629200000000004,2.2944422022340603,3.02,0.33,3.3,35.29390000000001,0.0743439183568481,16.664700000000003,2.3687861205909084,0.0359000000000122,2.3166556022346363,5.319099999999999,4.332118644434878,7.287900000000008,2.1750025031799467,22.119499999999995,1.6186638178571835
325,22/04/2022,-22.8949,2.009452281417761,2.98,0.33,3.3,25.29080000000002,0.0498121213074866,2.395900000000019,2.059264402725248,4.027299999999997,1.6451287077454706,24.610299999999995,3.292954170950848,11.93909999999996,9.074736364482678,21.70930000000001,1.4579018461533415
326,23/04/2022,-7.013499999999997,1.5434225223344014,2.5218181818181824,0.33,3.3,24.9599,0.0642736500406973,17.946400000000004,1.6076961723750989,21.98440000000001,2.5199350483032004,0.0359000000000122,2.3166556022346363,-13.0895,7.019963795363846,23.8025,1.1137182850350813
327,24/04/2022,-9.6368,1.657336541700122,2.5218181818181824,0.33,3.3,35.65089999999999,0.0534102511978146,26.014099999999992,1.7107467928979363,31.7194,2.3650991385172726,4.027299999999997,1.6451287077454706,5.319099999999999,4.332118644434878,12.52159999999999,1.3491445751823308
328,25/04/2022,-8.7225,1.6833000573516983,2.91,0.33,3.3,43.7229,0.0673315182706043,35.0004,1.7506315756223023,19.621800000000032,2.5077982462629502,21.98440000000001,2.5199350483032004,24.610299999999995,3.292954170950848,7.287900000000008,2.1750025031799467
329,26/04/2022,11.202899999999994,2.239908632232832,2.85,0.33,3.3,38.84749999999999,0.0860631289923233,50.05039999999998,2.325971761225156,16.664700000000003,2.3687861205909084,31.7194,2.3650991385172726,0.0359000000000122,2.3166556022346363,11.93909999999996,9.074736364482678
330,27/04/2022,-25.858700000000027,2.719986981648177,2.88,0.33,3.3,24.802900000000005,0.069282391108376,-1.0558000000000227,2.789269372756553,2.395900000000019,2.059264402725248,19.621800000000032,2.5077982462629502,4.027299999999997,1.6451287077454706,-13.0895,7.019963795363846
331,28/04/2022,-12.4046,2.9844010324473094,2.97,0.33,3.3,40.113,0.1054199730246154,27.7084,3.089821005471925,17.946400000000004,1.6076961723750989,16.664700000000003,2.3687861205909084,21.98440000000001,2.5199350483032004,5.319099999999999,4.332118644434878
332,29/04/2022,-14.2054,2.0002670102099622,2.88,0.33,3.3,36.902000000000015,0.0763594239821693,22.696600000000014,2.076626434192132,26.014099999999992,1.7107467928979363,2.395900000000019,2.059264402725248,31.7194,2.3650991385172726,24.610299999999995,3.292954170950848
333,30/04/2022,-10.833999999999998,2.043390191684162,2.5218181818181824,0.33,3.3,42.8134,0.0712142871793418,31.979400000000005,2.114604478863504,35.0004,1.7506315756223023,17.946400000000004,1.6076961723750989,19.621800000000032,2.5077982462629502,0.0359000000000122,2.3166556022346363
334,01/05/2022,-17.1293,1.912242628846381,2.5218181818181824,0.33,3.4,22.20050000000001,0.0696750069210339,5.071200000000008,1.9819176357674149,50.05039999999998,2.325971761225156,26.014099999999992,1.7107467928979363,16.664700000000003,2.3687861205909084,4.027299999999997,1.6451287077454706
335,02/05/2022,-12.567399999999996,2.646251737043031,2.81,0.33,3.4,36.4219,0.08157232905397,23.854500000000005,2.727824066097001,-1.0558000000000227,2.789269372756553,35.0004,1.7506315756223023,2.395900000000019,2.059264402725248,21.98440000000001,2.5199350483032004
336,03/05/2022,-23.01530000000001,2.430477262302212,2.83,0.33,3.4,29.856700000000007,0.0949162535386196,6.841399999999997,2.525393515840832,27.7084,3.089821005471925,50.05039999999998,2.325971761225156,17.946400000000004,1.6076961723750989,31.7194,2.3650991385172726
337,04/05/2022,-25.3245,2.7630705064512333,2.86,0.33,3.4,44.4645,0.0894237254713435,19.14,2.852494231922577,22.696600000000014,2.076626434192132,-1.0558000000000227,2.789269372756553,26.014099999999992,1.7107467928979363,19.621800000000032,2.5077982462629502
338,05/05/2022,-27.593899999999987,3.239171213941556,2.87,0.83,3.4,41.59850000000001,0.0824632753908762,14.00460000000002,3.321634489332432,31.979400000000005,2.114604478863504,27.7084,3.089821005471925,35.0004,1.7506315756223023,16.664700000000003,2.3687861205909084
339,06/05/2022,-4.109199999999995,3.4033137632430086,2.86,0.83,3.4,37.03549999999999,0.0697753994628398,32.9263,3.473089162705848,5.071200000000008,1.9819176357674149,22.696600000000014,2.076626434192132,50.05039999999998,2.325971761225156,2.395900000000019,2.059264402725248
340,07/05/2022,-74.36510000000004,2.672106404323068,2.5218181818181824,0.83,3.4,26.070100000000007,0.0722178319871839,-48.29500000000003,2.744324236310252,23.854500000000005,2.727824066097001,31.979400000000005,2.114604478863504,-1.0558000000000227,2.789269372756553,17.946400000000004,1.6076961723750989
341,08/05/2022,-14.996999999999996,1.485147444253455,2.5218181818181824,0.83,3.4,17.5763,0.0932131976008482,2.5793000000000035,1.578360641854303,6.841399999999997,2.525393515840832,5.071200000000008,1.9819176357674149,27.7084,3.089821005471925,26.014099999999992,1.7107467928979363
342,09/05/2022,-27.456499999999984,3.303202347975499,2.75,0.83,3.4,36.9107,0.0863111737678671,9.454200000000014,3.389513521743366,19.14,2.852494231922577,23.854500000000005,2.727824066097001,22.696600000000014,2.076626434192132,35.0004,1.7506315756223023
343,10/05/2022,-43.6202000000001,5.804744926374388,2.65,0.83,3.4,36.6742,0.1007216409494364,-6.946000000000097,5.905466567323825,14.00460000000002,3.321634489332432,6.841399999999997,2.525393515840832,31.979400000000005,2.114604478863504,50.05039999999998,2.325971761225156
344,11/05/2022,-69.8223,9.028878228831838,2.7,0.83,3.4,33.76680000000001,0.1710933106334309,-36.05549999999999,9.199971539465269,32.9263,3.473089162705848,19.14,2.852494231922577,5.071200000000008,1.9819176357674149,-1.0558000000000227,2.789269372756553
345,12/05/2022,-49.3261,5.776046043712093,2.59,0.83,3.4,29.3454,0.1506220871561742,-19.980699999999995,5.926668130868267,-48.29500000000003,2.744324236310252,14.00460000000002,3.321634489332432,23.854500000000005,2.727824066097001,27.7084,3.089821005471925
346,13/05/2022,-24.657799999999995,4.1363526436276805,2.69,0.83,3.4,32.9888,0.0771066222673051,8.331000000000003,4.213459265894985,2.5793000000000035,1.578360641854303,32.9263,3.473089162705848,6.841399999999997,2.525393515840832,22.696600000000014,2.076626434192132
347,14/05/2022,-37.935900000000046,4.309053598098408,2.5218181818181824,0.83,3.4,13.302199999999996,0.0858013405768178,-24.63370000000005,4.394854938675225,9.454200000000014,3.389513521743366,-48.29500000000003,2.744324236310252,19.14,2.852494231922577,31.979400000000005,2.114604478863504
348,15/05/2022,-22.93610000000001,2.846980221610871,2.5218181818181824,0.83,3.4,14.570600000000004,0.0485705891700812,-8.365500000000006,2.895550810780952,-6.946000000000097,5.905466567323825,2.5793000000000035,1.578360641854303,14.00460000000002,3.321634489332432,5.071200000000008,1.9819176357674149
349,16/05/2022,-11.7375,2.86726976966202,2.68,0.83,3.4,32.1663,0.074321960157816,20.4288,2.9415917298198364,-36.05549999999999,9.199971539465269,9.454200000000014,3.389513521743366,32.9263,3.473089162705848,23.854500000000005,2.727824066097001
350,17/05/2022,-37.1954,3.609934498934253,2.71,0.83,3.4,24.7355,0.0938764290393092,-12.4599,3.703810927973562,-19.980699999999995,5.926668130868267,-6.946000000000097,5.905466567323825,-48.29500000000003,2.744324236310252,6.841399999999997,2.525393515840832
351,18/05/2022,-44.91329999999999,3.753099705472866,2.72,0.83,3.4,25.8456,0.1123963208428645,-19.067699999999995,3.8654960263157303,8.331000000000003,4.213459265894985,-36.05549999999999,9.199971539465269,2.5793000000000035,1.578360641854303,19.14,2.852494231922577
352,19/05/2022,-33.72909999999999,4.131614642589399,2.59,0.83,3.4,28.311499999999995,0.0687685604298499,-5.417599999999993,4.200383203019249,-24.63370000000005,4.394854938675225,-19.980699999999995,5.926668130868267,9.454200000000014,3.389513521743366,14.00460000000002,3.321634489332432
353,20/05/2022,-28.4633,3.9625692660758114,2.55,0.83,3.4,30.8801,0.0970410144309422,2.4167999999999985,4.059610280506754,-8.365500000000006,2.895550810780952,8.331000000000003,4.213459265894985,-6.946000000000097,5.905466567323825,32.9263,3.473089162705848
354,21/05/2022,-9.939400000000004,2.5522046071103177,2.5218181818181824,0.83,3.4,22.27660000000001,0.0866806709116996,12.337200000000005,2.638885278022017,20.4288,2.9415917298198364,-24.63370000000005,4.394854938675225,-36.05549999999999,9.199971539465269,-48.29500000000003,2.744324236310252
355,22/05/2022,-24.38779999999999,2.8599660323205365,2.5218181818181824,0.83,3.4,23.281600000000005,0.0952433851611249,-1.106199999999987,2.955209417481661,-12.4599,3.703810927973562,-8.365500000000006,2.895550810780952,-19.980699999999995,5.926668130868267,2.5793000000000035,1.578360641854303
356,23/05/2022,-25.23150000000001,3.849117307680906,2.6,0.83,3.4,32.37329999999999,0.0877323046489112,7.141799999999982,3.9368496123298176,-19.067699999999995,3.8654960263157303,20.4288,2.9415917298198364,8.331000000000003,4.213459265894985,9.454200000000014,3.389513521743366
357,24/05/2022,-14.907199999999994,2.597896720688979,2.55,0.83,3.4,42.5068,0.0906830796472033,27.5996,2.6885798003361825,-5.417599999999993,4.200383203019249,-12.4599,3.703810927973562,-24.63370000000005,4.394854938675225,-6.946000000000097,5.905466567323825
358,25/05/2022,-15.2855,2.0444981332946885,2.56,0.83,3.4,26.5569,0.0655022394203811,11.271399999999998,2.11000037271507,2.4167999999999985,4.059610280506754,-19.067699999999995,3.8654960263157303,-8.365500000000006,2.895550810780952,-36.05549999999999,9.199971539465269
359,26/05/2022,-10.7976,2.0842943551389643,2.62,0.83,3.4,27.03440000000001,0.090559527221455,16.23680000000001,2.174853882360419,12.337200000000005,2.638885278022017,-5.417599999999993,4.200383203019249,20.4288,2.9415917298198364,-19.980699999999995,5.926668130868267
360,27/05/2022,-13.3935,2.373323167239121,2.63,0.83,3.4,23.2995,0.0799474460110207,9.906,2.4532706132501416,-1.106199999999987,2.955209417481661,2.4167999999999985,4.059610280506754,-12.4599,3.703810927973562,8.331000000000003,4.213459265894985
361,28/05/2022,-1.610999999999998,2.046908993472333,2.5218181818181824,0.83,3.4,28.073,0.0723704802715467,26.462000000000003,2.11927947374388,7.141799999999982,3.9368496123298176,12.337200000000005,2.638885278022017,-19.067699999999995,3.8654960263157303,-24.63370000000005,4.394854938675225
362,29/05/2022,-11.6645,1.6860411957622248,2.5218181818181824,0.83,3.4,37.549600000000005,0.0579897135741504,25.885100000000005,1.7440309093363753,27.5996,2.6885798003361825,-1.106199999999987,2.955209417481661,-5.417599999999993,4.200383203019249,-8.365500000000006,2.895550810780952
363,30/05/2022,-18.2967,1.6107218270560415,2.5218181818181824,0.83,3.4,26.828100000000006,0.0579439503297006,8.531400000000005,1.668665777385742,11.271399999999998,2.11000037271507,7.141799999999982,3.9368496123298176,2.4167999999999985,4.059610280506754,20.4288,2.9415917298198364
364,31/05/2022,4.870199999999997,3.2526952367577096,2.64,0.83,3.4,30.8268,0.084763267528905,35.697,3.3374585042866145,16.23680000000001,2.174853882360419,27.5996,2.6885798003361825,12.337200000000005,2.638885278022017,-12.4599,3.703810927973562
