date,overall_sentiment_score_2wk_lag,overall_attention_score_2wk_lag,BEIR,interest_rate_1yr_lag,commodities_1yr_lag,UNRATENSA_1yr_lag,UMCSENT_2wk_lag,WM2NS_1yr_lag,gdp_1yr_lag
01/06/2021,41.3202,0.730666639,2.46,0.05,99.8752763,11.2,82.9,17915.4,19477.444
02/06/2021,38.027,1.04443219,2.44,0.06,99.8752763,11.2,82.9,17915.4,19477.444
03/06/2021,34.6892,0.843912399,2.42,0.06,99.8752763,11.2,82.9,17915.4,19477.444
04/06/2021,32.3695,0.509602011,2.4,0.06,99.8752763,11.2,82.9,17915.4,19477.444
05/06/2021,31.8013,0.534555625,2.4,0.07,99.8752763,11.2,82.9,17915.4,19477.444
06/06/2021,32.5382,0.604593355,2.4,0.07,99.8752763,11.2,82.9,17915.4,19477.444
07/06/2021,45.7358,0.559268159,2.39,0.07,99.8752763,11.2,82.9,17915.4,19477.444
08/06/2021,24.8595,0.68583851,2.36,0.07,99.8752763,11.2,82.9,18026.7,19477.444
09/06/2021,30.8829,0.98134466,2.32,0.07,99.8752763,11.2,82.9,18026.7,19477.444
10/06/2021,37.0406,0.854887676,2.35,0.08,99.8752763,11.2,82.9,18026.7,19477.444
11/06/2021,37.2838,0.917300903,2.32,0.08,99.8752763,11.2,82.9,18026.7,19477.444
12/06/2021,24.7739,1.068970555,2.32,0.08,99.8752763,11.2,82.9,18026.7,19477.444
13/06/2021,23.3612,0.586918571,2.32,0.08,99.8752763,11.2,82.9,18026.7,19477.444
14/06/2021,33.8018,0.478993041,2.36,0.08,99.8752763,11.2,85.5,18026.7,19477.444
15/06/2021,48.7622,0.614763765,2.38,0.09,99.8752763,11.2,85.5,18115.3,19477.444
16/06/2021,14.2675,0.731966672,2.32,0.09,99.8752763,11.2,85.5,18115.3,19477.444
17/06/2021,37.4021,0.600169903,2.27,0.09,99.8752763,11.2,85.5,18115.3,19477.444
18/06/2021,38.6463,0.683259448,2.24,0.09,99.8752763,11.2,85.5,18115.3,19477.444
19/06/2021,36.0556,0.581084342,2.24,0.09,99.8752763,11.2,85.5,18115.3,19477.444
20/06/2021,30.9552,0.682214276,2.24,0.09,99.8752763,11.2,85.5,18115.3,19477.444
21/06/2021,35.311,0.581151343,2.25,0.09,99.8752763,11.2,85.5,18115.3,19477.444
22/06/2021,32.2464,0.889655165,2.31,0.08,99.8752763,11.2,85.5,18106.4,19477.444
23/06/2021,45.7825,0.941116164,2.34,0.08,99.8752763,11.2,85.5,18106.4,19477.444
24/06/2021,47.9589,1.964134583,2.3,0.08,99.8752763,11.2,85.5,18106.4,19477.444
25/06/2021,54.9927,1.592478142,2.34,0.08,99.8752763,11.2,85.5,18106.4,19477.444
26/06/2021,39.0966,1.168340215,2.34,0.08,99.8752763,11.2,85.5,18106.4,19477.444
27/06/2021,17.6797,0.588905425,2.34,0.08,99.8752763,11.2,85.5,18106.4,19477.444
28/06/2021,47.2646,1.034134909,2.33,0.08,99.8752763,11.2,85.5,18106.4,19477.444
29/06/2021,21.7748,1.43574398,2.32,0.08,99.8752763,11.2,85.5,18160.5,19477.444
30/06/2021,46.7223,1.317630395,2.32,0.08,99.8752763,11.2,85.5,18160.5,19477.444
01/07/2021,58.4397,1.243118454,2.35,0.08,103.0806039,10.5,85.5,18160.5,21138.574
02/07/2021,42.8887,0.641844451,2.33,0.09,103.0806039,10.5,85.5,18160.5,21138.574
03/07/2021,28.8895,0.604984319,2.33,0.09,103.0806039,10.5,85.5,18160.5,21138.574
04/07/2021,50.5779,0.567720529,2.33,0.09,103.0806039,10.5,85.5,18160.5,21138.574
05/07/2021,26.625,0.640244053,2.332,0.09,103.0806039,10.5,85.5,18160.5,21138.574
06/07/2021,33.4332,0.995744108,2.31,0.09,103.0806039,10.5,85.5,18343.8,21138.574
07/07/2021,34.2023,0.539453594,2.28,0.09,103.0806039,10.5,85.5,18343.8,21138.574
08/07/2021,35.098,0.650215559,2.22,0.09,103.0806039,10.5,85.5,18343.8,21138.574
09/07/2021,36.2527,0.724400786,2.28,0.09,103.0806039,10.5,85.5,18343.8,21138.574
10/07/2021,14.9633,0.548471754,2.28,0.09,103.0806039,10.5,85.5,18343.8,21138.574
11/07/2021,36.7507,0.53774035,2.28,0.09,103.0806039,10.5,85.5,18343.8,21138.574
12/07/2021,32.8827,0.673172326,2.33,0.09,103.0806039,10.5,85.5,18343.8,21138.574
13/07/2021,44.1916,0.700478085,2.36,0.09,103.0806039,10.5,85.5,18346.7,21138.574
14/07/2021,25.5162,0.625946672,2.34,0.09,103.0806039,10.5,81.2,18346.7,21138.574
15/07/2021,17.4716,1.001289016,2.32,0.1,103.0806039,10.5,81.2,18346.7,21138.574
16/07/2021,22.1137,0.813313027,2.33,0.1,103.0806039,10.5,81.2,18346.7,21138.574
17/07/2021,12.4287,0.530797023,2.33,0.09,103.0806039,10.5,81.2,18346.7,21138.574
18/07/2021,30.6262,0.40667586,2.33,0.09,103.0806039,10.5,81.2,18346.7,21138.574
19/07/2021,26.6414,0.315958716,2.24,0.09,103.0806039,10.5,81.2,18346.7,21138.574
20/07/2021,38.2292,0.402551353,2.26,0.1,103.0806039,10.5,81.2,18245.4,21138.574
21/07/2021,25.1055,0.834033099,2.28,0.1,103.0806039,10.5,81.2,18245.4,21138.574
22/07/2021,32.9869,0.860198941,2.28,0.09,103.0806039,10.5,81.2,18245.4,21138.574
23/07/2021,26.3424,0.804586561,2.35,0.09,103.0806039,10.5,81.2,18245.4,21138.574
24/07/2021,27.5906,0.427033014,2.35,0.09,103.0806039,10.5,81.2,18245.4,21138.574
25/07/2021,25.3587,0.477425697,2.35,0.09,103.0806039,10.5,81.2,18245.4,21138.574
26/07/2021,42.2807,0.625004367,2.4,0.09,103.0806039,10.5,81.2,18245.4,21138.574
27/07/2021,50.177,2.337939362,2.38,0.1,103.0806039,10.5,81.2,18112.2,21138.574
28/07/2021,49.4319,2.279896768,2.41,0.1,103.0806039,10.5,81.2,18112.2,21138.574
29/07/2021,29.7586,1.511140565,2.43,0.1,103.0806039,10.5,81.2,18112.2,21138.574
30/07/2021,40.4142,1.214327367,2.4,0.1,103.0806039,10.5,81.2,18112.2,21138.574
31/07/2021,20.0152,0.781479207,2.4,0.1,103.0806039,10.5,81.2,18112.2,21138.574
01/08/2021,24.7983,0.852879718,2.4,0.1,108.9268378,8.5,81.2,18112.2,21138.574
02/08/2021,29.5242,1.278527102,2.37,0.1,108.9268378,8.5,81.2,18112.2,21138.574
03/08/2021,34.1521,0.99063812,2.38,0.1,108.9268378,8.5,81.2,18224.3,21138.574
04/08/2021,16.2611,0.826094941,2.35,0.1,108.9268378,8.5,81.2,18224.3,21138.574
05/08/2021,24.2719,1.204378846,2.33,0.1,108.9268378,8.5,81.2,18224.3,21138.574
06/08/2021,25.8674,0.994134778,2.37,0.1,108.9268378,8.5,81.2,18224.3,21138.574
07/08/2021,17.6321,0.719529089,2.37,0.1,108.9268378,8.5,81.2,18224.3,21138.574
08/08/2021,23.9498,0.76934251,2.37,0.1,108.9268378,8.5,81.2,18224.3,21138.574
09/08/2021,34.9017,0.678600039,2.37,0.1,108.9268378,8.5,81.2,18224.3,21138.574
10/08/2021,35.1181,0.771777676,2.4,0.1,108.9268378,8.5,81.2,18290.7,21138.574
11/08/2021,14.9756,0.992028508,2.42,0.1,108.9268378,8.5,81.2,18290.7,21138.574
12/08/2021,25.3556,1.202751304,2.41,0.1,108.9268378,8.5,81.2,18290.7,21138.574
13/08/2021,23.7128,0.804945333,2.37,0.1,108.9268378,8.5,81.2,18290.7,21138.574
14/08/2021,13.3532,0.685134739,2.37,0.1,108.9268378,8.5,70.3,18290.7,21138.574
15/08/2021,36.5596,0.661683608,2.37,0.1,108.9268378,8.5,70.3,18290.7,21138.574
16/08/2021,22.6278,0.748450194,2.36,0.1,108.9268378,8.5,70.3,18290.7,21138.574
17/08/2021,17.6731,0.674440791,2.33,0.1,108.9268378,8.5,70.3,18361.1,21138.574
18/08/2021,15.3501,0.812462197,2.32,0.09,108.9268378,8.5,70.3,18361.1,21138.574
19/08/2021,31.1642,0.674607232,2.28,0.09,108.9268378,8.5,70.3,18361.1,21138.574
20/08/2021,23.36,0.628681664,2.27,0.09,108.9268378,8.5,70.3,18361.1,21138.574
21/08/2021,20.7949,0.647211117,2.27,0.09,108.9268378,8.5,70.3,18361.1,21138.574
22/08/2021,15.4515,0.683491404,2.27,0.09,108.9268378,8.5,70.3,18361.1,21138.574
23/08/2021,10.2185,0.517249917,2.27,0.09,108.9268378,8.5,70.3,18361.1,21138.574
24/08/2021,30.4535,0.825864097,2.3,0.09,108.9268378,8.5,70.3,18261.4,21138.574
25/08/2021,27.4783,1.812642833,2.35,0.09,108.9268378,8.5,70.3,18261.4,21138.574
26/08/2021,26.835,1.492476508,2.33,0.09,108.9268378,8.5,70.3,18261.4,21138.574
27/08/2021,13.3587,1.334568975,2.39,0.08,108.9268378,8.5,70.3,18261.4,21138.574
28/08/2021,5.5717,1.022380008,2.39,0.09,108.9268378,8.5,70.3,18261.4,21138.574
29/08/2021,-10.3341,1.049580884,2.39,0.09,108.9268378,8.5,70.3,18261.4,21138.574
30/08/2021,-9.1802,1.001279703,2.37,0.09,108.9268378,8.5,70.3,18261.4,21138.574
31/08/2021,19.0105,0.787583471,2.33,0.09,108.9268378,8.5,70.3,18380.8,21138.574
01/09/2021,27.8681,0.744987007,2.34,0.09,108.2081134,7.7,70.3,18380.8,21138.574
02/09/2021,-4.6897,0.766968761,2.32,0.09,108.2081134,7.7,70.3,18380.8,21138.574
03/09/2021,14.0177,0.568964251,2.34,0.09,108.2081134,7.7,70.3,18380.8,21138.574
04/09/2021,11.4135,0.508377304,2.34,0.09,108.2081134,7.7,70.3,18380.8,21138.574
05/09/2021,16.2818,0.595259109,2.34,0.09,108.2081134,7.7,70.3,18380.8,21138.574
06/09/2021,22.8936,0.513629139,2.336,0.09,108.2081134,7.7,70.3,18380.8,21138.574
07/09/2021,10.0849,0.478703123,2.36,0.09,108.2081134,7.7,70.3,18516.5,21138.574
08/09/2021,12.0098,0.703018147,2.38,0.09,108.2081134,7.7,70.3,18516.5,21138.574
09/09/2021,2.9178,0.510737903,2.38,0.09,108.2081134,7.7,70.3,18516.5,21138.574
10/09/2021,-0.176,0.685726296,2.4,0.09,108.2081134,7.7,70.3,18516.5,21138.574
11/09/2021,13.7928,0.622802705,2.4,0.09,108.2081134,7.7,70.3,18516.5,21138.574
12/09/2021,15.2306,0.365037353,2.4,0.09,108.2081134,7.7,70.3,18516.5,21138.574
13/09/2021,25.5003,0.339889074,2.37,0.09,108.2081134,7.7,70.3,18516.5,21138.574
14/09/2021,9.5133,0.454578099,2.33,0.09,108.2081134,7.7,72.8,18600.9,21138.574
15/09/2021,26.6781,0.43034144,2.35,0.09,108.2081134,7.7,72.8,18600.9,21138.574
16/09/2021,28.8353,0.589390824,2.35,0.09,108.2081134,7.7,72.8,18600.9,21138.574
17/09/2021,14.8543,0.832842083,2.33,0.09,108.2081134,7.7,72.8,18600.9,21138.574
18/09/2021,13.8358,0.464819439,2.33,0.09,108.2081134,7.7,72.8,18600.9,21138.574
19/09/2021,10.1113,0.441601839,2.33,0.09,108.2081134,7.7,72.8,18600.9,21138.574
20/09/2021,21.0142,0.387726528,2.29,0.09,108.2081134,7.7,72.8,18600.9,21138.574
21/09/2021,15.9137,0.675095715,2.29,0.09,108.2081134,7.7,72.8,18554.1,21138.574
22/09/2021,23.0246,0.802835064,2.28,0.09,108.2081134,7.7,72.8,18554.1,21138.574
23/09/2021,8.3775,0.940862343,2.31,0.09,108.2081134,7.7,72.8,18554.1,21138.574
24/09/2021,20.8278,0.883529055,2.34,0.09,108.2081134,7.7,72.8,18554.1,21138.574
25/09/2021,10.4377,0.445407951,2.34,0.09,108.2081134,7.7,72.8,18554.1,21138.574
26/09/2021,14.3903,0.403326689,2.34,0.09,108.2081134,7.7,72.8,18554.1,21138.574
27/09/2021,39.326,0.749894547,2.35,0.09,108.2081134,7.7,72.8,18554.1,21138.574
28/09/2021,31.6925,1.390032469,2.38,0.09,108.2081134,7.7,72.8,18493.8,21138.574
29/09/2021,26.1205,1.167770885,2.37,0.09,108.2081134,7.7,72.8,18493.8,21138.574
30/09/2021,14.0081,0.683056131,2.37,0.09,108.2081134,7.7,72.8,18493.8,21138.574
01/10/2021,5.7339,0.751962679,2.38,0.09,110.6154295,6.6,72.8,18493.8,21477.597
02/10/2021,11.5827,0.538978423,2.38,0.09,110.6154295,6.6,72.8,18493.8,21477.597
03/10/2021,2.9025,0.496236258,2.38,0.09,110.6154295,6.6,72.8,18493.8,21477.597
04/10/2021,10.2691,0.809460394,2.38,0.09,110.6154295,6.6,72.8,18493.8,21477.597
05/10/2021,22.4789,0.864702714,2.45,0.09,110.6154295,6.6,72.8,18636.7,21477.597
06/10/2021,9.9665,0.722079713,2.43,0.09,110.6154295,6.6,72.8,18636.7,21477.597
07/10/2021,0.9148,0.887654208,2.46,0.09,110.6154295,6.6,72.8,18636.7,21477.597
08/10/2021,18.476,0.583042111,2.5,0.09,110.6154295,6.6,72.8,18636.7,21477.597
09/10/2021,6.6889,0.592288245,2.5,0.09,110.6154295,6.6,72.8,18636.7,21477.597
10/10/2021,12.8037,0.516468291,2.5,0.09,110.6154295,6.6,72.8,18636.7,21477.597
11/10/2021,13.7004,0.88174144,2.478,0.09,110.6154295,6.6,72.8,18636.7,21477.597
12/10/2021,35.9053,1.110915173,2.49,0.09,110.6154295,6.6,72.8,18649.9,21477.597
13/10/2021,20.7382,1.387258812,2.52,0.09,110.6154295,6.6,72.8,18649.9,21477.597
14/10/2021,12.4188,1.633823027,2.52,0.09,110.6154295,6.6,71.7,18649.9,21477.597
15/10/2021,31.5051,1.412791683,2.56,0.09,110.6154295,6.6,71.7,18649.9,21477.597
16/10/2021,5.2206,0.819565083,2.56,0.09,110.6154295,6.6,71.7,18649.9,21477.597
17/10/2021,3.9002,0.713048859,2.56,0.09,110.6154295,6.6,71.7,18649.9,21477.597
18/10/2021,34.716,0.95237403,2.54,0.09,110.6154295,6.6,71.7,18649.9,21477.597
19/10/2021,23.5042,0.891845327,2.54,0.09,110.6154295,6.6,71.7,18706.9,21477.597
20/10/2021,8.6196,0.83990476,2.57,0.09,110.6154295,6.6,71.7,18706.9,21477.597
21/10/2021,14.0938,0.935565386,2.64,0.09,110.6154295,6.6,71.7,18706.9,21477.597
22/10/2021,19.5691,1.199816807,2.64,0.09,110.6154295,6.6,71.7,18706.9,21477.597
23/10/2021,13.9539,1.21033553,2.64,0.09,110.6154295,6.6,71.7,18706.9,21477.597
24/10/2021,10.4624,0.683651175,2.64,0.09,110.6154295,6.6,71.7,18706.9,21477.597
25/10/2021,17.5521,0.705165564,2.66,0.09,110.6154295,6.6,71.7,18706.9,21477.597
26/10/2021,48.7051,0.838236523,2.69,0.09,110.6154295,6.6,71.7,18645.3,21477.597
27/10/2021,36.4327,2.723563061,2.65,0.09,110.6154295,6.6,71.7,18645.3,21477.597
28/10/2021,16.8231,2.527047457,2.57,0.09,110.6154295,6.6,71.7,18645.3,21477.597
29/10/2021,16.956,1.85814637,2.51,0.09,110.6154295,6.6,71.7,18645.3,21477.597
30/10/2021,11.375,1.725018314,2.51,0.09,110.6154295,6.6,71.7,18645.3,21477.597
31/10/2021,14.6366,1.290905704,2.51,0.09,110.6154295,6.6,71.7,18645.3,21477.597
01/11/2021,16.7899,1.372872162,2.5,0.09,115.143673,6.4,71.7,18645.3,21477.597
02/11/2021,36.4255,1.367915468,2.51,0.09,115.143673,6.4,71.7,18834.1,21477.597
03/11/2021,18.9828,1.34407545,2.53,0.09,115.143673,6.4,71.7,18834.1,21477.597
04/11/2021,32.3318,1.451865692,2.56,0.09,115.143673,6.4,71.7,18834.1,21477.597
05/11/2021,28.1293,1.321721652,2.54,0.09,115.143673,6.4,71.7,18834.1,21477.597
06/11/2021,24.3896,1.410810405,2.54,0.09,115.143673,6.4,71.7,18834.1,21477.597
07/11/2021,1.3548,1.46056392,2.54,0.09,115.143673,6.4,71.7,18834.1,21477.597
08/11/2021,44.3568,1.67617187,2.62,0.09,115.143673,6.4,71.7,18834.1,21477.597
09/11/2021,27.9782,1.666606801,2.63,0.09,115.143673,6.4,71.7,18914.7,21477.597
10/11/2021,60.6542,1.518089693,2.7,0.09,115.143673,6.4,71.7,18914.7,21477.597
11/11/2021,40.5012,1.394096198,2.606,0.09,115.143673,6.4,71.7,18914.7,21477.597
12/11/2021,26.0925,1.292003588,2.73,0.09,115.143673,6.4,71.7,18914.7,21477.597
13/11/2021,27.995,0.942050345,2.73,0.09,115.143673,6.4,71.7,18914.7,21477.597
14/11/2021,26.1801,0.966954855,2.73,0.09,115.143673,6.4,67.4,18914.7,21477.597
15/11/2021,25.7908,1.046042469,2.76,0.09,115.143673,6.4,67.4,18914.7,21477.597
16/11/2021,35.7788,1.316280368,2.73,0.09,115.143673,6.4,67.4,18999.1,21477.597
17/11/2021,34.0403,1.373918936,2.7,0.09,115.143673,6.4,67.4,18999.1,21477.597
18/11/2021,22.2446,2.08049442,2.73,0.09,115.143673,6.4,67.4,18999.1,21477.597
19/11/2021,24.9443,1.851495165,2.65,0.08,115.143673,6.4,67.4,18999.1,21477.597
20/11/2021,20.5098,1.730768525,2.65,0.08,115.143673,6.4,67.4,18999.1,21477.597
21/11/2021,29.2764,1.285619121,2.65,0.08,115.143673,6.4,67.4,18999.1,21477.597
22/11/2021,11.5215,1.291625284,2.61,0.08,115.143673,6.4,67.4,18999.1,21477.597
23/11/2021,46.6051,1.407012461,2.62,0.08,115.143673,6.4,67.4,18974.5,21477.597
24/11/2021,62.5897,6.189889197,2.61,0.08,115.143673,6.4,67.4,18974.5,21477.597
25/11/2021,27.7655,5.117564966,2.628,0.08,115.143673,6.4,67.4,18974.5,21477.597
26/11/2021,43.0517,3.756217865,2.55,0.08,115.143673,6.4,67.4,18974.5,21477.597
27/11/2021,27.4738,2.147584674,2.55,0.08,115.143673,6.4,67.4,18974.5,21477.597
28/11/2021,18.8388,2.898670217,2.55,0.08,115.143673,6.4,67.4,18974.5,21477.597
29/11/2021,22.5744,4.629068231,2.54,0.08,115.143673,6.4,67.4,18974.5,21477.597
30/11/2021,17.507,3.376775556,2.5,0.09,115.143673,6.4,67.4,19055.3,21477.597
01/12/2021,27.9117,3.063207965,2.44,0.09,125.5370485,6.5,67.4,19055.3,21477.597
02/12/2021,36.4307,2.788301528,2.47,0.09,125.5370485,6.5,67.4,19055.3,21477.597
03/12/2021,39.0243,2.81794866,2.43,0.09,125.5370485,6.5,67.4,19055.3,21477.597
04/12/2021,30.9224,1.943309884,2.43,0.09,125.5370485,6.5,67.4,19055.3,21477.597
05/12/2021,23.8799,1.8245931,2.43,0.09,125.5370485,6.5,67.4,19055.3,21477.597
06/12/2021,53.681,1.533459488,2.44,0.09,125.5370485,6.5,67.4,19055.3,21477.597
07/12/2021,43.8921,3.207050392,2.47,0.09,125.5370485,6.5,67.4,19162,21477.597
08/12/2021,27.4944,2.983063684,2.52,0.09,125.5370485,6.5,67.4,19162,21477.597
09/12/2021,18.047,2.278855809,2.47,0.09,125.5370485,6.5,67.4,19162,21477.597
10/12/2021,12.076,1.648723685,2.44,0.09,125.5370485,6.5,67.4,19162,21477.597
11/12/2021,6.3081,1.465725965,2.44,0.09,125.5370485,6.5,67.4,19162,21477.597
12/12/2021,23.5587,1.325425269,2.44,0.09,125.5370485,6.5,67.4,19162,21477.597
13/12/2021,35.9631,1.353277762,2.4,0.09,125.5370485,6.5,67.4,19162,21477.597
14/12/2021,32.0605,2.1588918,2.37,0.09,125.5370485,6.5,70.6,19212.5,21477.597
15/12/2021,32.7903,1.667312757,2.39,0.09,125.5370485,6.5,70.6,19212.5,21477.597
16/12/2021,41.359,1.60668623,2.42,0.09,125.5370485,6.5,70.6,19212.5,21477.597
17/12/2021,38.3528,1.517024109,2.38,0.09,125.5370485,6.5,70.6,19212.5,21477.597
18/12/2021,17.8284,1.158598576,2.38,0.09,125.5370485,6.5,70.6,19212.5,21477.597
19/12/2021,20.4745,0.926372945,2.38,0.09,125.5370485,6.5,70.6,19212.5,21477.597
20/12/2021,25.2978,0.81290046,2.39,0.09,125.5370485,6.5,70.6,19212.5,21477.597
21/12/2021,21.7128,0.969317691,2.44,0.09,125.5370485,6.5,70.6,19266.4,21477.597
22/12/2021,20.5028,1.553575884,2.47,0.09,125.5370485,6.5,70.6,19266.4,21477.597
23/12/2021,32.6481,1.787114798,2.47,0.09,125.5370485,6.5,70.6,19266.4,21477.597
24/12/2021,43.8123,5.619353882,2.43,0.09,125.5370485,6.5,70.6,19266.4,21477.597
25/12/2021,7.3245,3.804149676,2.47,0.09,125.5370485,6.5,70.6,19266.4,21477.597
26/12/2021,9.6358,2.039022067,2.47,0.09,125.5370485,6.5,70.6,19266.4,21477.597
27/12/2021,20.3073,2.282460196,2.5,0.09,125.5370485,6.5,70.6,19266.4,21477.597
28/12/2021,9.4973,2.650356162,2.5,0.09,125.5370485,6.5,70.6,19297.5,21477.597
29/12/2021,23.1119,3.24045885,2.53,0.09,125.5370485,6.5,70.6,19297.5,21477.597
30/12/2021,26.9948,2.224683529,2.58,0.09,125.5370485,6.5,70.6,19297.5,21477.597
31/12/2021,20.0047,2.368045202,2.56,0.09,125.5370485,6.5,70.6,19297.5,21477.597
01/01/2022,15.4951,1.6223028,2.56,0.09,137.3946371,6.8,70.6,19297.5,22038.226
02/01/2022,15.7314,1.830526706,2.56,0.09,137.3946371,6.8,70.6,19297.5,22038.226
03/01/2022,28.0886,1.902148078,2.6,0.09,137.3946371,6.8,70.6,19297.5,22038.226
04/01/2022,12.5552,1.486540482,2.57,0.09,137.3946371,6.8,70.6,19365.7,22038.226
05/01/2022,20.4647,1.513444931,2.53,0.09,137.3946371,6.8,70.6,19365.7,22038.226
06/01/2022,29.6997,1.254683367,2.46,0.09,137.3946371,6.8,70.6,19365.7,22038.226
07/01/2022,20.3674,1.097662533,2.48,0.09,137.3946371,6.8,70.6,19365.7,22038.226
08/01/2022,5.567,0.657516163,2.48,0.09,137.3946371,6.8,70.6,19365.7,22038.226
09/01/2022,28.478,0.740294981,2.48,0.09,137.3946371,6.8,70.6,19365.7,22038.226
10/01/2022,35.5835,1.368505675,2.48,0.09,137.3946371,6.8,70.6,19365.7,22038.226
11/01/2022,23.5398,1.250687948,2.54,0.09,137.3946371,6.8,70.6,19429.3,22038.226
12/01/2022,37.8718,1.505884814,2.48,0.09,137.3946371,6.8,70.6,19429.3,22038.226
13/01/2022,28.8345,1.8686046,2.43,0.09,137.3946371,6.8,70.6,19429.3,22038.226
14/01/2022,25.2931,1.010034433,2.44,0.09,137.3946371,6.8,67.2,19429.3,22038.226
15/01/2022,10.8398,0.886859545,2.44,0.09,137.3946371,6.8,67.2,19429.3,22038.226
16/01/2022,18.6527,0.986091276,2.44,0.09,137.3946371,6.8,67.2,19429.3,22038.226
17/01/2022,18.2834,0.85500446,2.446,0.09,137.3946371,6.8,67.2,19429.3,22038.226
18/01/2022,13.7645,1.372632758,2.46,0.09,137.3946371,6.8,67.2,19401.7,22038.226
19/01/2022,21.848,1.326996799,2.4,0.09,137.3946371,6.8,67.2,19401.7,22038.226
20/01/2022,39.3417,1.348247722,2.33,0.09,137.3946371,6.8,67.2,19401.7,22038.226
21/01/2022,25.2507,0.651852497,2.34,0.08,137.3946371,6.8,67.2,19401.7,22038.226
22/01/2022,8.3149,0.619317386,2.34,0.08,137.3946371,6.8,67.2,19401.7,22038.226
23/01/2022,12.9589,0.616791774,2.34,0.08,137.3946371,6.8,67.2,19401.7,22038.226
24/01/2022,25.8145,0.728161253,2.38,0.08,137.3946371,6.8,67.2,19401.7,22038.226
25/01/2022,44.9163,0.815182857,2.41,0.08,137.3946371,6.8,67.2,19284.3,22038.226
26/01/2022,26.8828,2.732798849,2.38,0.08,137.3946371,6.8,67.2,19284.3,22038.226
27/01/2022,35.1964,2.500321532,2.4,0.08,137.3946371,6.8,67.2,19284.3,22038.226
28/01/2022,35.8682,1.64674001,2.44,0.07,137.3946371,6.8,67.2,19284.3,22038.226
29/01/2022,30.9284,1.132584438,2.44,0.07,137.3946371,6.8,67.2,19284.3,22038.226
30/01/2022,26.3224,0.988448277,2.44,0.07,137.3946371,6.8,67.2,19284.3,22038.226
31/01/2022,30.9864,0.865722565,2.44,0.07,137.3946371,6.8,67.2,19284.3,22038.226
01/02/2022,26.9424,1.282088746,2.43,0.08,140.5667792,6.6,67.2,19389.2,22038.226
02/02/2022,38.6712,1.239129059,2.41,0.08,140.5667792,6.6,67.2,19389.2,22038.226
03/02/2022,-3.0073,1.460213167,2.38,0.08,140.5667792,6.6,67.2,19389.2,22038.226
04/02/2022,16.8391,1.329767157,2.41,0.08,140.5667792,6.6,67.2,19389.2,22038.226
05/02/2022,47.3647,0.990431616,2.41,0.08,140.5667792,6.6,67.2,19389.2,22038.226
06/02/2022,4.2054,0.755861071,2.41,0.08,140.5667792,6.6,67.2,19389.2,22038.226
07/02/2022,-0.734,1.538885837,2.4,0.08,140.5667792,6.6,67.2,19389.2,22038.226
08/02/2022,-8.9814,2.284390504,2.42,0.07,140.5667792,6.6,67.2,19424.9,22038.226
09/02/2022,40.3308,1.47264835,2.42,0.08,140.5667792,6.6,67.2,19424.9,22038.226
10/02/2022,55.9404,1.560369047,2.45,0.08,140.5667792,6.6,67.2,19424.9,22038.226
11/02/2022,30.4494,1.630164819,2.43,0.08,140.5667792,6.6,67.2,19424.9,22038.226
12/02/2022,37.4399,0.854458411,2.43,0.08,140.5667792,6.6,67.2,19424.9,22038.226
13/02/2022,24.2564,1.088205091,2.43,0.08,140.5667792,6.6,67.2,19424.9,22038.226
14/02/2022,24.046,0.927960223,2.48,0.08,140.5667792,6.6,62.8,19424.9,22038.226
15/02/2022,26.9032,0.926575506,2.48,0.08,140.5667792,6.6,62.8,19533.1,22038.226
16/02/2022,22.6016,0.984631958,2.46,0.08,140.5667792,6.6,62.8,19533.1,22038.226
17/02/2022,40.8377,1.07835699,2.43,0.08,140.5667792,6.6,62.8,19533.1,22038.226
18/02/2022,19.3544,1.146186037,2.41,0.07,140.5667792,6.6,62.8,19533.1,22038.226
19/02/2022,20.451,1.181877578,2.41,0.07,140.5667792,6.6,62.8,19533.1,22038.226
20/02/2022,28.9569,0.821960506,2.41,0.07,140.5667792,6.6,62.8,19533.1,22038.226
21/02/2022,32.6335,1.191062466,2.424,0.07,140.5667792,6.6,62.8,19533.1,22038.226
22/02/2022,28.4348,0.993782538,2.45,0.07,140.5667792,6.6,62.8,19545,22038.226
23/02/2022,24.9364,1.45754285,2.53,0.07,140.5667792,6.6,62.8,19545,22038.226
24/02/2022,39.6954,4.997177976,2.55,0.07,140.5667792,6.6,62.8,19545,22038.226
25/02/2022,23.3281,4.492531254,2.54,0.07,140.5667792,6.6,62.8,19545,22038.226
26/02/2022,6.0949,2.192665607,2.54,0.07,140.5667792,6.6,62.8,19545,22038.226
27/02/2022,22.3456,1.882671633,2.54,0.07,140.5667792,6.6,62.8,19545,22038.226
28/02/2022,38.0202,3.844474828,2.62,0.07,140.5667792,6.6,62.8,19545,22038.226
01/03/2022,40.7932,2.071901672,2.62,0.07,141.2466898,6.2,62.8,19630.9,22038.226
02/03/2022,12.2028,3.098994023,2.71,0.07,141.2466898,6.2,62.8,19630.9,22038.226
03/03/2022,35.3279,2.970401791,2.69,0.07,141.2466898,6.2,62.8,19630.9,22038.226
04/03/2022,1.9216,2.225564967,2.67,0.07,141.2466898,6.2,62.8,19630.9,22038.226
05/03/2022,35.3078,1.267725226,2.67,0.07,141.2466898,6.2,62.8,19630.9,22038.226
06/03/2022,9.4501,1.665781643,2.67,0.07,141.2466898,6.2,62.8,19630.9,22038.226
07/03/2022,17.5468,1.46029774,2.77,0.07,141.2466898,6.2,62.8,19630.9,22038.226
08/03/2022,-0.4473,1.717936865,2.9,0.07,141.2466898,6.2,62.8,19727.2,22038.226
09/03/2022,2.1064,2.340783761,2.84,0.07,141.2466898,6.2,62.8,19727.2,22038.226
10/03/2022,-35.0278,2.441257115,2.86,0.07,141.2466898,6.2,62.8,19727.2,22038.226
11/03/2022,-1.6836,1.503632499,2.94,0.07,141.2466898,6.2,62.8,19727.2,22038.226
12/03/2022,10.584,1.160533739,2.94,0.07,141.2466898,6.2,62.8,19727.2,22038.226
13/03/2022,14.2666,1.012417285,2.94,0.07,141.2466898,6.2,62.8,19727.2,22038.226
14/03/2022,6.0488,1.243257016,2.93,0.07,141.2466898,6.2,59.4,19727.2,22038.226
15/03/2022,-1.2936,1.80302693,2.84,0.07,141.2466898,6.2,59.4,19862.9,22038.226
16/03/2022,-13.226,5.126469655,2.8,0.07,141.2466898,6.2,59.4,19862.9,22038.226
17/03/2022,9.3016,1.823511753,2.91,0.07,141.2466898,6.2,59.4,19862.9,22038.226
18/03/2022,-2.7721,2.325296747,2.86,0.07,141.2466898,6.2,59.4,19862.9,22038.226
19/03/2022,26.6879,1.545061611,2.86,0.07,141.2466898,6.2,59.4,19862.9,22038.226
20/03/2022,17.3471,1.677488234,2.86,0.07,141.2466898,6.2,59.4,19862.9,22038.226
21/03/2022,15.879,2.605398246,2.9,0.07,141.2466898,6.2,59.4,19862.9,22038.226
22/03/2022,-12.6805,3.05547442,2.91,0.07,141.2466898,6.2,59.4,20040.2,22038.226
23/03/2022,-3.4732,3.219965223,2.94,0.07,141.2466898,6.2,59.4,20040.2,22038.226
24/03/2022,-25.5307,4.967324061,2.92,0.07,141.2466898,6.2,59.4,20040.2,22038.226
25/03/2022,4.3314,5.018763624,2.95,0.07,141.2466898,6.2,59.4,20040.2,22038.226
26/03/2022,-22.695,3.291532733,2.95,0.07,141.2466898,6.2,59.4,20040.2,22038.226
27/03/2022,-2.8329,2.794537753,2.95,0.07,141.2466898,6.2,59.4,20040.2,22038.226
28/03/2022,23.7162,3.068543298,2.95,0.07,141.2466898,6.2,59.4,20040.2,22038.226
29/03/2022,16.1846,3.138276994,2.86,0.07,141.2466898,6.2,59.4,20115.8,22038.226
30/03/2022,24.7464,2.49080207,2.86,0.07,141.2466898,6.2,59.4,20115.8,22038.226
31/03/2022,21.2019,2.102324627,2.84,0.06,141.2466898,6.2,59.4,20115.8,22038.226
01/04/2022,8.8675,1.765849857,2.8,0.07,145.0412073,5.7,59.4,20115.8,22740.959
02/04/2022,17.0452,1.732357645,2.8,0.07,145.0412073,5.7,59.4,20115.8,22740.959
03/04/2022,0.6887,1.920331513,2.8,0.07,145.0412073,5.7,59.4,20115.8,22740.959
04/04/2022,31.0645,1.769670133,2.8,0.07,145.0412073,5.7,59.4,20115.8,22740.959
05/04/2022,50.1081,1.213187757,2.84,0.07,145.0412073,5.7,59.4,20322.3,22740.959
06/04/2022,30.609,1.810750405,2.83,0.07,145.0412073,5.7,59.4,20322.3,22740.959
07/04/2022,24.5639,2.020041782,2.82,0.07,145.0412073,5.7,59.4,20322.3,22740.959
08/04/2022,19.545,1.872533334,2.87,0.07,145.0412073,5.7,59.4,20322.3,22740.959
09/04/2022,16.9981,1.868256051,2.87,0.07,145.0412073,5.7,59.4,20322.3,22740.959
10/04/2022,16.6915,1.610828904,2.87,0.07,145.0412073,5.7,59.4,20322.3,22740.959
11/04/2022,24.9538,1.655744037,2.91,0.07,145.0412073,5.7,59.4,20322.3,22740.959
12/04/2022,18.8641,2.205829583,2.86,0.07,145.0412073,5.7,59.4,20314.2,22740.959
13/04/2022,7.9293,2.477970918,2.8,0.07,145.0412073,5.7,59.4,20314.2,22740.959
14/04/2022,31.871,2.530860508,2.89,0.07,145.0412073,5.7,65.2,20314.2,22740.959
15/04/2022,28.7717,2.61026262,2.866,0.07,145.0412073,5.7,65.2,20314.2,22740.959
16/04/2022,17.4534,1.405703524,2.89,0.07,145.0412073,5.7,65.2,20314.2,22740.959
17/04/2022,28.3701,1.42250249,2.89,0.07,145.0412073,5.7,65.2,20314.2,22740.959
18/04/2022,39.434,1.508117098,2.92,0.07,145.0412073,5.7,65.2,20314.2,22740.959
19/04/2022,4.8501,1.389575801,2.93,0.07,145.0412073,5.7,65.2,20303.8,22740.959
20/04/2022,27.5878,2.004162412,2.92,0.07,145.0412073,5.7,65.2,20303.8,22740.959
21/04/2022,21.1544,1.617476997,3.02,0.07,145.0412073,5.7,65.2,20303.8,22740.959
22/04/2022,17.545,1.45340482,2.98,0.07,145.0412073,5.7,65.2,20303.8,22740.959
23/04/2022,21.8194,1.11203774,2.98,0.07,145.0412073,5.7,65.2,20303.8,22740.959
24/04/2022,5.6314,1.342746904,2.98,0.07,145.0412073,5.7,65.2,20303.8,22740.959
25/04/2022,1.7979,2.171183787,2.91,0.07,145.0412073,5.7,65.2,20303.8,22740.959
26/04/2022,11.323,9.070342028,2.85,0.07,145.0412073,5.7,65.2,20150.2,22740.959
27/04/2022,-17.5748,7.017217815,2.88,0.07,145.0412073,5.7,65.2,20150.2,22740.959
28/04/2022,-1.6031,4.32694755,2.97,0.07,145.0412073,5.7,65.2,20150.2,22740.959
29/04/2022,16.8282,3.289849048,2.88,0.06,145.0412073,5.7,65.2,20150.2,22740.959
30/04/2022,-6.9053,2.312886304,2.88,0.05,145.0412073,5.7,65.2,20150.2,22740.959
01/05/2022,-4.9242,1.637116136,2.88,0.05,155.1005787,5.5,65.2,20150.2,22740.959
02/05/2022,14.0925,2.5163278,2.81,0.05,155.1005787,5.5,65.2,20150.2,22740.959
03/05/2022,28.9857,2.359620579,2.83,0.06,155.1005787,5.5,65.2,20275.5,22740.959
04/05/2022,18.7195,2.502777382,2.86,0.06,155.1005787,5.5,65.2,20275.5,22740.959
05/05/2022,14.4025,2.364778239,2.87,0.06,155.1005787,5.5,65.2,20275.5,22740.959
06/05/2022,-5.3028,2.050298789,2.86,0.06,155.1005787,5.5,65.2,20275.5,22740.959
07/05/2022,11.6689,1.599584126,2.86,0.06,155.1005787,5.5,65.2,20275.5,22740.959
08/05/2022,12.8284,1.695795304,2.86,0.06,155.1005787,5.5,65.2,20275.5,22740.959
09/05/2022,27.3608,1.741395363,2.75,0.06,155.1005787,5.5,65.2,20275.5,22740.959
10/05/2022,39.1744,2.318911169,2.65,0.06,155.1005787,5.5,65.2,20357.4,22740.959
11/05/2022,-4.0314,2.787684423,2.7,0.06,155.1005787,5.5,65.2,20357.4,22740.959
12/05/2022,22.6656,3.085270907,2.59,0.06,155.1005787,5.5,65.2,20357.4,22740.959
13/05/2022,18.0015,2.07496004,2.69,0.06,155.1005787,5.5,65.2,20357.4,22740.959
14/05/2022,24.0205,2.108232438,2.69,0.06,155.1005787,5.5,58.4,20357.4,22740.959
15/05/2022,1.2145,1.954149348,2.69,0.06,155.1005787,5.5,58.4,20357.4,22740.959
16/05/2022,19.9657,2.725709671,2.68,0.06,155.1005787,5.5,58.4,20357.4,22740.959
17/05/2022,1.8811,2.523079343,2.71,0.06,155.1005787,5.5,58.4,20415.3,22740.959
18/05/2022,14.5385,2.849376196,2.72,0.06,155.1005787,5.5,58.4,20415.3,22740.959
19/05/2022,6.2339,3.316037685,2.59,0.06,155.1005787,5.5,58.4,20415.3,22740.959
20/05/2022,17.8534,3.46446522,2.55,0.06,155.1005787,5.5,58.4,20415.3,22740.959
21/05/2022,-56.096,2.735564508,2.55,0.06,155.1005787,5.5,58.4,20415.3,22740.959
22/05/2022,-4.0143,1.563207365,2.55,0.06,155.1005787,5.5,58.4,20415.3,22740.959
23/05/2022,1.4806,3.380288444,2.6,0.06,155.1005787,5.5,58.4,20415.3,22740.959
24/05/2022,-12.9794,5.896454526,2.55,0.06,155.1005787,5.5,58.4,20235.1,22740.959
25/05/2022,-43.6909,9.194080871,2.56,0.06,155.1005787,5.5,58.4,20235.1,22740.959
26/05/2022,-21.0057,5.923527123,2.62,0.06,155.1005787,5.5,58.4,20235.1,22740.959
27/05/2022,6.3381,4.212783945,2.63,0.06,155.1005787,5.5,58.4,20235.1,22740.959
28/05/2022,-28.2659,4.391888475,2.63,0.05,155.1005787,5.5,58.4,20235.1,22740.959
29/05/2022,-8.3638,2.89464276,2.63,0.05,155.1005787,5.5,58.4,20235.1,22740.959
30/05/2022,10.9037,2.932439052,2.614,0.05,155.1005787,5.5,58.4,20235.1,22740.959
31/05/2022,-15.9469,3.696694639,2.64,0.05,155.1005787,5.5,58.4,20283.9,22740.959