date,twitter_sentiment_score,twitter_attention_score,reddit_sentiment_score,reddit_attention_score,overall_sentiment_score,overall_attention_score,BEIR,interest_rate_1yr_lag,commodities_1yr_lag,UNRATENSA_1yr_lag,UMCSENT_2wk_lag,WM2NS_1yr_lag
12/05/2021,-24.4702,3.76729548,50.9161,0.133301278,26.4459,3.900596758,2.54,0.05,91.3337049,13,88.3,17678.2
13/05/2021,-11.749,2.164075101,63.1131,0.184148681,51.3641,2.348223782,2.51,0.05,91.3337049,13,88.3,17678.2
14/05/2021,-6.3891,1.059857706,54.8322,0.096931031,48.4431,1.156788737,2.51,0.05,91.3337049,13,82.9,17678.2
15/05/2021,-8.2075,0.858450151,25.6531,0.045244526,17.4456,0.903694677,2.51,0.05,91.3337049,13,82.9,17678.2
16/05/2021,-0.2693,0.877176266,28.4126,0.07071406,28.1433,0.947890326,2.51,0.05,91.3337049,13,82.9,17678.2
17/05/2021,3.9601,0.615227391,54.8292,0.084303708,58.7893,0.699531099,2.54,0.05,91.3337049,13,82.9,17678.2
18/05/2021,-1.2669,0.681365512,42.5871,0.049301127,41.3202,0.730666639,2.52,0.05,91.3337049,13,82.9,17810
19/05/2021,-4.4273,0.943846391,42.4543,0.100585799,38.027,1.04443219,2.48,0.05,91.3337049,13,82.9,17810
20/05/2021,1.7315,0.760319677,32.9577,0.083592722,34.6892,0.843912399,2.41,0.05,91.3337049,13,82.9,17810
21/05/2021,1.649,0.436920477,30.7205,0.072681535,32.3695,0.509602011,2.43,0.05,91.3337049,13,82.9,17810
22/05/2021,3.3637,0.495870508,28.4376,0.038685117,31.8013,0.534555625,2.43,0.05,91.3337049,13,82.9,17810
23/05/2021,-0.6376,0.543166518,33.1758,0.061426837,32.5382,0.604593355,2.43,0.05,91.3337049,13,82.9,17810
24/05/2021,-2.2387,0.489151432,47.9745,0.070116727,45.7358,0.559268159,2.44,0.05,91.3337049,13,82.9,17810
25/05/2021,-1.1864,0.599597206,26.0459,0.086241304,24.8595,0.68583851,2.42,0.05,91.3337049,13,82.9,17784.7
26/05/2021,-1.7252,0.926745823,32.6081,0.054598837,30.8829,0.98134466,2.4,0.05,91.3337049,13,82.9,17784.7
27/05/2021,2.8024,0.811885406,34.2382,0.04300227,37.0406,0.854887676,2.42,0.05,91.3337049,13,82.9,17784.7
28/05/2021,-8.5947,0.799369543,45.8785,0.11793136,37.2838,0.917300903,2.42,0.05,91.3337049,13,82.9,17784.7
29/05/2021,-1.1269,1.036579416,25.9008,0.032391139,24.7739,1.068970555,2.42,0.05,91.3337049,13,82.9,17784.7
30/05/2021,-3.8877,0.52687501,27.2489,0.060043561,23.3612,0.586918571,2.42,0.05,91.3337049,13,82.9,17784.7
31/05/2021,4.7835,0.39014316,29.0183,0.088849881,33.8018,0.478993041,2.416,0.05,91.3337049,13,82.9,17784.7
01/06/2021,5.0591,0.553080217,43.7031,0.061683548,48.7622,0.614763765,2.46,0.05,99.8752763,11.2,82.9,17915.4
02/06/2021,-1.3814,0.679584922,15.6489,0.05238175,14.2675,0.731966672,2.44,0.06,99.8752763,11.2,82.9,17915.4
03/06/2021,3.9499,0.549937204,33.4522,0.050232699,37.4021,0.600169903,2.42,0.06,99.8752763,11.2,82.9,17915.4
04/06/2021,6.9923,0.606094958,31.654,0.07716449,38.6463,0.683259448,2.4,0.06,99.8752763,11.2,82.9,17915.4
05/06/2021,9.6939,0.533063969,26.3617,0.048020373,36.0556,0.581084342,2.4,0.07,99.8752763,11.2,82.9,17915.4
06/06/2021,4.9467,0.639771718,26.0085,0.042442558,30.9552,0.682214276,2.4,0.07,99.8752763,11.2,82.9,17915.4
07/06/2021,5.0532,0.546844359,30.2578,0.034306985,35.311,0.581151343,2.39,0.07,99.8752763,11.2,82.9,17915.4
08/06/2021,3.6029,0.794362361,28.6435,0.095292804,32.2464,0.889655165,2.36,0.07,99.8752763,11.2,82.9,18026.7
09/06/2021,6.538,0.861334722,39.2445,0.079781442,45.7825,0.941116164,2.32,0.07,99.8752763,11.2,82.9,18026.7
10/06/2021,9.4374,1.834090987,38.5215,0.130043596,47.9589,1.964134583,2.35,0.08,99.8752763,11.2,82.9,18026.7
11/06/2021,4.6206,1.5115093,50.3721,0.080968843,54.9927,1.592478142,2.32,0.08,99.8752763,11.2,82.9,18026.7
12/06/2021,2.9885,1.120022721,36.1081,0.048317494,39.0966,1.168340215,2.32,0.08,99.8752763,11.2,82.9,18026.7
13/06/2021,-0.4162,0.51839522,18.0959,0.070510205,17.6797,0.588905425,2.32,0.08,99.8752763,11.2,82.9,18026.7
14/06/2021,4.4346,0.955166845,42.83,0.078968065,47.2646,1.034134909,2.36,0.08,99.8752763,11.2,85.5,18026.7
15/06/2021,-6.6988,1.378907716,28.4736,0.056836264,21.7748,1.43574398,2.38,0.09,99.8752763,11.2,85.5,18115.3
16/06/2021,1.0742,1.244029543,45.6481,0.073600852,46.7223,1.317630395,2.32,0.09,99.8752763,11.2,85.5,18115.3
17/06/2021,7.3989,1.131528874,51.0408,0.11158958,58.4397,1.243118454,2.27,0.09,99.8752763,11.2,85.5,18115.3
18/06/2021,7.0776,0.592070345,35.8111,0.049774106,42.8887,0.641844451,2.24,0.09,99.8752763,11.2,85.5,18115.3
19/06/2021,-4.8968,0.547819453,33.7863,0.057164866,28.8895,0.604984319,2.24,0.09,99.8752763,11.2,85.5,18115.3
20/06/2021,4.9178,0.507243419,45.6601,0.06047711,50.5779,0.567720529,2.24,0.09,99.8752763,11.2,85.5,18115.3
21/06/2021,1.08,0.573856175,25.545,0.066387878,26.625,0.640244053,2.25,0.09,99.8752763,11.2,85.5,18115.3
22/06/2021,0.8894,0.927149309,32.5438,0.068594799,33.4332,0.995744108,2.31,0.08,99.8752763,11.2,85.5,18106.4
23/06/2021,-2.7839,0.47809912,36.9862,0.061354474,34.2023,0.539453594,2.34,0.08,99.8752763,11.2,85.5,18106.4
24/06/2021,5.0281,0.60172841,30.0699,0.048487148,35.098,0.650215559,2.3,0.08,99.8752763,11.2,85.5,18106.4
25/06/2021,-0.5048,0.678275204,36.7575,0.046125582,36.2527,0.724400786,2.34,0.08,99.8752763,11.2,85.5,18106.4
26/06/2021,-0.6269,0.51087038,15.5902,0.037601374,14.9633,0.548471754,2.34,0.08,99.8752763,11.2,85.5,18106.4
27/06/2021,5.9686,0.514077548,30.7821,0.023662802,36.7507,0.53774035,2.34,0.08,99.8752763,11.2,85.5,18106.4
28/06/2021,0.2747,0.60901703,32.608,0.064155295,32.8827,0.673172326,2.33,0.08,99.8752763,11.2,85.5,18106.4
29/06/2021,0.9909,0.619904537,43.2007,0.080573548,44.1916,0.700478085,2.32,0.08,99.8752763,11.2,85.5,18160.5
30/06/2021,-1.9588,0.588809701,27.475,0.037136971,25.5162,0.625946672,2.32,0.08,99.8752763,11.2,85.5,18160.5
01/07/2021,-4.2748,0.968551721,21.7464,0.032737295,17.4716,1.001289016,2.35,0.08,103.0806039,10.5,85.5,18160.5
02/07/2021,3.072,0.785346771,19.0417,0.027966256,22.1137,0.813313027,2.33,0.09,103.0806039,10.5,85.5,18160.5
03/07/2021,3.9403,0.503924792,8.4884,0.026872231,12.4287,0.530797023,2.33,0.09,103.0806039,10.5,85.5,18160.5
04/07/2021,5.4561,0.375030819,25.1701,0.031645041,30.6262,0.40667586,2.33,0.09,103.0806039,10.5,85.5,18160.5
05/07/2021,-2.2242,0.264690601,28.8656,0.051268115,26.6414,0.315958716,2.332,0.09,103.0806039,10.5,85.5,18160.5
06/07/2021,3.2142,0.3587411,35.015,0.043810254,38.2292,0.402551353,2.31,0.09,103.0806039,10.5,85.5,18343.8
07/07/2021,-1.939,0.796139954,27.0445,0.037893145,25.1055,0.834033099,2.28,0.09,103.0806039,10.5,85.5,18343.8
08/07/2021,4.2339,0.812145107,28.753,0.048053834,32.9869,0.860198941,2.22,0.09,103.0806039,10.5,85.5,18343.8
09/07/2021,3.2842,0.779986514,23.0582,0.024600047,26.3424,0.804586561,2.28,0.09,103.0806039,10.5,85.5,18343.8
10/07/2021,8.2248,0.389870722,19.3658,0.037162292,27.5906,0.427033014,2.28,0.09,103.0806039,10.5,85.5,18343.8
11/07/2021,2.5121,0.447207857,22.8466,0.03021784,25.3587,0.477425697,2.28,0.09,103.0806039,10.5,85.5,18343.8
12/07/2021,7.3716,0.561018667,34.9091,0.0639857,42.2807,0.625004367,2.33,0.09,103.0806039,10.5,85.5,18343.8
13/07/2021,9.2684,2.239128967,40.9086,0.098810396,50.177,2.337939362,2.36,0.09,103.0806039,10.5,85.5,18346.7
14/07/2021,0.7494,2.172110963,48.6825,0.107785805,49.4319,2.279896768,2.34,0.09,103.0806039,10.5,81.2,18346.7
15/07/2021,-0.5035,1.41954312,30.2621,0.091597445,29.7586,1.511140565,2.32,0.1,103.0806039,10.5,81.2,18346.7
16/07/2021,2.2158,1.156012777,38.1984,0.05831459,40.4142,1.214327367,2.33,0.1,103.0806039,10.5,81.2,18346.7
17/07/2021,-5.6131,0.738543193,25.6283,0.042936014,20.0152,0.781479207,2.33,0.09,103.0806039,10.5,81.2,18346.7
18/07/2021,1.12,0.828779735,23.6783,0.024099983,24.7983,0.852879718,2.33,0.09,103.0806039,10.5,81.2,18346.7
19/07/2021,0.4377,1.215268585,29.0865,0.063258517,29.5242,1.278527102,2.24,0.09,103.0806039,10.5,81.2,18346.7
20/07/2021,0.1906,0.931829395,33.9615,0.058808725,34.1521,0.99063812,2.26,0.1,103.0806039,10.5,81.2,18245.4
21/07/2021,5.8555,0.756481031,10.4056,0.06961391,16.2611,0.826094941,2.28,0.1,103.0806039,10.5,81.2,18245.4
22/07/2021,-3.5198,1.167842636,27.7917,0.03653621,24.2719,1.204378846,2.28,0.09,103.0806039,10.5,81.2,18245.4
23/07/2021,-6.337,0.946552301,32.2044,0.047582476,25.8674,0.994134778,2.35,0.09,103.0806039,10.5,81.2,18245.4
24/07/2021,-5.52,0.677533876,23.1521,0.041995213,17.6321,0.719529089,2.35,0.09,103.0806039,10.5,81.2,18245.4
25/07/2021,-1.7958,0.729218228,25.7456,0.040124282,23.9498,0.76934251,2.35,0.09,103.0806039,10.5,81.2,18245.4
26/07/2021,4.6728,0.650802134,30.2289,0.027797905,34.9017,0.678600039,2.4,0.09,103.0806039,10.5,81.2,18245.4
27/07/2021,-0.4449,0.7386328,35.563,0.033144876,35.1181,0.771777676,2.38,0.1,103.0806039,10.5,81.2,18112.2
28/07/2021,-7.9894,0.940067927,22.965,0.05196058,14.9756,0.992028508,2.41,0.1,103.0806039,10.5,81.2,18112.2
29/07/2021,-1.2886,1.132248738,26.6442,0.070502566,25.3556,1.202751304,2.43,0.1,103.0806039,10.5,81.2,18112.2
30/07/2021,-0.4189,0.759450193,24.1317,0.04549514,23.7128,0.804945333,2.4,0.1,103.0806039,10.5,81.2,18112.2
31/07/2021,-8.5583,0.628462381,21.9115,0.056672358,13.3532,0.685134739,2.4,0.1,103.0806039,10.5,81.2,18112.2
01/08/2021,2.0633,0.60870144,34.4963,0.052982168,36.5596,0.661683608,2.4,0.1,108.9268378,8.5,81.2,18112.2
02/08/2021,0.4009,0.707921379,22.2269,0.040528816,22.6278,0.748450194,2.37,0.1,108.9268378,8.5,81.2,18112.2
03/08/2021,-4.5004,0.630258717,22.1735,0.044182074,17.6731,0.674440791,2.38,0.1,108.9268378,8.5,81.2,18224.3
04/08/2021,-3.6117,0.784584618,18.9618,0.027877579,15.3501,0.812462197,2.35,0.1,108.9268378,8.5,81.2,18224.3
05/08/2021,-4.0298,0.623867504,35.194,0.050739728,31.1642,0.674607232,2.33,0.1,108.9268378,8.5,81.2,18224.3
06/08/2021,-2.5077,0.596515445,25.8677,0.032166218,23.36,0.628681664,2.37,0.1,108.9268378,8.5,81.2,18224.3
07/08/2021,-5.1371,0.587572459,25.932,0.059638658,20.7949,0.647211117,2.37,0.1,108.9268378,8.5,81.2,18224.3
08/08/2021,-4.0354,0.662753313,19.4869,0.020738091,15.4515,0.683491404,2.37,0.1,108.9268378,8.5,81.2,18224.3
09/08/2021,-2.7959,0.465672273,13.0144,0.051577644,10.2185,0.517249917,2.37,0.1,108.9268378,8.5,81.2,18224.3
10/08/2021,-0.8226,0.767958967,31.2761,0.05790513,30.4535,0.825864097,2.4,0.1,108.9268378,8.5,81.2,18290.7
11/08/2021,1.1861,1.759806422,26.2922,0.052836411,27.4783,1.812642833,2.42,0.1,108.9268378,8.5,81.2,18290.7
12/08/2021,-5.6374,1.428036603,32.4724,0.064439906,26.835,1.492476508,2.41,0.1,108.9268378,8.5,81.2,18290.7
13/08/2021,-9.6433,1.301096477,23.002,0.033472498,13.3587,1.334568975,2.37,0.1,108.9268378,8.5,81.2,18290.7
14/08/2021,-12.9862,0.980930308,18.5579,0.0414497,5.5717,1.022380008,2.37,0.1,108.9268378,8.5,70.3,18290.7
15/08/2021,-20.1367,1.030595873,9.8026,0.018985011,-10.3341,1.049580884,2.37,0.1,108.9268378,8.5,70.3,18290.7
16/08/2021,-29.574,0.944756837,20.3938,0.056522866,-9.1802,1.001279703,2.36,0.1,108.9268378,8.5,70.3,18290.7
17/08/2021,-11.3777,0.740497239,30.3882,0.047086231,19.0105,0.787583471,2.33,0.1,108.9268378,8.5,70.3,18361.1
18/08/2021,-0.4264,0.713003898,28.2945,0.03198311,27.8681,0.744987007,2.32,0.09,108.9268378,8.5,70.3,18361.1
19/08/2021,-20.6738,0.733984937,15.9841,0.032983824,-4.6897,0.766968761,2.28,0.09,108.9268378,8.5,70.3,18361.1
20/08/2021,-6.5032,0.541702777,20.5209,0.027261474,14.0177,0.568964251,2.27,0.09,108.9268378,8.5,70.3,18361.1
21/08/2021,-11.119,0.486124806,22.5325,0.022252498,11.4135,0.508377304,2.27,0.09,108.9268378,8.5,70.3,18361.1
22/08/2021,-5.058,0.557332739,21.3398,0.03792637,16.2818,0.595259109,2.27,0.09,108.9268378,8.5,70.3,18361.1
23/08/2021,-8.0373,0.473151849,30.9309,0.04047729,22.8936,0.513629139,2.27,0.09,108.9268378,8.5,70.3,18361.1
24/08/2021,-4.2975,0.440210882,14.3824,0.038492241,10.0849,0.478703123,2.3,0.09,108.9268378,8.5,70.3,18261.4
25/08/2021,-8.7923,0.639954244,20.8021,0.063063903,12.0098,0.703018147,2.35,0.09,108.9268378,8.5,70.3,18261.4
26/08/2021,-7.3415,0.486069103,10.2593,0.0246688,2.9178,0.510737903,2.33,0.09,108.9268378,8.5,70.3,18261.4
27/08/2021,-4.125,0.648866425,3.949,0.036859871,-0.176,0.685726296,2.39,0.08,108.9268378,8.5,70.3,18261.4
28/08/2021,-10.0309,0.581293326,23.8237,0.041509379,13.7928,0.622802705,2.39,0.09,108.9268378,8.5,70.3,18261.4
29/08/2021,-6.7851,0.333445592,22.0157,0.031591761,15.2306,0.365037353,2.39,0.09,108.9268378,8.5,70.3,18261.4
30/08/2021,-1.4711,0.305964407,26.9714,0.033924667,25.5003,0.339889074,2.37,0.09,108.9268378,8.5,70.3,18261.4
31/08/2021,-2.3575,0.415192381,11.8708,0.039385719,9.5133,0.454578099,2.33,0.09,108.9268378,8.5,70.3,18380.8
01/09/2021,-0.0237,0.394231439,26.7018,0.036110001,26.6781,0.43034144,2.34,0.09,108.2081134,7.7,70.3,18380.8
02/09/2021,2.639,0.54861075,26.1963,0.040780074,28.8353,0.589390824,2.32,0.09,108.2081134,7.7,70.3,18380.8
03/09/2021,-7.1448,0.813178808,21.9991,0.019663274,14.8543,0.832842083,2.34,0.09,108.2081134,7.7,70.3,18380.8
04/09/2021,-1.4596,0.426788526,15.2954,0.038030913,13.8358,0.464819439,2.34,0.09,108.2081134,7.7,70.3,18380.8
05/09/2021,-0.826,0.41765233,10.9373,0.023949509,10.1113,0.441601839,2.34,0.09,108.2081134,7.7,70.3,18380.8
06/09/2021,-4.9872,0.336621063,26.0014,0.051105465,21.0142,0.387726528,2.336,0.09,108.2081134,7.7,70.3,18380.8
07/09/2021,-3.3599,0.618687968,19.2736,0.056407747,15.9137,0.675095715,2.36,0.09,108.2081134,7.7,70.3,18516.5
08/09/2021,-4.3944,0.76442807,27.419,0.038406994,23.0246,0.802835064,2.38,0.09,108.2081134,7.7,70.3,18516.5
09/09/2021,-4.5431,0.905560021,12.9206,0.035302322,8.3775,0.940862343,2.38,0.09,108.2081134,7.7,70.3,18516.5
10/09/2021,-5.7002,0.758244417,26.528,0.125284638,20.8278,0.883529055,2.4,0.09,108.2081134,7.7,70.3,18516.5
11/09/2021,-7.0895,0.421579911,17.5272,0.02382804,10.4377,0.445407951,2.4,0.09,108.2081134,7.7,70.3,18516.5
12/09/2021,-2.5752,0.37467459,16.9655,0.028652099,14.3903,0.403326689,2.4,0.09,108.2081134,7.7,70.3,18516.5
13/09/2021,4.0924,0.709210142,35.2336,0.040684405,39.326,0.749894547,2.37,0.09,108.2081134,7.7,70.3,18516.5
14/09/2021,4.1741,1.331725599,27.5184,0.05830687,31.6925,1.390032469,2.33,0.09,108.2081134,7.7,72.8,18600.9
15/09/2021,-4.4364,1.102805969,30.5569,0.064964916,26.1205,1.167770885,2.35,0.09,108.2081134,7.7,72.8,18600.9
16/09/2021,8.6519,0.635311433,5.3562,0.047744698,14.0081,0.683056131,2.35,0.09,108.2081134,7.7,72.8,18600.9
17/09/2021,-7.6106,0.72727806,13.3445,0.024684619,5.7339,0.751962679,2.33,0.09,108.2081134,7.7,72.8,18600.9
18/09/2021,-6.8218,0.503462196,18.4045,0.035516226,11.5827,0.538978423,2.33,0.09,108.2081134,7.7,72.8,18600.9
19/09/2021,-4.4844,0.459770423,7.3869,0.036465835,2.9025,0.496236258,2.33,0.09,108.2081134,7.7,72.8,18600.9
20/09/2021,-6.1296,0.763730391,16.3987,0.045730003,10.2691,0.809460394,2.29,0.09,108.2081134,7.7,72.8,18600.9
21/09/2021,-1.2319,0.811289798,23.7108,0.053412916,22.4789,0.864702714,2.29,0.09,108.2081134,7.7,72.8,18554.1
22/09/2021,-10.0026,0.687646482,19.9691,0.034433232,9.9665,0.722079713,2.28,0.09,108.2081134,7.7,72.8,18554.1
23/09/2021,-10.4794,0.845839415,11.3942,0.041814794,0.9148,0.887654208,2.31,0.09,108.2081134,7.7,72.8,18554.1
24/09/2021,2.7964,0.560345035,15.6796,0.022697076,18.476,0.583042111,2.34,0.09,108.2081134,7.7,72.8,18554.1
25/09/2021,-13.1403,0.561629433,19.8292,0.030658812,6.6889,0.592288245,2.34,0.09,108.2081134,7.7,72.8,18554.1
26/09/2021,-6.4759,0.496333583,19.2796,0.020134709,12.8037,0.516468291,2.34,0.09,108.2081134,7.7,72.8,18554.1
27/09/2021,-13.2443,0.84087252,26.9447,0.04086892,13.7004,0.88174144,2.35,0.09,108.2081134,7.7,72.8,18554.1
28/09/2021,0.8441,1.067942234,35.0612,0.042972939,35.9053,1.110915173,2.38,0.09,108.2081134,7.7,72.8,18493.8
29/09/2021,-3.8626,1.351200863,24.6008,0.036057948,20.7382,1.387258812,2.37,0.09,108.2081134,7.7,72.8,18493.8
30/09/2021,-7.2801,1.590143853,19.6989,0.043679173,12.4188,1.633823027,2.37,0.09,108.2081134,7.7,72.8,18493.8
01/10/2021,0.7179,1.354931824,30.7872,0.057859859,31.5051,1.412791683,2.38,0.09,110.6154295,6.6,72.8,18493.8
02/10/2021,-3.9057,0.791930624,9.1263,0.027634459,5.2206,0.819565083,2.38,0.09,110.6154295,6.6,72.8,18493.8
03/10/2021,-10.257,0.681009077,14.1572,0.032039782,3.9002,0.713048859,2.38,0.09,110.6154295,6.6,72.8,18493.8
04/10/2021,-5.524,0.915138841,40.24,0.037235189,34.716,0.95237403,2.38,0.09,110.6154295,6.6,72.8,18493.8
05/10/2021,2.1654,0.849584217,21.3388,0.04226111,23.5042,0.891845327,2.45,0.09,110.6154295,6.6,72.8,18636.7
06/10/2021,-9.5996,0.795414561,18.2192,0.044490198,8.6196,0.83990476,2.43,0.09,110.6154295,6.6,72.8,18636.7
07/10/2021,-11.3201,0.899182197,25.4139,0.036383189,14.0938,0.935565386,2.46,0.09,110.6154295,6.6,72.8,18636.7
08/10/2021,-3.8874,1.14146531,23.4565,0.058351497,19.5691,1.199816807,2.5,0.09,110.6154295,6.6,72.8,18636.7
09/10/2021,-1.5835,1.185424467,15.5374,0.024911062,13.9539,1.21033553,2.5,0.09,110.6154295,6.6,72.8,18636.7
10/10/2021,-8.7746,0.644336295,19.237,0.03931488,10.4624,0.683651175,2.5,0.09,110.6154295,6.6,72.8,18636.7
11/10/2021,-9.7742,0.663827854,27.3263,0.04133771,17.5521,0.705165564,2.478,0.09,110.6154295,6.6,72.8,18636.7
12/10/2021,-3.2811,0.768207636,51.9862,0.070028888,48.7051,0.838236523,2.49,0.09,110.6154295,6.6,72.8,18649.9
13/10/2021,0.7809,2.632585133,35.6518,0.090977928,36.4327,2.723563061,2.52,0.09,110.6154295,6.6,72.8,18649.9
14/10/2021,-14.1009,2.461971597,30.924,0.06507586,16.8231,2.527047457,2.52,0.09,110.6154295,6.6,71.7,18649.9
15/10/2021,-18.1362,1.769514354,35.0922,0.088632015,16.956,1.85814637,2.56,0.09,110.6154295,6.6,71.7,18649.9
16/10/2021,-3.6284,1.663031174,15.0034,0.06198714,11.375,1.725018314,2.56,0.09,110.6154295,6.6,71.7,18649.9
17/10/2021,-4.4717,1.25815561,19.1083,0.032750094,14.6366,1.290905704,2.56,0.09,110.6154295,6.6,71.7,18649.9
18/10/2021,-16.9531,1.29559237,33.743,0.077279791,16.7899,1.372872162,2.54,0.09,110.6154295,6.6,71.7,18649.9
19/10/2021,2.8939,1.310393886,33.5316,0.057521582,36.4255,1.367915468,2.54,0.09,110.6154295,6.6,71.7,18706.9
20/10/2021,-5.3851,1.288942883,24.3679,0.055132567,18.9828,1.34407545,2.57,0.09,110.6154295,6.6,71.7,18706.9
21/10/2021,3.7141,1.409329355,28.6177,0.042536336,32.3318,1.451865692,2.64,0.09,110.6154295,6.6,71.7,18706.9
22/10/2021,-3.4029,1.271069818,31.5322,0.050651834,28.1293,1.321721652,2.64,0.09,110.6154295,6.6,71.7,18706.9
23/10/2021,11.1942,1.373722282,13.1954,0.037088123,24.3896,1.410810405,2.64,0.09,110.6154295,6.6,71.7,18706.9
24/10/2021,-6.5586,1.418568574,7.9134,0.041995346,1.3548,1.46056392,2.64,0.09,110.6154295,6.6,71.7,18706.9
25/10/2021,10.2402,1.603861537,34.1166,0.072310333,44.3568,1.67617187,2.66,0.09,110.6154295,6.6,71.7,18706.9
26/10/2021,-1.9887,1.616856085,29.9669,0.049750717,27.9782,1.666606801,2.69,0.09,110.6154295,6.6,71.7,18645.3
27/10/2021,11.9961,1.430299504,48.6581,0.087790189,60.6542,1.518089693,2.65,0.09,110.6154295,6.6,71.7,18645.3
28/10/2021,2.5495,1.342155113,37.9517,0.051941084,40.5012,1.394096198,2.57,0.09,110.6154295,6.6,71.7,18645.3
29/10/2021,-3.5958,1.234919308,29.6883,0.057084281,26.0925,1.292003588,2.51,0.09,110.6154295,6.6,71.7,18645.3
30/10/2021,-3.0376,0.902790252,31.0326,0.039260093,27.995,0.942050345,2.51,0.09,110.6154295,6.6,71.7,18645.3
31/10/2021,-1.0258,0.92812229,27.2059,0.038832565,26.1801,0.966954855,2.51,0.09,110.6154295,6.6,71.7,18645.3
01/11/2021,-0.1175,0.992824981,25.9083,0.053217488,25.7908,1.046042469,2.5,0.09,115.143673,6.4,71.7,18645.3
02/11/2021,3.3688,1.264584297,32.41,0.051696071,35.7788,1.316280368,2.51,0.09,115.143673,6.4,71.7,18834.1
03/11/2021,-2.5847,1.319345924,36.625,0.054573012,34.0403,1.373918936,2.53,0.09,115.143673,6.4,71.7,18834.1
04/11/2021,2.8496,2.033546219,19.395,0.046948201,22.2446,2.08049442,2.56,0.09,115.143673,6.4,71.7,18834.1
05/11/2021,-10.5785,1.794918271,35.5228,0.056576895,24.9443,1.851495165,2.54,0.09,115.143673,6.4,71.7,18834.1
06/11/2021,-11.8575,1.69565261,32.3673,0.035115915,20.5098,1.730768525,2.54,0.09,115.143673,6.4,71.7,18834.1
07/11/2021,-0.9265,1.239714657,30.2029,0.045904464,29.2764,1.285619121,2.54,0.09,115.143673,6.4,71.7,18834.1
08/11/2021,-8.9304,1.252320328,20.4519,0.039304956,11.5215,1.291625284,2.62,0.09,115.143673,6.4,71.7,18834.1
09/11/2021,2.9848,1.351200812,43.6203,0.055811648,46.6051,1.407012461,2.63,0.09,115.143673,6.4,71.7,18914.7
10/11/2021,12.5621,5.98454326,50.0276,0.205345937,62.5897,6.189889197,2.7,0.09,115.143673,6.4,71.7,18914.7
11/11/2021,-20.6267,4.966012165,48.3922,0.151552801,27.7655,5.117564966,2.606,0.09,115.143673,6.4,71.7,18914.7
12/11/2021,4.1407,3.655564515,38.911,0.10065335,43.0517,3.756217865,2.73,0.09,115.143673,6.4,71.7,18914.7
13/11/2021,-2.6729,2.070163416,30.1467,0.077421259,27.4738,2.147584674,2.73,0.09,115.143673,6.4,71.7,18914.7
14/11/2021,9.2372,2.859696546,9.6016,0.038973671,18.8388,2.898670217,2.73,0.09,115.143673,6.4,67.4,18914.7
15/11/2021,-28.188,4.551309035,50.7624,0.077759196,22.5744,4.629068231,2.76,0.09,115.143673,6.4,67.4,18914.7
16/11/2021,-7.3698,3.285499235,24.8768,0.091276321,17.507,3.376775556,2.73,0.09,115.143673,6.4,67.4,18999.1
17/11/2021,-14.4283,2.965482259,42.34,0.097725705,27.9117,3.063207965,2.7,0.09,115.143673,6.4,67.4,18999.1
18/11/2021,-0.7194,2.732910574,37.1501,0.055390955,36.4307,2.788301528,2.73,0.09,115.143673,6.4,67.4,18999.1
19/11/2021,2.2804,2.727758666,36.7439,0.090189994,39.0243,2.81794866,2.65,0.08,115.143673,6.4,67.4,18999.1
20/11/2021,4.9391,1.881382631,25.9833,0.061927253,30.9224,1.943309884,2.65,0.08,115.143673,6.4,67.4,18999.1
21/11/2021,-4.5727,1.774159462,28.4526,0.050433638,23.8799,1.8245931,2.65,0.08,115.143673,6.4,67.4,18999.1
22/11/2021,11.6684,1.436823703,42.0126,0.096635785,53.681,1.533459488,2.61,0.08,115.143673,6.4,67.4,18999.1
23/11/2021,0.9896,3.118516682,42.9025,0.08853371,43.8921,3.207050392,2.62,0.08,115.143673,6.4,67.4,18974.5
24/11/2021,-7.2416,2.899863507,34.736,0.083200177,27.4944,2.983063684,2.61,0.08,115.143673,6.4,67.4,18974.5
25/11/2021,-4.863,2.218561528,22.91,0.060294281,18.047,2.278855809,2.628,0.08,115.143673,6.4,67.4,18974.5
26/11/2021,-9.2741,1.592909632,21.3501,0.055814053,12.076,1.648723685,2.55,0.08,115.143673,6.4,67.4,18974.5
27/11/2021,-15.6048,1.430672759,21.9129,0.035053205,6.3081,1.465725965,2.55,0.08,115.143673,6.4,67.4,18974.5
28/11/2021,5.617,1.289409279,17.9417,0.03601599,23.5587,1.325425269,2.55,0.08,115.143673,6.4,67.4,18974.5
29/11/2021,0.1369,1.297967821,35.8262,0.055309941,35.9631,1.353277762,2.54,0.08,115.143673,6.4,67.4,18974.5
30/11/2021,-2.7504,2.085631188,34.8109,0.073260612,32.0605,2.1588918,2.5,0.09,115.143673,6.4,67.4,19055.3
01/12/2021,-8.2436,1.548492395,41.0339,0.118820363,32.7903,1.667312757,2.44,0.09,125.5370485,6.5,67.4,19055.3
02/12/2021,-1.3651,1.521203185,42.7241,0.085483045,41.359,1.60668623,2.47,0.09,125.5370485,6.5,67.4,19055.3
03/12/2021,8.5649,1.458656957,29.7879,0.058367152,38.3528,1.517024109,2.43,0.09,125.5370485,6.5,67.4,19055.3
04/12/2021,-5.5059,1.098102146,23.3343,0.060496429,17.8284,1.158598576,2.43,0.09,125.5370485,6.5,67.4,19055.3
05/12/2021,-3.9395,0.878254716,24.414,0.048118229,20.4745,0.926372945,2.43,0.09,125.5370485,6.5,67.4,19055.3
06/12/2021,3.1199,0.753868155,22.1779,0.059032306,25.2978,0.81290046,2.44,0.09,125.5370485,6.5,67.4,19055.3
07/12/2021,-2.7325,0.924459208,24.4453,0.044858483,21.7128,0.969317691,2.47,0.09,125.5370485,6.5,67.4,19162
08/12/2021,-1.1387,1.477294099,21.6415,0.076281785,20.5028,1.553575884,2.52,0.09,125.5370485,6.5,67.4,19162
09/12/2021,3.5458,1.719149212,29.1023,0.067965586,32.6481,1.787114798,2.47,0.09,125.5370485,6.5,67.4,19162
10/12/2021,-3.5772,5.466367496,47.3895,0.152986387,43.8123,5.619353882,2.44,0.09,125.5370485,6.5,67.4,19162
11/12/2021,-7.2005,3.752055259,14.525,0.052094417,7.3245,3.804149676,2.44,0.09,125.5370485,6.5,67.4,19162
12/12/2021,-7.735,1.980915444,17.3708,0.058106622,9.6358,2.039022067,2.44,0.09,125.5370485,6.5,67.4,19162
13/12/2021,-14.6563,2.186032943,34.9636,0.096427253,20.3073,2.282460196,2.4,0.09,125.5370485,6.5,67.4,19162
14/12/2021,-17.0474,2.581026397,26.5447,0.069329765,9.4973,2.650356162,2.37,0.09,125.5370485,6.5,70.6,19212.5
15/12/2021,-13.1318,3.123610753,36.2437,0.116848097,23.1119,3.24045885,2.39,0.09,125.5370485,6.5,70.6,19212.5
16/12/2021,-6.0788,2.112280565,33.0736,0.112402963,26.9948,2.224683529,2.42,0.09,125.5370485,6.5,70.6,19212.5
17/12/2021,-10.1995,2.300028665,30.2042,0.068016537,20.0047,2.368045202,2.38,0.09,125.5370485,6.5,70.6,19212.5
18/12/2021,-12.1587,1.546757796,27.6538,0.075545005,15.4951,1.6223028,2.38,0.09,125.5370485,6.5,70.6,19212.5
19/12/2021,-3.6331,1.770326152,19.3645,0.060200554,15.7314,1.830526706,2.38,0.09,125.5370485,6.5,70.6,19212.5
20/12/2021,-1.6748,1.850092992,29.7634,0.052055086,28.0886,1.902148078,2.39,0.09,125.5370485,6.5,70.6,19212.5
21/12/2021,-11.6162,1.423501509,24.1714,0.063038973,12.5552,1.486540482,2.44,0.09,125.5370485,6.5,70.6,19266.4
22/12/2021,-12.3638,1.454141037,32.8285,0.059303894,20.4647,1.513444931,2.47,0.09,125.5370485,6.5,70.6,19266.4
23/12/2021,-4.6006,1.183809406,34.3003,0.070873961,29.6997,1.254683367,2.47,0.09,125.5370485,6.5,70.6,19266.4
24/12/2021,-2.1584,1.048757335,22.5258,0.048905198,20.3674,1.097662533,2.43,0.09,125.5370485,6.5,70.6,19266.4
25/12/2021,-4.8745,0.636229389,10.4415,0.021286774,5.567,0.657516163,2.47,0.09,125.5370485,6.5,70.6,19266.4
26/12/2021,1.4156,0.698634711,27.0624,0.04166027,28.478,0.740294981,2.47,0.09,125.5370485,6.5,70.6,19266.4
27/12/2021,4.5866,1.30908479,30.9969,0.059420885,35.5835,1.368505675,2.5,0.09,125.5370485,6.5,70.6,19266.4
28/12/2021,-5.8251,1.195821794,29.3649,0.054866154,23.5398,1.250687948,2.5,0.09,125.5370485,6.5,70.6,19297.5
29/12/2021,3.1494,1.454537678,34.7224,0.051347136,37.8718,1.505884814,2.53,0.09,125.5370485,6.5,70.6,19297.5
30/12/2021,-2.771,1.807684839,31.6055,0.060919761,28.8345,1.8686046,2.58,0.09,125.5370485,6.5,70.6,19297.5
31/12/2021,4.5368,0.968145025,20.7563,0.041889408,25.2931,1.010034433,2.56,0.09,125.5370485,6.5,70.6,19297.5
01/01/2022,-2.3183,0.830735484,13.1581,0.05612406,10.8398,0.886859545,2.56,0.09,137.3946371,6.8,70.6,19297.5
02/01/2022,-1.9309,0.920335216,20.5836,0.06575606,18.6527,0.986091276,2.56,0.09,137.3946371,6.8,70.6,19297.5
03/01/2022,-6.5754,0.824336537,24.8588,0.030667922,18.2834,0.85500446,2.6,0.09,137.3946371,6.8,70.6,19297.5
04/01/2022,-10.5963,1.312934797,24.3608,0.059697961,13.7645,1.372632758,2.57,0.09,137.3946371,6.8,70.6,19365.7
05/01/2022,-14.7429,1.234112992,36.5909,0.092883807,21.848,1.326996799,2.53,0.09,137.3946371,6.8,70.6,19365.7
06/01/2022,-4.2875,1.262691457,43.6292,0.085556265,39.3417,1.348247722,2.46,0.09,137.3946371,6.8,70.6,19365.7
07/01/2022,-6.3782,0.573706927,31.6289,0.078145571,25.2507,0.651852497,2.48,0.09,137.3946371,6.8,70.6,19365.7
08/01/2022,-5.7217,0.54509028,14.0366,0.074227106,8.3149,0.619317386,2.48,0.09,137.3946371,6.8,70.6,19365.7
09/01/2022,-11.0039,0.561603117,23.9628,0.055188657,12.9589,0.616791774,2.48,0.09,137.3946371,6.8,70.6,19365.7
10/01/2022,-3.803,0.663718499,29.6175,0.064442754,25.8145,0.728161253,2.48,0.09,137.3946371,6.8,70.6,19365.7
11/01/2022,8.1088,0.762071011,36.8075,0.053111846,44.9163,0.815182857,2.54,0.09,137.3946371,6.8,70.6,19429.3
12/01/2022,-5.8889,2.636058831,32.7717,0.096740018,26.8828,2.732798849,2.48,0.09,137.3946371,6.8,70.6,19429.3
13/01/2022,-3.6963,2.386591796,38.8927,0.113729736,35.1964,2.500321532,2.43,0.09,137.3946371,6.8,70.6,19429.3
14/01/2022,8.0864,1.537164087,27.7818,0.109575924,35.8682,1.64674001,2.44,0.09,137.3946371,6.8,67.2,19429.3
15/01/2022,-9.8251,1.07583598,40.7535,0.056748458,30.9284,1.132584438,2.44,0.09,137.3946371,6.8,67.2,19429.3
16/01/2022,1.9344,0.944812984,24.388,0.043635293,26.3224,0.988448277,2.44,0.09,137.3946371,6.8,67.2,19429.3
17/01/2022,2.3636,0.805326295,28.6228,0.06039627,30.9864,0.865722565,2.446,0.09,137.3946371,6.8,67.2,19429.3
18/01/2022,-8.2926,1.226198935,35.235,0.055889812,26.9424,1.282088746,2.46,0.09,137.3946371,6.8,67.2,19401.7
19/01/2022,6.1488,1.165142689,32.5224,0.07398637,38.6712,1.239129059,2.4,0.09,137.3946371,6.8,67.2,19401.7
20/01/2022,-27.9423,1.409037142,24.935,0.051176025,-3.0073,1.460213167,2.33,0.09,137.3946371,6.8,67.2,19401.7
21/01/2022,-1.2602,1.255626709,18.0993,0.074140448,16.8391,1.329767157,2.34,0.08,137.3946371,6.8,67.2,19401.7
22/01/2022,5.6721,0.902926878,41.6926,0.087504738,47.3647,0.990431616,2.34,0.08,137.3946371,6.8,67.2,19401.7
23/01/2022,-11.9805,0.66702108,16.1859,0.08883999,4.2054,0.755861071,2.34,0.08,137.3946371,6.8,67.2,19401.7
24/01/2022,-28.8031,1.442803726,28.0691,0.096082111,-0.734,1.538885837,2.38,0.08,137.3946371,6.8,67.2,19401.7
25/01/2022,-27.6198,2.173658092,18.6384,0.110732412,-8.9814,2.284390504,2.41,0.08,137.3946371,6.8,67.2,19284.3
26/01/2022,-6.0939,1.389835537,46.4247,0.082812813,40.3308,1.47264835,2.38,0.08,137.3946371,6.8,67.2,19284.3
27/01/2022,2.9131,1.392709442,53.0273,0.167659605,55.9404,1.560369047,2.4,0.08,137.3946371,6.8,67.2,19284.3
28/01/2022,4.0352,1.528999257,26.4142,0.101165562,30.4494,1.630164819,2.44,0.07,137.3946371,6.8,67.2,19284.3
29/01/2022,5.3381,0.775117188,32.1018,0.079341223,37.4399,0.854458411,2.44,0.07,137.3946371,6.8,67.2,19284.3
30/01/2022,3.0441,1.0327388,21.2123,0.055466291,24.2564,1.088205091,2.44,0.07,137.3946371,6.8,67.2,19284.3
31/01/2022,-4.0626,0.884134056,28.1086,0.043826167,24.046,0.927960223,2.44,0.07,137.3946371,6.8,67.2,19284.3
01/02/2022,0.6512,0.881640501,26.252,0.044935006,26.9032,0.926575506,2.43,0.08,140.5667792,6.6,67.2,19389.2
02/02/2022,-3.0691,0.931778701,25.6707,0.052853257,22.6016,0.984631958,2.41,0.08,140.5667792,6.6,67.2,19389.2
03/02/2022,5.5116,1.007394171,35.3261,0.070962819,40.8377,1.07835699,2.38,0.08,140.5667792,6.6,67.2,19389.2
04/02/2022,-4.4804,1.066786772,23.8348,0.079399264,19.3544,1.146186037,2.41,0.08,140.5667792,6.6,67.2,19389.2
05/02/2022,-0.3982,1.139818568,20.8492,0.04205901,20.451,1.181877578,2.41,0.08,140.5667792,6.6,67.2,19389.2
06/02/2022,0.9391,0.777036771,28.0178,0.044923735,28.9569,0.821960506,2.41,0.08,140.5667792,6.6,67.2,19389.2
07/02/2022,-4.1512,1.099942912,36.7847,0.091119554,32.6335,1.191062466,2.4,0.08,140.5667792,6.6,67.2,19389.2
08/02/2022,1.305,0.933995092,27.1298,0.059787446,28.4348,0.993782538,2.42,0.07,140.5667792,6.6,67.2,19424.9
09/02/2022,-3.9994,1.366200308,28.9358,0.091342543,24.9364,1.45754285,2.42,0.08,140.5667792,6.6,67.2,19424.9
10/02/2022,-4.2401,4.834159577,43.9355,0.163018399,39.6954,4.997177976,2.45,0.08,140.5667792,6.6,67.2,19424.9
11/02/2022,-14.1902,4.342207389,37.5183,0.150323865,23.3281,4.492531254,2.43,0.08,140.5667792,6.6,67.2,19424.9
12/02/2022,-12.4357,2.095021285,18.5306,0.097644322,6.0949,2.192665607,2.43,0.08,140.5667792,6.6,67.2,19424.9
13/02/2022,-6.302,1.795407411,28.6476,0.087264222,22.3456,1.882671633,2.43,0.08,140.5667792,6.6,67.2,19424.9
14/02/2022,11.7866,3.764457679,26.2336,0.08001715,38.0202,3.844474828,2.48,0.08,140.5667792,6.6,62.8,19424.9
15/02/2022,5.1616,1.990541598,35.6316,0.081360074,40.7932,2.071901672,2.48,0.08,140.5667792,6.6,62.8,19533.1
16/02/2022,-10.2177,2.973448996,22.4205,0.125545027,12.2028,3.098994023,2.46,0.08,140.5667792,6.6,62.8,19533.1
17/02/2022,-4.9054,2.883125885,40.2333,0.087275906,35.3279,2.970401791,2.43,0.08,140.5667792,6.6,62.8,19533.1
18/02/2022,-16.3665,2.149997548,18.2881,0.075567419,1.9216,2.225564967,2.41,0.07,140.5667792,6.6,62.8,19533.1
19/02/2022,2.3483,1.207655075,32.9595,0.060070151,35.3078,1.267725226,2.41,0.07,140.5667792,6.6,62.8,19533.1
20/02/2022,-4.5513,1.595848195,14.0014,0.069933449,9.4501,1.665781643,2.41,0.07,140.5667792,6.6,62.8,19533.1
21/02/2022,-7.7662,1.388072539,25.313,0.072225202,17.5468,1.46029774,2.424,0.07,140.5667792,6.6,62.8,19533.1
22/02/2022,-19.4042,1.651608456,18.9569,0.066328409,-0.4473,1.717936865,2.45,0.07,140.5667792,6.6,62.8,19545
23/02/2022,-20.4175,2.247901264,22.5239,0.092882497,2.1064,2.340783761,2.53,0.07,140.5667792,6.6,62.8,19545
24/02/2022,-40.5618,2.360006013,5.534,0.081251103,-35.0278,2.441257115,2.55,0.07,140.5667792,6.6,62.8,19545
25/02/2022,-14.1695,1.402177967,12.4859,0.101454533,-1.6836,1.503632499,2.54,0.07,140.5667792,6.6,62.8,19545
26/02/2022,3.2866,1.116685422,7.2974,0.043848317,10.584,1.160533739,2.54,0.07,140.5667792,6.6,62.8,19545
27/02/2022,-12.3966,0.961732963,26.6632,0.050684321,14.2666,1.012417285,2.54,0.07,140.5667792,6.6,62.8,19545
28/02/2022,-7.6091,1.156963677,13.6579,0.086293339,6.0488,1.243257016,2.62,0.07,140.5667792,6.6,62.8,19545
01/03/2022,-24.7173,1.75981354,23.4237,0.04321339,-1.2936,1.80302693,2.62,0.07,141.2466898,6.2,62.8,19630.9
02/03/2022,-38.3471,5.043566446,25.1211,0.08290321,-13.226,5.126469655,2.71,0.07,141.2466898,6.2,62.8,19630.9
03/03/2022,-18.6399,1.770116961,27.9415,0.053394792,9.3016,1.823511753,2.69,0.07,141.2466898,6.2,62.8,19630.9
04/03/2022,-18.4844,2.26186104,15.7123,0.063435707,-2.7721,2.325296747,2.67,0.07,141.2466898,6.2,62.8,19630.9
05/03/2022,1.2922,1.492177081,25.3957,0.052884531,26.6879,1.545061611,2.67,0.07,141.2466898,6.2,62.8,19630.9
06/03/2022,-12.6349,1.614306146,29.982,0.063182089,17.3471,1.677488234,2.67,0.07,141.2466898,6.2,62.8,19630.9
07/03/2022,-14.7034,2.490612859,30.5824,0.114785387,15.879,2.605398246,2.77,0.07,141.2466898,6.2,62.8,19630.9
08/03/2022,-46.9319,2.92885902,34.2514,0.126615401,-12.6805,3.05547442,2.9,0.07,141.2466898,6.2,62.8,19727.2
09/03/2022,-33.3585,3.138388349,29.8853,0.081576874,-3.4732,3.219965223,2.84,0.07,141.2466898,6.2,62.8,19727.2
10/03/2022,-49.4541,4.745402309,23.9234,0.221921752,-25.5307,4.967324061,2.86,0.07,141.2466898,6.2,62.8,19727.2
11/03/2022,-25.1299,4.911376194,29.4613,0.10738743,4.3314,5.018763624,2.94,0.07,141.2466898,6.2,62.8,19727.2
12/03/2022,-52.0215,3.210601506,29.3265,0.080931227,-22.695,3.291532733,2.94,0.07,141.2466898,6.2,62.8,19727.2
13/03/2022,-22.6444,2.725076416,19.8115,0.069461336,-2.8329,2.794537753,2.94,0.07,141.2466898,6.2,62.8,19727.2
14/03/2022,-7.2851,2.945742691,31.0013,0.122800607,23.7162,3.068543298,2.93,0.07,141.2466898,6.2,59.4,19727.2
15/03/2022,-16.992,3.045651302,33.1766,0.092625693,16.1846,3.138276994,2.84,0.07,141.2466898,6.2,59.4,19862.9
16/03/2022,-1.6025,2.403206889,26.3489,0.087595181,24.7464,2.49080207,2.8,0.07,141.2466898,6.2,59.4,19862.9
17/03/2022,-14.349,2.020843607,35.5509,0.081481019,21.2019,2.102324627,2.91,0.07,141.2466898,6.2,59.4,19862.9
18/03/2022,-17.348,1.693358126,26.2155,0.072491731,8.8675,1.765849857,2.86,0.07,141.2466898,6.2,59.4,19862.9
19/03/2022,-10.6627,1.64910329,27.7079,0.083254355,17.0452,1.732357645,2.86,0.07,141.2466898,6.2,59.4,19862.9
20/03/2022,-11.7965,1.869436096,12.4852,0.050895416,0.6887,1.920331513,2.86,0.07,141.2466898,6.2,59.4,19862.9
21/03/2022,-7.6452,1.702562912,38.7097,0.067107221,31.0645,1.769670133,2.9,0.07,141.2466898,6.2,59.4,19862.9
22/03/2022,2.6304,1.115437529,47.4777,0.097750228,50.1081,1.213187757,2.91,0.07,141.2466898,6.2,59.4,20040.2
23/03/2022,-6.9696,1.739872925,37.5786,0.07087748,30.609,1.810750405,2.94,0.07,141.2466898,6.2,59.4,20040.2
24/03/2022,-4.3058,1.922403521,28.8697,0.097638261,24.5639,2.020041782,2.92,0.07,141.2466898,6.2,59.4,20040.2
25/03/2022,-24.9151,1.788640165,44.4601,0.083893169,19.545,1.872533334,2.95,0.07,141.2466898,6.2,59.4,20040.2
26/03/2022,-9.9516,1.824682495,26.9497,0.043573556,16.9981,1.868256051,2.95,0.07,141.2466898,6.2,59.4,20040.2
27/03/2022,-16.209,1.563146602,32.9005,0.047682302,16.6915,1.610828904,2.95,0.07,141.2466898,6.2,59.4,20040.2
28/03/2022,-8.2312,1.585737381,33.185,0.070006656,24.9538,1.655744037,2.95,0.07,141.2466898,6.2,59.4,20040.2
29/03/2022,-10.6518,2.164358162,29.5159,0.041471421,18.8641,2.205829583,2.86,0.07,141.2466898,6.2,59.4,20115.8
30/03/2022,-10.5004,2.410353023,18.4297,0.067617895,7.9293,2.477970918,2.86,0.07,141.2466898,6.2,59.4,20115.8
31/03/2022,-4.2339,2.445298844,36.1049,0.085561664,31.871,2.530860508,2.84,0.06,141.2466898,6.2,59.4,20115.8
01/04/2022,-5.682,2.544276226,34.4537,0.065986393,28.7717,2.61026262,2.8,0.07,145.0412073,5.7,59.4,20115.8
02/04/2022,-2.5908,1.346429276,20.0442,0.059274249,17.4534,1.405703524,2.8,0.07,145.0412073,5.7,59.4,20115.8
03/04/2022,9.011,1.377378247,19.3591,0.045124242,28.3701,1.42250249,2.8,0.07,145.0412073,5.7,59.4,20115.8
04/04/2022,-0.6929,1.43824904,40.1269,0.069868058,39.434,1.508117098,2.8,0.07,145.0412073,5.7,59.4,20115.8
05/04/2022,-10.1461,1.317537612,14.9962,0.072038189,4.8501,1.389575801,2.84,0.07,145.0412073,5.7,59.4,20322.3
06/04/2022,-5.6542,1.924725495,33.242,0.079436917,27.5878,2.004162412,2.83,0.07,145.0412073,5.7,59.4,20322.3
07/04/2022,-3.1234,1.556664933,24.2778,0.060812065,21.1544,1.617476997,2.82,0.07,145.0412073,5.7,59.4,20322.3
08/04/2022,-12.794,1.375423499,30.339,0.07798132,17.545,1.45340482,2.87,0.07,145.0412073,5.7,59.4,20322.3
09/04/2022,-4.3323,1.046972251,26.1517,0.065065489,21.8194,1.11203774,2.87,0.07,145.0412073,5.7,59.4,20322.3
10/04/2022,-12.2474,1.274811515,17.8788,0.067935389,5.6314,1.342746904,2.87,0.07,145.0412073,5.7,59.4,20322.3
11/04/2022,-18.6933,2.109444901,20.4912,0.061738886,1.7979,2.171183787,2.91,0.07,145.0412073,5.7,59.4,20322.3
12/04/2022,-44.5608,8.852759194,55.8838,0.217582834,11.323,9.070342028,2.86,0.07,145.0412073,5.7,59.4,20314.2
13/04/2022,-52.8263,6.921078299,35.2515,0.096139516,-17.5748,7.017217815,2.8,0.07,145.0412073,5.7,59.4,20314.2
14/04/2022,-30.6877,4.21798061,29.0846,0.10896694,-1.6031,4.32694755,2.89,0.07,145.0412073,5.7,65.2,20314.2
15/04/2022,-11.8782,3.205808139,28.7064,0.084040908,16.8282,3.289849048,2.866,0.07,145.0412073,5.7,65.2,20314.2
16/04/2022,-20.9153,2.255077539,14.01,0.057808765,-6.9053,2.312886304,2.89,0.07,145.0412073,5.7,65.2,20314.2
17/04/2022,-20.1727,1.568988207,15.2485,0.068127929,-4.9242,1.637116136,2.89,0.07,145.0412073,5.7,65.2,20314.2
18/04/2022,-17.6316,2.456770295,31.7241,0.059557505,14.0925,2.5163278,2.92,0.07,145.0412073,5.7,65.2,20314.2
19/04/2022,-7.5306,2.29510925,36.5163,0.064511329,28.9857,2.359620579,2.93,0.07,145.0412073,5.7,65.2,20303.8
20/04/2022,-17.9694,2.384416542,36.6889,0.118360841,18.7195,2.502777382,2.92,0.07,145.0412073,5.7,65.2,20303.8
21/04/2022,-18.6292,2.294442202,33.0317,0.070336037,14.4025,2.364778239,3.02,0.07,145.0412073,5.7,65.2,20303.8
22/04/2022,-22.8949,2.009452281,17.5921,0.040846507,-5.3028,2.050298789,2.98,0.07,145.0412073,5.7,65.2,20303.8
23/04/2022,-7.0135,1.543422522,18.6824,0.056161604,11.6689,1.599584126,2.98,0.07,145.0412073,5.7,65.2,20303.8
24/04/2022,-9.6368,1.657336542,22.4652,0.038458762,12.8284,1.695795304,2.98,0.07,145.0412073,5.7,65.2,20303.8
25/04/2022,-8.7225,1.683300057,36.0833,0.058095306,27.3608,1.741395363,2.91,0.07,145.0412073,5.7,65.2,20303.8
26/04/2022,11.2029,2.239908632,27.9715,0.079002537,39.1744,2.318911169,2.85,0.07,145.0412073,5.7,65.2,20150.2
27/04/2022,-25.8587,2.719986982,21.8273,0.067697442,-4.0314,2.787684423,2.88,0.07,145.0412073,5.7,65.2,20150.2
28/04/2022,-12.4046,2.984401032,35.0702,0.100869875,22.6656,3.085270907,2.97,0.07,145.0412073,5.7,65.2,20150.2
29/04/2022,-14.2054,2.00026701,32.2069,0.07469303,18.0015,2.07496004,2.88,0.06,145.0412073,5.7,65.2,20150.2
30/04/2022,-10.834,2.043390192,34.8545,0.064842246,24.0205,2.108232438,2.88,0.05,145.0412073,5.7,65.2,20150.2
01/05/2022,-17.1293,1.912242629,18.3438,0.04190672,1.2145,1.954149348,2.88,0.05,155.1005787,5.5,65.2,20150.2
02/05/2022,-12.5674,2.646251737,32.5331,0.079457934,19.9657,2.725709671,2.81,0.05,155.1005787,5.5,65.2,20150.2
03/05/2022,-23.0153,2.430477262,24.8964,0.09260208,1.8811,2.523079343,2.83,0.06,155.1005787,5.5,65.2,20275.5
04/05/2022,-25.3245,2.763070506,39.863,0.08630569,14.5385,2.849376196,2.86,0.06,155.1005787,5.5,65.2,20275.5
05/05/2022,-27.5939,3.239171214,33.8278,0.076866471,6.2339,3.316037685,2.87,0.06,155.1005787,5.5,65.2,20275.5
06/05/2022,-4.1092,3.403313763,21.9626,0.061151457,17.8534,3.46446522,2.86,0.06,155.1005787,5.5,65.2,20275.5
07/05/2022,-74.3651,2.672106404,18.2691,0.063458103,-56.096,2.735564508,2.86,0.06,155.1005787,5.5,65.2,20275.5
08/05/2022,-14.997,1.485147444,10.9827,0.078059921,-4.0143,1.563207365,2.86,0.06,155.1005787,5.5,65.2,20275.5
09/05/2022,-27.4565,3.303202348,28.9371,0.077086096,1.4806,3.380288444,2.75,0.06,155.1005787,5.5,65.2,20275.5
10/05/2022,-43.6202,5.804744926,30.6408,0.091709599,-12.9794,5.896454526,2.65,0.06,155.1005787,5.5,65.2,20357.4
11/05/2022,-69.8223,9.028878229,26.1314,0.165202642,-43.6909,9.194080871,2.7,0.06,155.1005787,5.5,65.2,20357.4
12/05/2022,-49.3261,5.776046044,28.3204,0.147481079,-21.0057,5.923527123,2.59,0.06,155.1005787,5.5,65.2,20357.4
13/05/2022,-24.6578,4.136352644,30.9959,0.076431302,6.3381,4.212783945,2.69,0.06,155.1005787,5.5,65.2,20357.4
14/05/2022,-37.9359,4.309053598,9.67,0.082834877,-28.2659,4.391888475,2.69,0.06,155.1005787,5.5,58.4,20357.4
15/05/2022,-22.9361,2.846980222,14.5723,0.047662538,-8.3638,2.89464276,2.69,0.06,155.1005787,5.5,58.4,20357.4
16/05/2022,-11.7375,2.86726977,22.6412,0.065169282,10.9037,2.932439052,2.68,0.06,155.1005787,5.5,58.4,20357.4
17/05/2022,-37.1954,3.609934499,21.2485,0.08676014,-15.9469,3.696694639,2.71,0.06,155.1005787,5.5,58.4,20415.3
18/05/2022,-44.9133,3.753099705,19.2757,0.10365514,-25.6376,3.856754845,2.72,0.06,155.1005787,5.5,58.4,20415.3
19/05/2022,-33.7291,4.131614643,21.5765,0.064428772,-12.1526,4.196043414,2.59,0.06,155.1005787,5.5,58.4,20415.3
20/05/2022,-28.4633,3.962569266,29.5524,0.092466882,1.0891,4.055036148,2.55,0.06,155.1005787,5.5,58.4,20415.3
21/05/2022,-9.9394,2.552204607,10.5802,0.081298857,0.6408,2.633503464,2.55,0.06,155.1005787,5.5,58.4,20415.3
22/05/2022,-24.3878,2.859966032,17.0377,0.088669651,-7.3501,2.948635683,2.55,0.06,155.1005787,5.5,58.4,20415.3
23/05/2022,-25.2315,3.849117308,23.152,0.083005904,-2.0795,3.932123211,2.6,0.06,155.1005787,5.5,58.4,20415.3
24/05/2022,-14.9072,2.597896721,37.2039,0.085318238,22.2967,2.683214959,2.55,0.06,155.1005787,5.5,58.4,20235.1
25/05/2022,-15.2855,2.044498133,24.7362,0.063708193,9.4507,2.108206326,2.56,0.06,155.1005787,5.5,58.4,20235.1
26/05/2022,-10.7976,2.084294355,24.0515,0.087898134,13.2539,2.17219249,2.62,0.06,155.1005787,5.5,58.4,20235.1
27/05/2022,-13.3935,2.373323167,21.8338,0.074371658,8.4403,2.447694825,2.63,0.06,155.1005787,5.5,58.4,20235.1
28/05/2022,-1.611,2.046908993,20.1129,0.067781439,18.5019,2.114690432,2.63,0.05,155.1005787,5.5,58.4,20235.1
29/05/2022,-11.6645,1.686041196,35.7111,0.056011405,24.0466,1.742052601,2.63,0.05,155.1005787,5.5,58.4,20235.1
30/05/2022,-18.2967,1.610721827,23.9431,0.053220512,5.6464,1.663942339,2.614,0.05,155.1005787,5.5,58.4,20235.1
31/05/2022,4.8702,3.252695237,27.9988,0.075188133,32.869,3.32788337,2.64,0.05,155.1005787,5.5,58.4,20283.9