,date,sentiment_score,attention_score,T10YIE,int_rate,unemp
0,12/05/2021,-24.47019999999999,3.767295480077783,2.54,0.06,5.5
1,13/05/2021,-11.749,2.1640751008553427,2.51,0.06,5.5
2,14/05/2021,-6.389099999999999,1.0598577063254015,2.51,0.06,5.5
3,15/05/2021,-8.2075,0.8584501510411985,2.5218181818181824,0.06,5.5
4,16/05/2021,-0.2692999999999995,0.8771762657012002,2.5218181818181824,0.06,5.5
5,17/05/2021,3.9600999999999984,0.6152273909375896,2.54,0.06,5.5
6,18/05/2021,-1.2668999999999997,0.681365511500049,2.52,0.06,5.5
7,19/05/2021,-4.427300000000001,0.9438463905393248,2.48,0.06,5.5
8,20/05/2021,1.7314999999999994,0.760319676836263,2.41,0.06,5.5
9,21/05/2021,1.649,0.4369204767412255,2.43,0.06,5.5
10,22/05/2021,3.3637,0.4958705083204656,2.5218181818181824,0.06,5.5
11,23/05/2021,-0.6375999999999997,0.5431665180886958,2.5218181818181824,0.06,5.5
12,24/05/2021,-2.2387,0.48915143242435,2.44,0.06,5.5
13,25/05/2021,-1.1864000000000003,0.5995972060955815,2.42,0.06,5.5
14,26/05/2021,-1.7251999999999996,0.9267458234182152,2.4,0.06,5.5
15,27/05/2021,2.8024,0.8118854063599414,2.42,0.06,5.5
16,28/05/2021,-8.594700000000003,0.7993695432237001,2.42,0.05,5.5
17,29/05/2021,-1.1269,1.0365794161207955,2.5218181818181824,0.05,5.5
18,30/05/2021,-3.887699999999999,0.5268750097295377,2.5218181818181824,0.05,5.5
19,31/05/2021,4.7835,0.3901431598536347,2.5218181818181824,0.05,5.5
20,01/06/2021,5.0591,0.5530802172737516,2.46,0.06,6.1
21,02/06/2021,-1.3814000000000004,0.6795849222426386,2.44,0.06,6.1
22,03/06/2021,3.9499,0.5499372040425204,2.42,0.06,6.1
23,04/06/2021,6.992299999999998,0.6060949583297108,2.4,0.06,6.1
24,05/06/2021,9.6939,0.5330639693060498,2.5218181818181824,0.06,6.1
25,06/06/2021,4.9467,0.6397717178247347,2.5218181818181824,0.06,6.1
26,07/06/2021,5.0532,0.5468443585196507,2.39,0.06,6.1
27,08/06/2021,3.602900000000001,0.7943623611479341,2.36,0.06,6.1
28,09/06/2021,6.537999999999999,0.861334721720261,2.32,0.06,6.1
29,10/06/2021,9.437399999999997,1.8340909867894373,2.35,0.06,6.1
30,11/06/2021,4.620600000000003,1.511509299713984,2.32,0.06,6.1
31,12/06/2021,2.9885,1.12002272056827,2.5218181818181824,0.06,6.1
32,13/06/2021,-0.4161999999999997,0.5183952200456364,2.5218181818181824,0.06,6.1
33,14/06/2021,4.4346000000000005,0.9551668445296674,2.36,0.06,6.1
34,15/06/2021,-6.698800000000001,1.3789077157922789,2.38,0.06,6.1
35,16/06/2021,1.0741999999999998,1.2440295433884698,2.32,0.06,6.1
36,17/06/2021,7.398899999999999,1.1315288738452574,2.27,0.1,6.1
37,18/06/2021,7.077599999999999,0.5920703451270217,2.24,0.1,6.1
38,19/06/2021,-4.896799999999997,0.5478194532925741,2.5218181818181824,0.1,6.1
39,20/06/2021,4.917799999999999,0.5072434187224473,2.5218181818181824,0.1,6.1
40,21/06/2021,1.0799999999999996,0.5738561750556485,2.25,0.1,6.1
41,22/06/2021,0.8894,0.9271493090416908,2.31,0.1,6.1
42,23/06/2021,-2.7839,0.4780991200251902,2.34,0.1,6.1
43,24/06/2021,5.028100000000001,0.6017284104049745,2.3,0.1,6.1
44,25/06/2021,-0.5048000000000002,0.6782752036409757,2.34,0.1,6.1
45,26/06/2021,-0.6268999999999989,0.5108703800331782,2.5218181818181824,0.1,6.1
46,27/06/2021,5.968600000000002,0.5140775482613239,2.5218181818181824,0.1,6.1
47,28/06/2021,0.2747,0.6090170302121928,2.33,0.1,6.1
48,29/06/2021,0.9909,0.6199045370211451,2.32,0.1,6.1
49,30/06/2021,-1.9587999999999992,0.5888097011933882,2.32,0.08,6.1
50,01/07/2021,-4.274800000000001,0.9685517212903156,2.35,0.1,5.7
51,02/07/2021,3.0719999999999965,0.7853467706099814,2.33,0.1,5.7
52,03/07/2021,3.940300000000003,0.5039247921007436,2.5218181818181824,0.1,5.7
53,04/07/2021,5.456100000000001,0.375030819035359,2.5218181818181824,0.1,5.7
54,05/07/2021,-2.2242,0.264690600540964,2.5218181818181824,0.1,5.7
55,06/07/2021,3.2141999999999995,0.3587410997732239,2.31,0.1,5.7
56,07/07/2021,-1.9390000000000005,0.7961399543607877,2.28,0.1,5.7
57,08/07/2021,4.233899999999998,0.8121451069863328,2.22,0.1,5.7
58,09/07/2021,3.2842,0.7799865141504944,2.28,0.1,5.7
59,10/07/2021,8.2248,0.3898707219433616,2.5218181818181824,0.1,5.7
60,11/07/2021,2.5121000000000007,0.4472078568629297,2.5218181818181824,0.1,5.7
61,12/07/2021,7.3716000000000035,0.5610186670548376,2.33,0.1,5.7
62,13/07/2021,9.268400000000003,2.239128966544959,2.36,0.1,5.7
63,14/07/2021,0.7494,2.172110962945045,2.34,0.1,5.7
64,15/07/2021,-0.5035000000000005,1.419543120339932,2.32,0.1,5.7
65,16/07/2021,2.2158,1.156012777391368,2.33,0.1,5.7
66,17/07/2021,-5.6131,0.7385431927289525,2.5218181818181824,0.1,5.7
67,18/07/2021,1.12,0.8287797346389677,2.5218181818181824,0.1,5.7
68,19/07/2021,0.4377000000000001,1.215268585438232,2.24,0.1,5.7
69,20/07/2021,0.1906000000000013,0.9318293949976192,2.26,0.1,5.7
70,21/07/2021,5.855499999999999,0.7564810306930247,2.28,0.1,5.7
71,22/07/2021,-3.519800000000002,1.1678426358919445,2.28,0.1,5.7
72,23/07/2021,-6.336999999999999,0.946552301390768,2.35,0.1,5.7
73,24/07/2021,-5.52,0.6775338757969078,2.5218181818181824,0.1,5.7
74,25/07/2021,-1.7958000000000005,0.7292182279489015,2.5218181818181824,0.1,5.7
75,26/07/2021,4.672800000000001,0.6508021336837375,2.4,0.1,5.7
76,27/07/2021,-0.4448999999999991,0.7386327997881227,2.38,0.1,5.7
77,28/07/2021,-7.9894,0.9400679273790088,2.41,0.1,5.7
78,29/07/2021,-1.2885999999999995,1.1322487384704552,2.43,0.1,5.7
79,30/07/2021,-0.4188999999999993,0.7594501931499593,2.4,0.07,5.7
80,31/07/2021,-8.558300000000003,0.628462380936568,2.5218181818181824,0.07,5.7
81,01/08/2021,2.063299999999999,0.6087014398425741,2.5218181818181824,0.07,5.3
82,02/08/2021,0.4008999999999998,0.7079213786651815,2.37,0.1,5.3
83,03/08/2021,-4.5004,0.6302587169241891,2.38,0.1,5.3
84,04/08/2021,-3.611700000000001,0.7845846183462558,2.35,0.1,5.3
85,05/08/2021,-4.029800000000001,0.6238675036436467,2.33,0.1,5.3
86,06/08/2021,-2.5077000000000003,0.5965154453086208,2.37,0.1,5.3
87,07/08/2021,-5.137099999999999,0.5875724591473003,2.5218181818181824,0.1,5.3
88,08/08/2021,-4.035399999999999,0.6627533125093367,2.5218181818181824,0.1,5.3
89,09/08/2021,-2.7959000000000014,0.4656722733097931,2.37,0.1,5.3
90,10/08/2021,-0.8225999999999997,0.7679589672758672,2.4,0.1,5.3
91,11/08/2021,1.1861,1.7598064223300134,2.42,0.1,5.3
92,12/08/2021,-5.637400000000002,1.4280366027255915,2.41,0.1,5.3
93,13/08/2021,-9.643299999999998,1.3010964772511164,2.37,0.1,5.3
94,14/08/2021,-12.986199999999997,0.98093030840364,2.5218181818181824,0.1,5.3
95,15/08/2021,-20.1367,1.0305958730964777,2.5218181818181824,0.1,5.3
96,16/08/2021,-29.574000000000005,0.9447568370375132,2.36,0.1,5.3
97,17/08/2021,-11.3777,0.7404972394363529,2.33,0.1,5.3
98,18/08/2021,-0.4264,0.7130038975622519,2.32,0.09,5.3
99,19/08/2021,-20.67380000000001,0.733984937365848,2.28,0.09,5.3
100,20/08/2021,-6.503200000000001,0.5417027769386568,2.27,0.09,5.3
101,21/08/2021,-11.119000000000002,0.486124806096554,2.5218181818181824,0.09,5.3
102,22/08/2021,-5.058,0.557332738989552,2.5218181818181824,0.09,5.3
103,23/08/2021,-8.037300000000002,0.4731518490133866,2.27,0.09,5.3
104,24/08/2021,-4.297499999999999,0.4402108821876148,2.3,0.09,5.3
105,25/08/2021,-8.792299999999997,0.6399542444103584,2.35,0.09,5.3
106,26/08/2021,-7.341500000000002,0.4860691026569441,2.33,0.09,5.3
107,27/08/2021,-4.124999999999998,0.6488664251671371,2.39,0.08,5.3
108,28/08/2021,-10.030899999999995,0.5812933260229238,2.5218181818181824,0.08,5.3
109,29/08/2021,-6.785099999999999,0.3334455916020726,2.5218181818181824,0.08,5.3
110,30/08/2021,-1.4711,0.3059644067523813,2.37,0.08,5.3
111,31/08/2021,-2.3575000000000004,0.415192380646295,2.33,0.06,5.3
112,01/09/2021,-0.0236999999999999,0.3942314385391799,2.34,0.08,4.6
113,02/09/2021,2.639,0.5486107496690654,2.32,0.08,4.6
114,03/09/2021,-7.1448,0.8131788082123698,2.34,0.08,4.6
115,04/09/2021,-1.4596,0.4267885255028754,2.5218181818181824,0.08,4.6
116,05/09/2021,-0.8259999999999996,0.4176523295947846,2.5218181818181824,0.08,4.6
117,06/09/2021,-4.9872,0.3366210627369053,2.5218181818181824,0.08,4.6
118,07/09/2021,-3.359900000000001,0.6186879681740476,2.36,0.08,4.6
119,08/09/2021,-4.3944,0.7644280696338993,2.38,0.08,4.6
120,09/09/2021,-4.543099999999997,0.9055600212964128,2.38,0.08,4.6
121,10/09/2021,-5.7002,0.7582444167234704,2.4,0.08,4.6
122,11/09/2021,-7.089499999999999,0.4215799114978615,2.5218181818181824,0.08,4.6
123,12/09/2021,-2.5752,0.3746745900972165,2.5218181818181824,0.08,4.6
124,13/09/2021,4.0924,0.7092101424653613,2.37,0.08,4.6
125,14/09/2021,4.174099999999999,1.3317255987680088,2.33,0.08,4.6
126,15/09/2021,-4.436400000000001,1.102805968901252,2.35,0.08,4.6
127,16/09/2021,8.6519,0.6353114330686627,2.35,0.08,4.6
128,17/09/2021,-7.610600000000002,0.7272780596521324,2.33,0.08,4.6
129,18/09/2021,-6.821799999999998,0.5034621964893925,2.5218181818181824,0.08,4.6
130,19/09/2021,-4.484399999999999,0.4597704232156736,2.5218181818181824,0.08,4.6
131,20/09/2021,-6.129600000000003,0.7637303905834698,2.29,0.08,4.6
132,21/09/2021,-1.2318999999999996,0.8112897980198785,2.29,0.08,4.6
133,22/09/2021,-10.0026,0.6876464816450872,2.28,0.08,4.6
134,23/09/2021,-10.479399999999998,0.8458394147123173,2.31,0.08,4.6
135,24/09/2021,2.7964,0.5603450348910513,2.34,0.08,4.6
136,25/09/2021,-13.140300000000003,0.5616294331059082,2.5218181818181824,0.08,4.6
137,26/09/2021,-6.475899999999998,0.4963335828486706,2.5218181818181824,0.08,4.6
138,27/09/2021,-13.244300000000004,0.8408725196048652,2.35,0.08,4.6
139,28/09/2021,0.8440999999999994,1.0679422337564934,2.38,0.08,4.6
140,29/09/2021,-3.8626,1.3512008634547252,2.37,0.08,4.6
141,30/09/2021,-7.280099999999999,1.5901438532462215,2.37,0.06,4.6
142,01/10/2021,0.7179000000000005,1.3549318235999124,2.38,0.08,4.3
143,02/10/2021,-3.9057,0.7919306244629061,2.5218181818181824,0.08,4.3
144,03/10/2021,-10.257,0.6810090765925546,2.5218181818181824,0.08,4.3
145,04/10/2021,-5.523999999999999,0.9151388407506192,2.38,0.08,4.3
146,05/10/2021,2.165400000000002,0.8495842166627118,2.45,0.08,4.3
147,06/10/2021,-9.5996,0.795414561426202,2.43,0.08,4.3
148,07/10/2021,-11.320100000000004,0.8991821966725458,2.46,0.08,4.3
149,08/10/2021,-3.8874,1.1414653096996237,2.5,0.08,4.3
150,09/10/2021,-1.5835000000000004,1.1854244674387546,2.5218181818181824,0.08,4.3
151,10/10/2021,-8.774599999999998,0.6443362947094966,2.5218181818181824,0.08,4.3
152,11/10/2021,-9.7742,0.6638278536584186,2.5218181818181824,0.08,4.3
153,12/10/2021,-3.2810999999999986,0.7682076355201145,2.49,0.08,4.3
154,13/10/2021,0.7809000000000014,2.632585133130644,2.52,0.08,4.3
155,14/10/2021,-14.100899999999992,2.461971597101004,2.52,0.08,4.3
156,15/10/2021,-18.1362,1.769514354306414,2.56,0.08,4.3
157,16/10/2021,-3.6284,1.6630311735827237,2.5218181818181824,0.08,4.3
158,17/10/2021,-4.471700000000002,1.2581556098668325,2.5218181818181824,0.08,4.3
159,18/10/2021,-16.953100000000003,1.295592370339164,2.54,0.08,4.3
160,19/10/2021,2.893900000000001,1.3103938857078028,2.54,0.08,4.3
161,20/10/2021,-5.385100000000003,1.288942883284002,2.57,0.08,4.3
162,21/10/2021,3.7141000000000015,1.40932935544454,2.64,0.08,4.3
163,22/10/2021,-3.402899999999998,1.271069818228095,2.64,0.08,4.3
164,23/10/2021,11.1942,1.3737222819906407,2.5218181818181824,0.08,4.3
165,24/10/2021,-6.5586,1.4185685739064864,2.5218181818181824,0.08,4.3
166,25/10/2021,10.240200000000002,1.6038615366088802,2.66,0.08,4.3
167,26/10/2021,-1.9887000000000004,1.6168560846282989,2.69,0.08,4.3
168,27/10/2021,11.996100000000004,1.4302995037144657,2.65,0.08,4.3
169,28/10/2021,2.5495000000000005,1.3421551134138756,2.57,0.08,4.3
170,29/10/2021,-3.5957999999999988,1.234919307719367,2.51,0.07,4.3
171,30/10/2021,-3.0376000000000003,0.9027902515412408,2.5218181818181824,0.07,4.3
172,31/10/2021,-1.0257999999999998,0.9281222898391304,2.5218181818181824,0.07,4.3
173,01/11/2021,-0.1174999999999985,0.992824981216669,2.5,0.08,3.9
174,02/11/2021,3.3688,1.264584296939622,2.51,0.08,3.9
175,03/11/2021,-2.584699999999999,1.3193459237756582,2.53,0.08,3.9
176,04/11/2021,2.849600000000001,2.033546218855025,2.56,0.08,3.9
177,05/11/2021,-10.5785,1.7949182707055549,2.54,0.08,3.9
178,06/11/2021,-11.857500000000002,1.6956526102791063,2.5218181818181824,0.08,3.9
179,07/11/2021,-0.9265,1.2397146568209805,2.5218181818181824,0.08,3.9
180,08/11/2021,-8.9304,1.252320328052355,2.62,0.08,3.9
181,09/11/2021,2.984799999999999,1.3512008123239132,2.63,0.08,3.9
182,10/11/2021,12.56210000000001,5.98454325968212,2.7,0.08,3.9
183,11/11/2021,-20.626699999999992,4.9660121654647815,2.5218181818181824,0.08,3.9
184,12/11/2021,4.14069999999999,3.65556451465478,2.73,0.08,3.9
185,13/11/2021,-2.6728999999999985,2.070163415564465,2.5218181818181824,0.08,3.9
186,14/11/2021,9.237199999999984,2.859696546048282,2.5218181818181824,0.08,3.9
187,15/11/2021,-28.187999999999978,4.551309035079974,2.76,0.08,3.9
188,16/11/2021,-7.369800000000003,3.285499234536969,2.73,0.08,3.9
189,17/11/2021,-14.4283,2.965482259486068,2.7,0.08,3.9
190,18/11/2021,-0.7194000000000023,2.7329105738683825,2.73,0.08,3.9
191,19/11/2021,2.2803999999999984,2.727758665524612,2.65,0.08,3.9
192,20/11/2021,4.939099999999995,1.8813826314603408,2.5218181818181824,0.08,3.9
193,21/11/2021,-4.5727,1.7741594615933884,2.5218181818181824,0.08,3.9
194,22/11/2021,11.668400000000004,1.436823703156922,2.61,0.08,3.9
195,23/11/2021,0.9896000000000028,3.1185166821090893,2.62,0.08,3.9
196,24/11/2021,-7.2415999999999965,2.8998635071075176,2.61,0.08,3.9
197,25/11/2021,-4.862999999999995,2.2185615280993973,2.5218181818181824,0.08,3.9
198,26/11/2021,-9.2741,1.5929096323912786,2.55,0.08,3.9
199,27/11/2021,-15.6048,1.4306727594489368,2.5218181818181824,0.08,3.9
200,28/11/2021,5.617,1.289409279370339,2.5218181818181824,0.08,3.9
201,29/11/2021,0.1369000000000013,1.2979678205858771,2.54,0.08,3.9
202,30/11/2021,-2.7504,2.0856311879147493,2.5,0.07,3.9
203,01/12/2021,-8.243599999999999,1.5484923946312292,2.44,0.08,3.7
204,02/12/2021,-1.3650999999999989,1.521203184655351,2.47,0.08,3.7
205,03/12/2021,8.564900000000007,1.4586569565098988,2.43,0.08,3.7
206,04/12/2021,-5.505899999999998,1.098102146298683,2.5218181818181824,0.08,3.7
207,05/12/2021,-3.939500000000001,0.8782547163886563,2.5218181818181824,0.08,3.7
208,06/12/2021,3.119900000000001,0.7538681546567013,2.44,0.08,3.7
209,07/12/2021,-2.7325000000000017,0.9244592078563936,2.47,0.08,3.7
210,08/12/2021,-1.1386999999999996,1.4772940989997414,2.52,0.08,3.7
211,09/12/2021,3.5458000000000003,1.7191492117896807,2.47,0.08,3.7
212,10/12/2021,-3.5771999999999955,5.466367495562544,2.44,0.08,3.7
213,11/12/2021,-7.200499999999997,3.752055259025906,2.5218181818181824,0.08,3.7
214,12/12/2021,-7.7349999999999985,1.980915444467776,2.5218181818181824,0.08,3.7
215,13/12/2021,-14.656299999999993,2.1860329430409204,2.4,0.08,3.7
216,14/12/2021,-17.047399999999996,2.581026397080215,2.37,0.08,3.7
217,15/12/2021,-13.131800000000004,3.123610753073425,2.39,0.08,3.7
218,16/12/2021,-6.0788,2.112280565309843,2.42,0.08,3.7
219,17/12/2021,-10.199500000000002,2.300028665386391,2.38,0.08,3.7
220,18/12/2021,-12.158699999999996,1.5467577955835925,2.5218181818181824,0.08,3.7
221,19/12/2021,-3.633099999999996,1.770326151790265,2.5218181818181824,0.08,3.7
222,20/12/2021,-1.6747999999999983,1.8500929922005964,2.39,0.08,3.7
223,21/12/2021,-11.6162,1.4235015090693734,2.44,0.08,3.7
224,22/12/2021,-12.363799999999996,1.4541410367723862,2.47,0.08,3.7
225,23/12/2021,-4.6006,1.183809405763088,2.47,0.08,3.7
226,24/12/2021,-2.1584000000000008,1.0487573349886374,2.5218181818181824,0.08,3.7
227,25/12/2021,-4.8745,0.636229389070232,2.5218181818181824,0.08,3.7
228,26/12/2021,1.4155999999999995,0.6986347109660953,2.5218181818181824,0.08,3.7
229,27/12/2021,4.586599999999999,1.3090847903836864,2.5,0.08,3.7
230,28/12/2021,-5.825099999999999,1.1958217941192366,2.5,0.08,3.7
231,29/12/2021,3.1493999999999995,1.4545376783734616,2.53,0.08,3.7
232,30/12/2021,-2.770999999999999,1.807684838786424,2.58,0.08,3.7
233,31/12/2021,4.5368,0.9681450250029376,2.56,0.07,3.7
234,01/01/2022,-2.3183,0.8307354843330731,2.5218181818181824,0.07,4.4
235,02/01/2022,-1.9309,0.920335216494614,2.5218181818181824,0.07,4.4
236,03/01/2022,-6.575399999999999,0.8243365370950665,2.6,0.08,4.4
237,04/01/2022,-10.596299999999996,1.3129347969830916,2.57,0.08,4.4
238,05/01/2022,-14.742899999999992,1.2341129916524511,2.53,0.08,4.4
239,06/01/2022,-4.2874999999999925,1.2626914569795595,2.46,0.08,4.4
240,07/01/2022,-6.3782,0.5737069267936021,2.48,0.08,4.4
241,08/01/2022,-5.721699999999999,0.545090279809636,2.5218181818181824,0.08,4.4
242,09/01/2022,-11.003899999999994,0.5616031166129061,2.5218181818181824,0.08,4.4
243,10/01/2022,-3.803,0.663718498523605,2.48,0.08,4.4
244,11/01/2022,8.108799999999999,0.7620710108875502,2.54,0.08,4.4
245,12/01/2022,-5.888900000000002,2.636058831286725,2.48,0.08,4.4
246,13/01/2022,-3.696299999999997,2.3865917958269347,2.43,0.08,4.4
247,14/01/2022,8.086400000000003,1.5371640867698884,2.44,0.08,4.4
248,15/01/2022,-9.8251,1.0758359798569737,2.5218181818181824,0.08,4.4
249,16/01/2022,1.9344000000000008,0.9448129843351986,2.5218181818181824,0.08,4.4
250,17/01/2022,2.363600000000002,0.8053262946126667,2.5218181818181824,0.08,4.4
251,18/01/2022,-8.2926,1.2261989349239653,2.46,0.08,4.4
252,19/01/2022,6.148800000000003,1.1651426891556504,2.4,0.08,4.4
253,20/01/2022,-27.9423,1.4090371423709316,2.33,0.08,4.4
254,21/01/2022,-1.2602000000000002,1.2556267089996958,2.34,0.08,4.4
255,22/01/2022,5.6721,0.9029268783747628,2.5218181818181824,0.08,4.4
256,23/01/2022,-11.980500000000005,0.6670210802043175,2.5218181818181824,0.08,4.4
257,24/01/2022,-28.803100000000008,1.442803726292231,2.38,0.08,4.4
258,25/01/2022,-27.6198,2.1736580916726886,2.41,0.08,4.4
259,26/01/2022,-6.093899999999998,1.3898355373339235,2.38,0.08,4.4
260,27/01/2022,2.9131000000000014,1.3927094420681043,2.4,0.08,4.4
261,28/01/2022,4.035200000000002,1.5289992567511663,2.44,0.08,4.4
262,29/01/2022,5.3381000000000025,0.7751171882926412,2.5218181818181824,0.08,4.4
263,30/01/2022,3.044100000000003,1.0327387997817166,2.5218181818181824,0.08,4.4
264,31/01/2022,-4.062599999999998,0.8841340557127104,2.44,0.08,4.4
265,01/02/2022,0.6511999999999996,0.8816405007088933,2.43,0.08,4.1
266,02/02/2022,-3.0691,0.9317787007097388,2.41,0.08,4.1
267,03/02/2022,5.5116000000000005,1.0073941710014132,2.38,0.08,4.1
268,04/02/2022,-4.480400000000001,1.0667867724405455,2.41,0.08,4.1
269,05/02/2022,-0.3982000000000005,1.1398185676401444,2.5218181818181824,0.08,4.1
270,06/02/2022,0.9391000000000004,0.7770367712029438,2.5218181818181824,0.08,4.1
271,07/02/2022,-4.1512,1.0999429116344297,2.4,0.08,4.1
272,08/02/2022,1.3049999999999995,0.9339950923081848,2.42,0.08,4.1
273,09/02/2022,-3.9994,1.3662003075590876,2.42,0.08,4.1
274,10/02/2022,-4.240100000000012,4.834159577201146,2.45,0.08,4.1
275,11/02/2022,-14.19019999999999,4.342207389015951,2.43,0.08,4.1
276,12/02/2022,-12.435700000000002,2.0950212854601022,2.5218181818181824,0.08,4.1
277,13/02/2022,-6.302000000000002,1.7954074110322455,2.5218181818181824,0.08,4.1
278,14/02/2022,11.7866,3.764457678630248,2.48,0.08,4.1
279,15/02/2022,5.1616,1.9905415977433465,2.48,0.08,4.1
280,16/02/2022,-10.217700000000002,2.973448995947441,2.46,0.08,4.1
281,17/02/2022,-4.9054,2.8831258849778543,2.43,0.08,4.1
282,18/02/2022,-16.366500000000006,2.1499975481699263,2.41,0.08,4.1
283,19/02/2022,2.3483000000000005,1.2076550748407238,2.5218181818181824,0.08,4.1
284,20/02/2022,-4.551300000000002,1.5958481946207257,2.5218181818181824,0.08,4.1
285,21/02/2022,-7.766199999999999,1.3880725388548152,2.5218181818181824,0.08,4.1
286,22/02/2022,-19.4042,1.6516084561343412,2.45,0.08,4.1
287,23/02/2022,-20.417499999999983,2.24790126396215,2.53,0.08,4.1
288,24/02/2022,-40.561800000000034,2.3600060126223035,2.55,0.08,4.1
289,25/02/2022,-14.169500000000014,1.4021779668614869,2.54,0.08,4.1
290,26/02/2022,3.2865999999999995,1.1166854224975884,2.5218181818181824,0.08,4.1
291,27/02/2022,-12.396600000000005,0.9617329634550008,2.5218181818181824,0.08,4.1
292,28/02/2022,-7.609099999999999,1.1569636772726533,2.62,0.08,4.1
293,01/03/2022,-24.7173,1.759813540132433,2.62,0.08,3.8
294,02/03/2022,-38.34709999999996,5.043566445657126,2.71,0.08,3.8
295,03/03/2022,-18.639900000000004,1.770116961314546,2.69,0.08,3.8
296,04/03/2022,-18.4844,2.2618610404545927,2.67,0.08,3.8
297,05/03/2022,1.292200000000002,1.4921770805403844,2.5218181818181824,0.08,3.8
298,06/03/2022,-12.634899999999991,1.614306145603328,2.5218181818181824,0.08,3.8
299,07/03/2022,-14.703400000000002,2.49061285893992,2.77,0.08,3.8
300,08/03/2022,-46.93189999999997,2.9288590196649573,2.9,0.08,3.8
301,09/03/2022,-33.3585,3.138388349011056,2.84,0.08,3.8
302,10/03/2022,-49.454100000000025,4.745402308861929,2.86,0.08,3.8
303,11/03/2022,-25.12989999999997,4.911376193546138,2.94,0.08,3.8
304,12/03/2022,-52.02150000000002,3.210601505602241,2.5218181818181824,0.08,3.8
305,13/03/2022,-22.6444,2.725076416234617,2.5218181818181824,0.08,3.8
306,14/03/2022,-7.285099999999997,2.945742691298685,2.93,0.08,3.8
307,15/03/2022,-16.992000000000008,3.045651301801875,2.84,0.08,3.8
308,16/03/2022,-1.602499999999997,2.403206888681212,2.8,0.08,3.8
309,17/03/2022,-14.348999999999998,2.0208436072187568,2.91,0.33,3.8
310,18/03/2022,-17.348,1.6933581259678347,2.86,0.33,3.8
311,19/03/2022,-10.6627,1.6491032904101328,2.5218181818181824,0.33,3.8
312,20/03/2022,-11.796500000000002,1.8694360963404373,2.5218181818181824,0.33,3.8
313,21/03/2022,-7.645200000000002,1.7025629121068446,2.9,0.33,3.8
314,22/03/2022,2.6304000000000007,1.1154375291271863,2.91,0.33,3.8
315,23/03/2022,-6.969600000000002,1.7398729249192917,2.94,0.33,3.8
316,24/03/2022,-4.3058,1.922403521079844,2.92,0.33,3.8
317,25/03/2022,-24.91510000000001,1.788640165190626,2.95,0.33,3.8
318,26/03/2022,-9.9516,1.824682495423516,2.5218181818181824,0.33,3.8
319,27/03/2022,-16.209,1.5631466020567089,2.5218181818181824,0.33,3.8
320,28/03/2022,-8.231200000000007,1.5857373810991922,2.95,0.33,3.8
321,29/03/2022,-10.6518,2.164358162047323,2.86,0.33,3.8
322,30/03/2022,-10.500400000000004,2.4103530227364045,2.86,0.33,3.8
323,31/03/2022,-4.233899999999998,2.445298843742913,2.84,0.33,3.8
324,01/04/2022,-5.682000000000001,2.5442762263491536,2.8,0.33,3.3
325,02/04/2022,-2.5908,1.34642927578322,2.5218181818181824,0.33,3.3
326,03/04/2022,9.010999999999989,1.377378247147111,2.5218181818181824,0.33,3.3
327,04/04/2022,-0.692900000000001,1.4382490401877224,2.8,0.33,3.3
328,05/04/2022,-10.1461,1.3175376115762494,2.84,0.33,3.3
329,06/04/2022,-5.654199999999999,1.924725494744428,2.83,0.33,3.3
330,07/04/2022,-3.1234,1.5566649325450523,2.82,0.33,3.3
331,08/04/2022,-12.794000000000004,1.3754234993374643,2.87,0.33,3.3
332,09/04/2022,-4.332299999999999,1.0469722509623005,2.5218181818181824,0.33,3.3
333,10/04/2022,-12.247400000000004,1.274811514577882,2.5218181818181824,0.33,3.3
334,11/04/2022,-18.6933,2.1094449013583203,2.91,0.33,3.3
335,12/04/2022,-44.56080000000001,8.852759193963434,2.86,0.33,3.3
336,13/04/2022,-52.8263,6.921078298793793,2.8,0.33,3.3
337,14/04/2022,-30.6877,4.217980610411046,2.89,0.33,3.3
338,15/04/2022,-11.878200000000009,3.2058081394865603,2.5218181818181824,0.33,3.3
339,16/04/2022,-20.915299999999988,2.2550775385105983,2.5218181818181824,0.33,3.3
340,17/04/2022,-20.172700000000003,1.568988206994781,2.5218181818181824,0.33,3.3
341,18/04/2022,-17.631600000000002,2.4567702953473587,2.92,0.33,3.3
342,19/04/2022,-7.5306,2.29510924985366,2.93,0.33,3.3
343,20/04/2022,-17.969399999999982,2.38441654154815,2.92,0.33,3.3
344,21/04/2022,-18.629200000000004,2.2944422022340603,3.02,0.33,3.3
345,22/04/2022,-22.8949,2.009452281417761,2.98,0.33,3.3
346,23/04/2022,-7.013499999999997,1.5434225223344014,2.5218181818181824,0.33,3.3
347,24/04/2022,-9.6368,1.657336541700122,2.5218181818181824,0.33,3.3
348,25/04/2022,-8.7225,1.6833000573516983,2.91,0.33,3.3
349,26/04/2022,11.202899999999994,2.239908632232832,2.85,0.33,3.3
350,27/04/2022,-25.858700000000027,2.719986981648177,2.88,0.33,3.3
351,28/04/2022,-12.4046,2.9844010324473094,2.97,0.33,3.3
352,29/04/2022,-14.2054,2.0002670102099622,2.88,0.33,3.3
353,30/04/2022,-10.833999999999998,2.043390191684162,2.5218181818181824,0.33,3.3
354,01/05/2022,-17.1293,1.912242628846381,2.5218181818181824,0.33,3.4
355,02/05/2022,-12.567399999999996,2.646251737043031,2.81,0.33,3.4
356,03/05/2022,-23.01530000000001,2.430477262302212,2.83,0.33,3.4
357,04/05/2022,-25.3245,2.7630705064512333,2.86,0.33,3.4
358,05/05/2022,-27.593899999999987,3.239171213941556,2.87,0.83,3.4
359,06/05/2022,-4.109199999999995,3.4033137632430086,2.86,0.83,3.4
360,07/05/2022,-74.36510000000004,2.672106404323068,2.5218181818181824,0.83,3.4
361,08/05/2022,-14.996999999999996,1.485147444253455,2.5218181818181824,0.83,3.4
362,09/05/2022,-27.456499999999984,3.303202347975499,2.75,0.83,3.4
363,10/05/2022,-43.6202000000001,5.804744926374388,2.65,0.83,3.4
364,11/05/2022,-69.8223,9.028878228831838,2.7,0.83,3.4
365,12/05/2022,-49.3261,5.776046043712093,2.59,0.83,3.4
366,13/05/2022,-24.657799999999995,4.1363526436276805,2.69,0.83,3.4
367,14/05/2022,-37.935900000000046,4.309053598098408,2.5218181818181824,0.83,3.4
368,15/05/2022,-22.93610000000001,2.846980221610871,2.5218181818181824,0.83,3.4
369,16/05/2022,-11.7375,2.86726976966202,2.68,0.83,3.4
370,17/05/2022,-37.1954,3.609934498934253,2.71,0.83,3.4
371,18/05/2022,-44.91329999999999,3.753099705472866,2.72,0.83,3.4
372,19/05/2022,-33.72909999999999,4.131614642589399,2.59,0.83,3.4
373,20/05/2022,-28.4633,3.9625692660758114,2.55,0.83,3.4
374,21/05/2022,-9.939400000000004,2.5522046071103177,2.5218181818181824,0.83,3.4
375,22/05/2022,-24.38779999999999,2.8599660323205365,2.5218181818181824,0.83,3.4
376,23/05/2022,-25.23150000000001,3.849117307680906,2.6,0.83,3.4
377,24/05/2022,-14.907199999999994,2.597896720688979,2.55,0.83,3.4
378,25/05/2022,-15.2855,2.0444981332946885,2.56,0.83,3.4
379,26/05/2022,-10.7976,2.0842943551389643,2.62,0.83,3.4
380,27/05/2022,-13.3935,2.373323167239121,2.63,0.83,3.4
381,28/05/2022,-1.610999999999998,2.046908993472333,2.5218181818181824,0.83,3.4
382,29/05/2022,-11.6645,1.6860411957622248,2.5218181818181824,0.83,3.4
383,30/05/2022,-18.2967,1.6107218270560415,2.5218181818181824,0.83,3.4
384,31/05/2022,4.870199999999997,3.2526952367577096,2.64,0.83,3.4
