date,BEIR_forecast
01/05/2022,2.643732941331826
02/05/2022,2.6406521981083317
03/05/2022,2.6418445049115307
04/05/2022,2.6423116821941757
05/05/2022,2.642880728407156
06/05/2022,2.6434429479797297
07/05/2022,2.644005085998789
08/05/2022,2.6445677151896416
09/05/2022,2.645130095013973
10/05/2022,2.6456925810757084
11/05/2022,2.6462550283202595
12/05/2022,2.646817488479304
13/05/2022,2.6473799446922195
14/05/2022,2.647942402034923
15/05/2022,2.648504859069891
16/05/2022,2.6490673161859255
17/05/2022,2.649629773281118
18/05/2022,2.6501922303815517
19/05/2022,2.6507546874807013
20/05/2022,2.6513171445801555
21/05/2022,2.6518796016795405
22/05/2022,2.65244205877894
23/05/2022,2.653004515878337
24/05/2022,2.6535669729777345
25/05/2022,2.654129430077132
26/05/2022,2.654691887176529
27/05/2022,2.655254344275926
28/05/2022,2.6558168013753236
29/05/2022,2.656379258474721
30/05/2022,2.6569417155741184
31/05/2022,2.6575041726735154
