,BEIR_forecast
0,2.9323630644274323
1,2.9376500013815847
2,2.909975069063942
3,2.9013127634540603
4,2.9046117616839395
5,2.8913154601953726
6,2.8991602836399357
7,2.895468268620296
8,2.886287673909521
9,2.8993822574219603
10,2.8986179998404906
11,2.947615963593436
12,2.9336213720432776
13,2.9248618459937656
14,2.930255787081612
15,2.9249695814750907
16,2.906823850626343
17,2.911206300574675
18,2.8855135166306676
19,2.8918450553495414
20,2.900608355777846
21,2.892036858297025
22,2.8674644515421095
23,2.8377519854604443
24,2.864063370598793
25,2.842865055220047
26,2.8643949534030964
27,2.887361779217461
28,2.884338037706411
29,2.8918549092692256
30,2.897369972457575
