DATE,PALLFNFINDEXM,,,,,,
01/01/2003,65.33934539,,01/05/2020,,,12/05/2021,91.3337049
01/02/2003,70.34548208,,01/06/2020,,,13/05/2021,91.3337049
01/03/2003,65.82764091,,01/07/2020,,,14/05/2021,91.3337049
01/04/2003,61.86621248,,01/08/2020,,,15/05/2021,91.3337049
01/05/2003,63.06104329,,01/09/2020,,,16/05/2021,91.3337049
01/06/2003,64.35933016,,01/10/2020,,,17/05/2021,91.3337049
01/07/2003,63.28487976,,01/11/2020,,,18/05/2021,91.3337049
01/08/2003,64.43682376,,01/12/2020,,,19/05/2021,91.3337049
01/09/2003,64.49912902,,01/01/2021,,,20/05/2021,91.3337049
01/10/2003,67.45470282,,01/02/2021,,,21/05/2021,91.3337049
01/11/2003,67.38191462,,01/03/2021,,,22/05/2021,91.3337049
01/12/2003,70.50630786,,01/04/2021,,,23/05/2021,91.3337049
01/01/2004,73.12335658,,01/05/2021,155.1005787,,24/05/2021,91.3337049
01/02/2004,72.8798439,,,,,25/05/2021,91.3337049
01/03/2004,75.53267179,,,,,26/05/2021,91.3337049
01/04/2004,76.47527806,,,,,27/05/2021,91.3337049
01/05/2004,79.74469917,,,,,28/05/2021,91.3337049
01/06/2004,78.38823661,,,,,29/05/2021,91.3337049
01/07/2004,79.72348533,,,,,30/05/2021,91.3337049
01/08/2004,80.96042718,,,,,31/05/2021,91.3337049
01/09/2004,80.59264123,,,,,01/06/2021,99.8752763
01/10/2004,86.39391127,,,,,02/06/2021,99.8752763
01/11/2004,83.72538321,,,,,03/06/2021,99.8752763
01/12/2004,82.56794135,,,,,04/06/2021,99.8752763
01/01/2005,85.42657614,,,,,05/06/2021,99.8752763
01/02/2005,87.44429074,,,,,06/06/2021,99.8752763
01/03/2005,94.52095785,,,,,07/06/2021,99.8752763
01/04/2005,94.07298195,,,,,08/06/2021,99.8752763
01/05/2005,91.60427818,,,,,09/06/2021,99.8752763
01/06/2005,95.4697098,,,,,10/06/2021,99.8752763
01/07/2005,97.84787112,,,,,11/06/2021,99.8752763
01/08/2005,103.8045735,,,,,12/06/2021,99.8752763
01/09/2005,107.6872283,,,,,13/06/2021,99.8752763
01/10/2005,107.1785056,,,,,14/06/2021,99.8752763
01/11/2005,101.1961283,,,,,15/06/2021,99.8752763
01/12/2005,106.182002,,,,,16/06/2021,99.8752763
01/01/2006,107.9057605,,,,,17/06/2021,99.8752763
01/02/2006,106.1100578,,,,,18/06/2021,99.8752763
01/03/2006,106.8264323,,,,,19/06/2021,99.8752763
01/04/2006,115.6985653,,,,,20/06/2021,99.8752763
01/05/2006,119.8921875,,,,,21/06/2021,99.8752763
01/06/2006,117.2275876,,,,,22/06/2021,99.8752763
01/07/2006,121.713228,,,,,23/06/2021,99.8752763
01/08/2006,122.4110348,,,,,24/06/2021,99.8752763
01/09/2006,112.6128666,,,,,25/06/2021,99.8752763
01/10/2006,110.8024852,,,,,26/06/2021,99.8752763
01/11/2006,113.4407852,,,,,27/06/2021,99.8752763
01/12/2006,115.550687,,,,,28/06/2021,99.8752763
01/01/2007,110.9495467,,,,,29/06/2021,99.8752763
01/02/2007,116.7752657,,,,,30/06/2021,99.8752763
01/03/2007,119.5017403,,,,,01/07/2021,103.0806039
01/04/2007,126.3397529,,,,,02/07/2021,103.0806039
01/05/2007,126.7498129,,,,,03/07/2021,103.0806039
01/06/2007,127.1929782,,,,,04/07/2021,103.0806039
01/07/2007,129.7154015,,,,,05/07/2021,103.0806039
01/08/2007,125.4488132,,,,,06/07/2021,103.0806039
01/09/2007,131.7847399,,,,,07/07/2021,103.0806039
01/10/2007,139.3883576,,,,,08/07/2021,103.0806039
01/11/2007,147.6712811,,,,,09/07/2021,103.0806039
01/12/2007,147.638237,,,,,10/07/2021,103.0806039
01/01/2008,154.4474679,,,,,11/07/2021,103.0806039
01/02/2008,161.3685594,,,,,12/07/2021,103.0806039
01/03/2008,171.3803286,,,,,13/07/2021,103.0806039
01/04/2008,177.8341086,,,,,14/07/2021,103.0806039
01/05/2008,189.8890587,,,,,15/07/2021,103.0806039
01/06/2008,199.5700902,,,,,16/07/2021,103.0806039
01/07/2008,202.798242,,,,,17/07/2021,103.0806039
01/08/2008,181.0999209,,,,,18/07/2021,103.0806039
01/09/2008,165.9176748,,,,,19/07/2021,103.0806039
01/10/2008,135.6424496,,,,,20/07/2021,103.0806039
01/11/2008,115.0758402,,,,,21/07/2021,103.0806039
01/12/2008,102.5136759,,,,,22/07/2021,103.0806039
01/01/2009,105.3704879,,,,,23/07/2021,103.0806039
01/02/2009,101.6365916,,,,,24/07/2021,103.0806039
01/03/2009,101.6574591,,,,,25/07/2021,103.0806039
01/04/2009,103.867905,,,,,26/07/2021,103.0806039
01/05/2009,112.432008,,,,,27/07/2021,103.0806039
01/06/2009,121.5292871,,,,,28/07/2021,103.0806039
01/07/2009,117.044337,,,,,29/07/2021,103.0806039
01/08/2009,123.644967,,,,,30/07/2021,103.0806039
01/09/2009,120.1017174,,,,,31/07/2021,103.0806039
01/10/2009,127.5579092,,,,,01/08/2021,108.9268378
01/11/2009,132.460171,,,,,02/08/2021,108.9268378
01/12/2009,135.0917946,,,,,03/08/2021,108.9268378
01/01/2010,140.8793563,,,,,04/08/2021,108.9268378
01/02/2010,137.5538199,,,,,05/08/2021,108.9268378
01/03/2010,142.134457,,,,,06/08/2021,108.9268378
01/04/2010,150.0377528,,,,,07/08/2021,108.9268378
01/05/2010,141.2256437,,,,,08/08/2021,108.9268378
01/06/2010,138.3084523,,,,,09/08/2021,108.9268378
01/07/2010,138.5450685,,,,,10/08/2021,108.9268378
01/08/2010,142.3627824,,,,,11/08/2021,108.9268378
01/09/2010,145.0031148,,,,,12/08/2021,108.9268378
01/10/2010,152.6933657,,,,,13/08/2021,108.9268378
01/11/2010,157.8266198,,,,,14/08/2021,108.9268378
01/12/2010,166.8007568,,,,,15/08/2021,108.9268378
01/01/2011,172.9814359,,,,,16/08/2021,108.9268378
01/02/2011,179.468168,,,,,17/08/2021,108.9268378
01/03/2011,185.4736514,,,,,18/08/2021,108.9268378
01/04/2011,194.8706978,,,,,19/08/2021,108.9268378
01/05/2011,187.7413346,,,,,20/08/2021,108.9268378
01/06/2011,185.9371768,,,,,21/08/2021,108.9268378
01/07/2011,188.4706969,,,,,22/08/2021,108.9268378
01/08/2011,184.1348513,,,,,23/08/2021,108.9268378
01/09/2011,182.1074921,,,,,24/08/2021,108.9268378
01/10/2011,175.6842827,,,,,25/08/2021,108.9268378
01/11/2011,178.0402564,,,,,26/08/2021,108.9268378
01/12/2011,174.7612352,,,,,27/08/2021,108.9268378
01/01/2012,177.618594,,,,,28/08/2021,108.9268378
01/02/2012,183.1277366,,,,,29/08/2021,108.9268378
01/03/2012,187.234388,,,,,30/08/2021,108.9268378
01/04/2012,184.2299296,,,,,31/08/2021,108.9268378
01/05/2012,173.3476512,,,,,01/09/2021,108.2081134
01/06/2012,162.0803501,,,,,02/09/2021,108.2081134
01/07/2012,167.3140256,,,,,03/09/2021,108.2081134
01/08/2012,171.9743971,,,,,04/09/2021,108.2081134
01/09/2012,173.7071595,,,,,05/09/2021,108.2081134
01/10/2012,172.0968683,,,,,06/09/2021,108.2081134
01/11/2012,169.7511613,,,,,07/09/2021,108.2081134
01/12/2012,170.538214,,,,,08/09/2021,108.2081134
01/01/2013,174.6949477,,,,,09/09/2021,108.2081134
01/02/2013,176.1777977,,,,,10/09/2021,108.2081134
01/03/2013,171.5868123,,,,,11/09/2021,108.2081134
01/04/2013,168.3208811,,,,,12/09/2021,108.2081134
01/05/2013,167.1667821,,,,,13/09/2021,108.2081134
01/06/2013,164.7012424,,,,,14/09/2021,108.2081134
01/07/2013,166.6675122,,,,,15/09/2021,108.2081134
01/08/2013,169.3118024,,,,,16/09/2021,108.2081134
01/09/2013,168.6803113,,,,,17/09/2021,108.2081134
01/10/2013,166.0099433,,,,,18/09/2021,108.2081134
01/11/2013,164.2980874,,,,,19/09/2021,108.2081134
01/12/2013,167.8858163,,,,,20/09/2021,108.2081134
01/01/2014,166.6884483,,,,,21/09/2021,108.2081134
01/02/2014,170.991846,,,,,22/09/2021,108.2081134
01/03/2014,169.830149,,,,,23/09/2021,108.2081134
01/04/2014,170.9984406,,,,,24/09/2021,108.2081134
01/05/2014,168.7603893,,,,,25/09/2021,108.2081134
01/06/2014,169.0746088,,,,,26/09/2021,108.2081134
01/07/2014,165.6807138,,,,,27/09/2021,108.2081134
01/08/2014,160.1370184,,,,,28/09/2021,108.2081134
01/09/2014,155.0582461,,,,,29/09/2021,108.2081134
01/10/2014,146.427002,,,,,30/09/2021,108.2081134
01/11/2014,139.5957335,,,,,01/10/2021,110.6154295
01/12/2014,126.2349148,,,,,02/10/2021,110.6154295
01/01/2015,114.2247649,,,,,03/10/2021,110.6154295
01/02/2015,117.5887534,,,,,04/10/2021,110.6154295
01/03/2015,113.5722856,,,,,05/10/2021,110.6154295
01/04/2015,114.8428832,,,,,06/10/2021,110.6154295
01/05/2015,118.693473,,,,,07/10/2021,110.6154295
01/06/2015,116.5024033,,,,,08/10/2021,110.6154295
01/07/2015,109.743695,,,,,09/10/2021,110.6154295
01/08/2015,102.5202415,,,,,10/10/2021,110.6154295
01/09/2015,102.3625484,,,,,11/10/2021,110.6154295
01/10/2015,102.3173769,,,,,12/10/2021,110.6154295
01/11/2015,96.22614944,,,,,13/10/2021,110.6154295
01/12/2015,90.75359106,,,,,14/10/2021,110.6154295
01/01/2016,85.32228161,,,,,15/10/2021,110.6154295
01/02/2016,87.37083165,,,,,16/10/2021,110.6154295
01/03/2016,93.60859812,,,,,17/10/2021,110.6154295
01/04/2016,96.75854133,,,,,18/10/2021,110.6154295
01/05/2016,100.5820615,,,,,19/10/2021,110.6154295
01/06/2016,103.2091591,,,,,20/10/2021,110.6154295
01/07/2016,102.8281888,,,,,21/10/2021,110.6154295
01/08/2016,103.3058219,,,,,22/10/2021,110.6154295
01/09/2016,103.3563825,,,,,23/10/2021,110.6154295
01/10/2016,106.5696993,,,,,24/10/2021,110.6154295
01/11/2016,105.4456412,,,,,25/10/2021,110.6154295
01/12/2016,111.642793,,,,,26/10/2021,110.6154295
01/01/2017,115.9123286,,,,,27/10/2021,110.6154295
01/02/2017,116.3696775,,,,,28/10/2021,110.6154295
01/03/2017,110.8686204,,,,,29/10/2021,110.6154295
01/04/2017,110.9763908,,,,,30/10/2021,110.6154295
01/05/2017,108.8382763,,,,,31/10/2021,110.6154295
01/06/2017,105.6440503,,,,,01/11/2021,115.143673
01/07/2017,108.482143,,,,,02/11/2021,115.143673
01/08/2017,111.3723655,,,,,03/11/2021,115.143673
01/09/2017,114.5681174,,,,,04/11/2021,115.143673
01/10/2017,116.0864692,,,,,05/11/2021,115.143673
01/11/2017,120.8493897,,,,,06/11/2021,115.143673
01/12/2017,122.5780651,,,,,07/11/2021,115.143673
01/01/2018,129.8402056,,,,,08/11/2021,115.143673
01/02/2018,126.8223429,,,,,09/11/2021,115.143673
01/03/2018,126.3647215,,,,,10/11/2021,115.143673
01/04/2018,128.3662393,,,,,11/11/2021,115.143673
01/05/2018,133.0505139,,,,,12/11/2021,115.143673
01/06/2018,131.9676676,,,,,13/11/2021,115.143673
01/07/2018,130.2747125,,,,,14/11/2021,115.143673
01/08/2018,127.9771828,,,,,15/11/2021,115.143673
01/09/2018,132.4258441,,,,,16/11/2021,115.143673
01/10/2018,133.4260293,,,,,17/11/2021,115.143673
01/11/2018,121.8527947,,,,,18/11/2021,115.143673
01/12/2018,115.9628284,,,,,19/11/2021,115.143673
01/01/2019,117.0782439,,,,,20/11/2021,115.143673
01/02/2019,119.011525,,,,,21/11/2021,115.143673
01/03/2019,119.9100363,,,,,22/11/2021,115.143673
01/04/2019,123.4167306,,,,,23/11/2021,115.143673
01/05/2019,120.4775408,,,,,24/11/2021,115.143673
01/06/2019,115.5289424,,,,,25/11/2021,115.143673
01/07/2019,117.9679544,,,,,26/11/2021,115.143673
01/08/2019,112.712282,,,,,27/11/2021,115.143673
01/09/2019,114.8090663,,,,,28/11/2021,115.143673
01/10/2019,113.0090144,,,,,29/11/2021,115.143673
01/11/2019,116.9819253,,,,,30/11/2021,115.143673
01/12/2019,119.992378,,,,,01/12/2021,125.5370485
01/01/2020,119.5661151,,,,,02/12/2021,125.5370485
01/02/2020,110.9397459,,,,,03/12/2021,125.5370485
01/03/2020,93.73043983,,,,,04/12/2021,125.5370485
01/04/2020,83.97051074,,,,,05/12/2021,125.5370485
01/05/2020,91.3337049,,,,,06/12/2021,125.5370485
01/06/2020,99.8752763,,,,,07/12/2021,125.5370485
01/07/2020,103.0806039,,,,,08/12/2021,125.5370485
01/08/2020,108.9268378,,,,,09/12/2021,125.5370485
01/09/2020,108.2081134,,,,,10/12/2021,125.5370485
01/10/2020,110.6154295,,,,,11/12/2021,125.5370485
01/11/2020,115.143673,,,,,12/12/2021,125.5370485
01/12/2020,125.5370485,,,,,13/12/2021,125.5370485
01/01/2021,137.3946371,,,,,14/12/2021,125.5370485
01/02/2021,140.5667792,,,,,15/12/2021,125.5370485
01/03/2021,141.2466898,,,,,16/12/2021,125.5370485
01/04/2021,145.0412073,,,,,17/12/2021,125.5370485
01/05/2021,155.1005787,,,,,18/12/2021,125.5370485
01/06/2021,160.6127202,,,,,19/12/2021,125.5370485
01/07/2021,165.2677796,,,,,20/12/2021,125.5370485
01/08/2021,163.5153669,,,,,21/12/2021,125.5370485
01/09/2021,172.0918167,,,,,22/12/2021,125.5370485
01/10/2021,191.5201971,,,,,23/12/2021,125.5370485
01/11/2021,183.1206579,,,,,24/12/2021,125.5370485
01/12/2021,186.4828123,,,,,25/12/2021,125.5370485
01/01/2022,190.990295,,,,,26/12/2021,125.5370485
01/02/2022,203.3308748,,,,,27/12/2021,125.5370485
01/03/2022,241.0656228,,,,,28/12/2021,125.5370485
01/04/2022,226.488226,,,,,29/12/2021,125.5370485
,,,,,,30/12/2021,125.5370485
,,,,,,31/12/2021,125.5370485
,,,,,,01/01/2022,137.3946371
,,,,,,02/01/2022,137.3946371
,,,,,,03/01/2022,137.3946371
,,,,,,04/01/2022,137.3946371
,,,,,,05/01/2022,137.3946371
,,,,,,06/01/2022,137.3946371
,,,,,,07/01/2022,137.3946371
,,,,,,08/01/2022,137.3946371
,,,,,,09/01/2022,137.3946371
,,,,,,10/01/2022,137.3946371
,,,,,,11/01/2022,137.3946371
,,,,,,12/01/2022,137.3946371
,,,,,,13/01/2022,137.3946371
,,,,,,14/01/2022,137.3946371
,,,,,,15/01/2022,137.3946371
,,,,,,16/01/2022,137.3946371
,,,,,,17/01/2022,137.3946371
,,,,,,18/01/2022,137.3946371
,,,,,,19/01/2022,137.3946371
,,,,,,20/01/2022,137.3946371
,,,,,,21/01/2022,137.3946371
,,,,,,22/01/2022,137.3946371
,,,,,,23/01/2022,137.3946371
,,,,,,24/01/2022,137.3946371
,,,,,,25/01/2022,137.3946371
,,,,,,26/01/2022,137.3946371
,,,,,,27/01/2022,137.3946371
,,,,,,28/01/2022,137.3946371
,,,,,,29/01/2022,137.3946371
,,,,,,30/01/2022,137.3946371
,,,,,,31/01/2022,137.3946371
,,,,,,01/02/2022,140.5667792
,,,,,,02/02/2022,140.5667792
,,,,,,03/02/2022,140.5667792
,,,,,,04/02/2022,140.5667792
,,,,,,05/02/2022,140.5667792
,,,,,,06/02/2022,140.5667792
,,,,,,07/02/2022,140.5667792
,,,,,,08/02/2022,140.5667792
,,,,,,09/02/2022,140.5667792
,,,,,,10/02/2022,140.5667792
,,,,,,11/02/2022,140.5667792
,,,,,,12/02/2022,140.5667792
,,,,,,13/02/2022,140.5667792
,,,,,,14/02/2022,140.5667792
,,,,,,15/02/2022,140.5667792
,,,,,,16/02/2022,140.5667792
,,,,,,17/02/2022,140.5667792
,,,,,,18/02/2022,140.5667792
,,,,,,19/02/2022,140.5667792
,,,,,,20/02/2022,140.5667792
,,,,,,21/02/2022,140.5667792
,,,,,,22/02/2022,140.5667792
,,,,,,23/02/2022,140.5667792
,,,,,,24/02/2022,140.5667792
,,,,,,25/02/2022,140.5667792
,,,,,,26/02/2022,140.5667792
,,,,,,27/02/2022,140.5667792
,,,,,,28/02/2022,140.5667792
,,,,,,01/03/2022,141.2466898
,,,,,,02/03/2022,141.2466898
,,,,,,03/03/2022,141.2466898
,,,,,,04/03/2022,141.2466898
,,,,,,05/03/2022,141.2466898
,,,,,,06/03/2022,141.2466898
,,,,,,07/03/2022,141.2466898
,,,,,,08/03/2022,141.2466898
,,,,,,09/03/2022,141.2466898
,,,,,,10/03/2022,141.2466898
,,,,,,11/03/2022,141.2466898
,,,,,,12/03/2022,141.2466898
,,,,,,13/03/2022,141.2466898
,,,,,,14/03/2022,141.2466898
,,,,,,15/03/2022,141.2466898
,,,,,,16/03/2022,141.2466898
,,,,,,17/03/2022,141.2466898
,,,,,,18/03/2022,141.2466898
,,,,,,19/03/2022,141.2466898
,,,,,,20/03/2022,141.2466898
,,,,,,21/03/2022,141.2466898
,,,,,,22/03/2022,141.2466898
,,,,,,23/03/2022,141.2466898
,,,,,,24/03/2022,141.2466898
,,,,,,25/03/2022,141.2466898
,,,,,,26/03/2022,141.2466898
,,,,,,27/03/2022,141.2466898
,,,,,,28/03/2022,141.2466898
,,,,,,29/03/2022,141.2466898
,,,,,,30/03/2022,141.2466898
,,,,,,31/03/2022,141.2466898
,,,,,,01/04/2022,145.0412073
,,,,,,02/04/2022,145.0412073
,,,,,,03/04/2022,145.0412073
,,,,,,04/04/2022,145.0412073
,,,,,,05/04/2022,145.0412073
,,,,,,06/04/2022,145.0412073
,,,,,,07/04/2022,145.0412073
,,,,,,08/04/2022,145.0412073
,,,,,,09/04/2022,145.0412073
,,,,,,10/04/2022,145.0412073
,,,,,,11/04/2022,145.0412073
,,,,,,12/04/2022,145.0412073
,,,,,,13/04/2022,145.0412073
,,,,,,14/04/2022,145.0412073
,,,,,,15/04/2022,145.0412073
,,,,,,16/04/2022,145.0412073
,,,,,,17/04/2022,145.0412073
,,,,,,18/04/2022,145.0412073
,,,,,,19/04/2022,145.0412073
,,,,,,20/04/2022,145.0412073
,,,,,,21/04/2022,145.0412073
,,,,,,22/04/2022,145.0412073
,,,,,,23/04/2022,145.0412073
,,,,,,24/04/2022,145.0412073
,,,,,,25/04/2022,145.0412073
,,,,,,26/04/2022,145.0412073
,,,,,,27/04/2022,145.0412073
,,,,,,28/04/2022,145.0412073
,,,,,,29/04/2022,145.0412073
,,,,,,30/04/2022,145.0412073
,,,,,,01/05/2022,155.1005787
,,,,,,02/05/2022,155.1005787
,,,,,,03/05/2022,155.1005787
,,,,,,04/05/2022,155.1005787
,,,,,,05/05/2022,155.1005787
,,,,,,06/05/2022,155.1005787
,,,,,,07/05/2022,155.1005787
,,,,,,08/05/2022,155.1005787
,,,,,,09/05/2022,155.1005787
,,,,,,10/05/2022,155.1005787
,,,,,,11/05/2022,155.1005787
,,,,,,12/05/2022,155.1005787
,,,,,,13/05/2022,155.1005787
,,,,,,14/05/2022,155.1005787
,,,,,,15/05/2022,155.1005787
,,,,,,16/05/2022,155.1005787
,,,,,,17/05/2022,155.1005787
,,,,,,18/05/2022,155.1005787
,,,,,,19/05/2022,155.1005787
,,,,,,20/05/2022,155.1005787
,,,,,,21/05/2022,155.1005787
,,,,,,22/05/2022,155.1005787
,,,,,,23/05/2022,155.1005787
,,,,,,24/05/2022,155.1005787
,,,,,,25/05/2022,155.1005787
,,,,,,26/05/2022,155.1005787
,,,,,,27/05/2022,155.1005787
,,,,,,28/05/2022,155.1005787
,,,,,,29/05/2022,155.1005787
,,,,,,30/05/2022,155.1005787
,,,,,,31/05/2022,155.1005787