DATE,T10YIE
27/10/2020,1.71
28/10/2020,1.7
29/10/2020,1.71
30/10/2020,1.7
02/11/2020,1.71
03/11/2020,1.72
04/11/2020,1.64
05/11/2020,1.66
06/11/2020,1.65
09/11/2020,1.73
10/11/2020,1.76
11/11/2020,.
12/11/2020,1.71
13/11/2020,1.72
16/11/2020,1.72
17/11/2020,1.7
18/11/2020,1.7
19/11/2020,1.7
20/11/2020,1.69
23/11/2020,1.71
24/11/2020,1.74
25/11/2020,1.75
26/11/2020,.
27/11/2020,1.75
30/11/2020,1.77
01/12/2020,1.81
02/12/2020,1.85
03/12/2020,1.86
04/12/2020,1.89
07/12/2020,1.88
08/12/2020,1.89
09/12/2020,1.91
10/12/2020,1.88
11/12/2020,1.87
14/12/2020,1.88
15/12/2020,1.91
16/12/2020,1.92
17/12/2020,1.94
18/12/2020,1.95
21/12/2020,1.95
22/12/2020,1.94
23/12/2020,1.97
24/12/2020,1.97
25/12/2020,.
28/12/2020,1.97
29/12/2020,1.96
30/12/2020,1.96
31/12/2020,1.99
01/01/2021,.
04/01/2021,2.01
05/01/2021,2.03
06/01/2021,2.06
07/01/2021,2.09
08/01/2021,2.06
11/01/2021,2.06
12/01/2021,2.08
13/01/2021,2.06
14/01/2021,2.09
15/01/2021,2.1
18/01/2021,.
19/01/2021,2.1
20/01/2021,2.12
21/01/2021,2.1
22/01/2021,2.09
25/01/2021,2.08
26/01/2021,2.08
27/01/2021,2.08
28/01/2021,2.13
29/01/2021,2.13
01/02/2021,2.11
02/02/2021,2.15
03/02/2021,2.19
04/02/2021,2.17
05/02/2021,2.21
08/02/2021,2.22
09/02/2021,2.22
10/02/2021,2.21
11/02/2021,2.2
12/02/2021,2.21
15/02/2021,.
16/02/2021,2.24
17/02/2021,2.21
18/02/2021,2.16
19/02/2021,2.14
22/02/2021,2.16
23/02/2021,2.16
24/02/2021,2.17
25/02/2021,2.14
26/02/2021,2.15
01/03/2021,2.16
02/03/2021,2.2
03/03/2021,2.21
04/03/2021,2.2
05/03/2021,2.22
08/03/2021,2.21
09/03/2021,2.21
10/03/2021,2.26
11/03/2021,2.28
12/03/2021,2.26
15/03/2021,2.27
16/03/2021,2.3
17/03/2021,2.3
18/03/2021,2.27
19/03/2021,2.31
22/03/2021,2.33
23/03/2021,2.29
24/03/2021,2.31
25/03/2021,2.32
26/03/2021,2.34
29/03/2021,2.36
30/03/2021,2.35
31/03/2021,2.37
01/04/2021,2.35
02/04/2021,2.36
05/04/2021,2.35
06/04/2021,2.32
07/04/2021,2.34
08/04/2021,2.33
09/04/2021,2.31
12/04/2021,2.33
13/04/2021,2.33
14/04/2021,2.33
15/04/2021,2.33
16/04/2021,2.36
19/04/2021,2.34
20/04/2021,2.32
21/04/2021,2.33
22/04/2021,2.33
23/04/2021,2.34
26/04/2021,2.36
27/04/2021,2.39
28/04/2021,2.41
29/04/2021,2.42
30/04/2021,2.41
03/05/2021,2.42
04/05/2021,2.42
05/05/2021,2.47
06/05/2021,2.45
07/05/2021,2.49
10/05/2021,2.54
11/05/2021,2.53
12/05/2021,2.54
13/05/2021,2.51
14/05/2021,2.51
17/05/2021,2.54
18/05/2021,2.52
19/05/2021,2.48
20/05/2021,2.41
21/05/2021,2.43
24/05/2021,2.44
25/05/2021,2.42
26/05/2021,2.4
27/05/2021,2.42
28/05/2021,2.42
31/05/2021,.
01/06/2021,2.46
02/06/2021,2.44
03/06/2021,2.42
04/06/2021,2.4
07/06/2021,2.39
08/06/2021,2.36
09/06/2021,2.32
10/06/2021,2.35
11/06/2021,2.32
14/06/2021,2.36
15/06/2021,2.38
16/06/2021,2.32
17/06/2021,2.27
18/06/2021,2.24
21/06/2021,2.25
22/06/2021,2.31
23/06/2021,2.34
24/06/2021,2.3
25/06/2021,2.34
28/06/2021,2.33
29/06/2021,2.32
30/06/2021,2.32
01/07/2021,2.35
02/07/2021,2.33
05/07/2021,.
06/07/2021,2.31
07/07/2021,2.28
08/07/2021,2.22
09/07/2021,2.28
12/07/2021,2.33
13/07/2021,2.36
14/07/2021,2.34
15/07/2021,2.32
16/07/2021,2.33
19/07/2021,2.24
20/07/2021,2.26
21/07/2021,2.28
22/07/2021,2.28
23/07/2021,2.35
26/07/2021,2.4
27/07/2021,2.38
28/07/2021,2.41
29/07/2021,2.43
30/07/2021,2.4
02/08/2021,2.37
03/08/2021,2.38
04/08/2021,2.35
05/08/2021,2.33
06/08/2021,2.37
09/08/2021,2.37
10/08/2021,2.4
11/08/2021,2.42
12/08/2021,2.41
13/08/2021,2.37
16/08/2021,2.36
17/08/2021,2.33
18/08/2021,2.32
19/08/2021,2.28
20/08/2021,2.27
23/08/2021,2.27
24/08/2021,2.3
25/08/2021,2.35
26/08/2021,2.33
27/08/2021,2.39
30/08/2021,2.37
31/08/2021,2.33
01/09/2021,2.34
02/09/2021,2.32
03/09/2021,2.34
06/09/2021,.
07/09/2021,2.36
08/09/2021,2.38
09/09/2021,2.38
10/09/2021,2.4
13/09/2021,2.37
14/09/2021,2.33
15/09/2021,2.35
16/09/2021,2.35
17/09/2021,2.33
20/09/2021,2.29
21/09/2021,2.29
22/09/2021,2.28
23/09/2021,2.31
24/09/2021,2.34
27/09/2021,2.35
28/09/2021,2.38
29/09/2021,2.37
30/09/2021,2.37
01/10/2021,2.38
04/10/2021,2.38
05/10/2021,2.45
06/10/2021,2.43
07/10/2021,2.46
08/10/2021,2.5
11/10/2021,.
12/10/2021,2.49
13/10/2021,2.52
14/10/2021,2.52
15/10/2021,2.56
18/10/2021,2.54
19/10/2021,2.54
20/10/2021,2.57
21/10/2021,2.64
22/10/2021,2.64
25/10/2021,2.66
26/10/2021,2.69
27/10/2021,2.65
28/10/2021,2.57
29/10/2021,2.51
01/11/2021,2.5
02/11/2021,2.51
03/11/2021,2.53
04/11/2021,2.56
05/11/2021,2.54
08/11/2021,2.62
09/11/2021,2.63
10/11/2021,2.7
11/11/2021,.
12/11/2021,2.73
15/11/2021,2.76
16/11/2021,2.73
17/11/2021,2.7
18/11/2021,2.73
19/11/2021,2.65
22/11/2021,2.61
23/11/2021,2.62
24/11/2021,2.61
25/11/2021,.
26/11/2021,2.55
29/11/2021,2.54
30/11/2021,2.5
01/12/2021,2.44
02/12/2021,2.47
03/12/2021,2.43
06/12/2021,2.44
07/12/2021,2.47
08/12/2021,2.52
09/12/2021,2.47
10/12/2021,2.44
13/12/2021,2.4
14/12/2021,2.37
15/12/2021,2.39
16/12/2021,2.42
17/12/2021,2.38
20/12/2021,2.39
21/12/2021,2.44
22/12/2021,2.47
23/12/2021,2.47
24/12/2021,.
27/12/2021,2.5
28/12/2021,2.5
29/12/2021,2.53
30/12/2021,2.58
31/12/2021,2.56
03/01/2022,2.6
04/01/2022,2.57
05/01/2022,2.53
06/01/2022,2.46
07/01/2022,2.48
10/01/2022,2.48
11/01/2022,2.54
12/01/2022,2.48
13/01/2022,2.43
14/01/2022,2.44
17/01/2022,.
18/01/2022,2.46
19/01/2022,2.4
20/01/2022,2.33
21/01/2022,2.34
24/01/2022,2.38
25/01/2022,2.41
26/01/2022,2.38
27/01/2022,2.4
28/01/2022,2.44
31/01/2022,2.44
01/02/2022,2.43
02/02/2022,2.41
03/02/2022,2.38
04/02/2022,2.41
07/02/2022,2.4
08/02/2022,2.42
09/02/2022,2.42
10/02/2022,2.45
11/02/2022,2.43
14/02/2022,2.48
15/02/2022,2.48
16/02/2022,2.46
17/02/2022,2.43
18/02/2022,2.41
21/02/2022,.
22/02/2022,2.45
23/02/2022,2.53
24/02/2022,2.55
25/02/2022,2.54
28/02/2022,2.62
01/03/2022,2.62
02/03/2022,2.71
03/03/2022,2.69
04/03/2022,2.67
07/03/2022,2.77
08/03/2022,2.9
09/03/2022,2.84
10/03/2022,2.86
11/03/2022,2.94
14/03/2022,2.93
15/03/2022,2.84
16/03/2022,2.8
17/03/2022,2.91
18/03/2022,2.86
21/03/2022,2.9
22/03/2022,2.91
23/03/2022,2.94
24/03/2022,2.92
25/03/2022,2.95
28/03/2022,2.95
29/03/2022,2.86
30/03/2022,2.86
31/03/2022,2.84
01/04/2022,2.8
04/04/2022,2.8
05/04/2022,2.84
06/04/2022,2.83
07/04/2022,2.82
08/04/2022,2.87
11/04/2022,2.91
12/04/2022,2.86
13/04/2022,2.8
14/04/2022,2.89
15/04/2022,.
18/04/2022,2.92
19/04/2022,2.93
20/04/2022,2.92
21/04/2022,3.02
22/04/2022,2.98
25/04/2022,2.91
26/04/2022,2.85
27/04/2022,2.88
28/04/2022,2.97
29/04/2022,2.88
02/05/2022,2.81
03/05/2022,2.83
04/05/2022,2.86
05/05/2022,2.87
06/05/2022,2.86
09/05/2022,2.75
10/05/2022,2.65
11/05/2022,2.7
12/05/2022,2.59
13/05/2022,2.69
16/05/2022,2.68
17/05/2022,2.71
18/05/2022,2.72
19/05/2022,2.59
20/05/2022,2.55
23/05/2022,2.6
24/05/2022,2.55
25/05/2022,2.56
26/05/2022,2.62
27/05/2022,2.63
30/05/2022,.
31/05/2022,2.64
01/06/2022,2.65
02/06/2022,2.66
03/06/2022,2.74
06/06/2022,2.76
07/06/2022,2.73
08/06/2022,2.75
09/06/2022,2.75
10/06/2022,2.76
13/06/2022,2.74
14/06/2022,2.6
15/06/2022,2.7
16/06/2022,2.62
17/06/2022,2.58