DATE,UMCSENT
29/04/2021,88.3
30/04/2021,88.3
01/05/2021,82.9
02/05/2021,82.9
03/05/2021,82.9
04/05/2021,82.9
05/05/2021,82.9
06/05/2021,82.9
07/05/2021,82.9
08/05/2021,82.9
09/05/2021,82.9
10/05/2021,82.9
11/05/2021,82.9
12/05/2021,82.9
13/05/2021,82.9
14/05/2021,82.9
15/05/2021,82.9
16/05/2021,82.9
17/05/2021,82.9
18/05/2021,82.9
19/05/2021,82.9
20/05/2021,82.9
21/05/2021,82.9
22/05/2021,82.9
23/05/2021,82.9
24/05/2021,82.9
25/05/2021,82.9
26/05/2021,82.9
27/05/2021,82.9
28/05/2021,82.9
29/05/2021,82.9
30/05/2021,82.9
31/05/2021,82.9
01/06/2021,85.5
02/06/2021,85.5
03/06/2021,85.5
04/06/2021,85.5
05/06/2021,85.5
06/06/2021,85.5
07/06/2021,85.5
08/06/2021,85.5
09/06/2021,85.5
10/06/2021,85.5
11/06/2021,85.5
12/06/2021,85.5
13/06/2021,85.5
14/06/2021,85.5
15/06/2021,85.5
16/06/2021,85.5
17/06/2021,85.5
18/06/2021,85.5
19/06/2021,85.5
20/06/2021,85.5
21/06/2021,85.5
22/06/2021,85.5
23/06/2021,85.5
24/06/2021,85.5
25/06/2021,85.5
26/06/2021,85.5
27/06/2021,85.5
28/06/2021,85.5
29/06/2021,85.5
30/06/2021,85.5
01/07/2021,81.2
02/07/2021,81.2
03/07/2021,81.2
04/07/2021,81.2
05/07/2021,81.2
06/07/2021,81.2
07/07/2021,81.2
08/07/2021,81.2
09/07/2021,81.2
10/07/2021,81.2
11/07/2021,81.2
12/07/2021,81.2
13/07/2021,81.2
14/07/2021,81.2
15/07/2021,81.2
16/07/2021,81.2
17/07/2021,81.2
18/07/2021,81.2
19/07/2021,81.2
20/07/2021,81.2
21/07/2021,81.2
22/07/2021,81.2
23/07/2021,81.2
24/07/2021,81.2
25/07/2021,81.2
26/07/2021,81.2
27/07/2021,81.2
28/07/2021,81.2
29/07/2021,81.2
30/07/2021,81.2
31/07/2021,81.2
01/08/2021,70.3
02/08/2021,70.3
03/08/2021,70.3
04/08/2021,70.3
05/08/2021,70.3
06/08/2021,70.3
07/08/2021,70.3
08/08/2021,70.3
09/08/2021,70.3
10/08/2021,70.3
11/08/2021,70.3
12/08/2021,70.3
13/08/2021,70.3
14/08/2021,70.3
15/08/2021,70.3
16/08/2021,70.3
17/08/2021,70.3
18/08/2021,70.3
19/08/2021,70.3
20/08/2021,70.3
21/08/2021,70.3
22/08/2021,70.3
23/08/2021,70.3
24/08/2021,70.3
25/08/2021,70.3
26/08/2021,70.3
27/08/2021,70.3
28/08/2021,70.3
29/08/2021,70.3
30/08/2021,70.3
31/08/2021,70.3
01/09/2021,72.8
02/09/2021,72.8
03/09/2021,72.8
04/09/2021,72.8
05/09/2021,72.8
06/09/2021,72.8
07/09/2021,72.8
08/09/2021,72.8
09/09/2021,72.8
10/09/2021,72.8
11/09/2021,72.8
12/09/2021,72.8
13/09/2021,72.8
14/09/2021,72.8
15/09/2021,72.8
16/09/2021,72.8
17/09/2021,72.8
18/09/2021,72.8
19/09/2021,72.8
20/09/2021,72.8
21/09/2021,72.8
22/09/2021,72.8
23/09/2021,72.8
24/09/2021,72.8
25/09/2021,72.8
26/09/2021,72.8
27/09/2021,72.8
28/09/2021,72.8
29/09/2021,72.8
30/09/2021,72.8
01/10/2021,71.7
02/10/2021,71.7
03/10/2021,71.7
04/10/2021,71.7
05/10/2021,71.7
06/10/2021,71.7
07/10/2021,71.7
08/10/2021,71.7
09/10/2021,71.7
10/10/2021,71.7
11/10/2021,71.7
12/10/2021,71.7
13/10/2021,71.7
14/10/2021,71.7
15/10/2021,71.7
16/10/2021,71.7
17/10/2021,71.7
18/10/2021,71.7
19/10/2021,71.7
20/10/2021,71.7
21/10/2021,71.7
22/10/2021,71.7
23/10/2021,71.7
24/10/2021,71.7
25/10/2021,71.7
26/10/2021,71.7
27/10/2021,71.7
28/10/2021,71.7
29/10/2021,71.7
30/10/2021,71.7
31/10/2021,71.7
01/11/2021,67.4
02/11/2021,67.4
03/11/2021,67.4
04/11/2021,67.4
05/11/2021,67.4
06/11/2021,67.4
07/11/2021,67.4
08/11/2021,67.4
09/11/2021,67.4
10/11/2021,67.4
11/11/2021,67.4
12/11/2021,67.4
13/11/2021,67.4
14/11/2021,67.4
15/11/2021,67.4
16/11/2021,67.4
17/11/2021,67.4
18/11/2021,67.4
19/11/2021,67.4
20/11/2021,67.4
21/11/2021,67.4
22/11/2021,67.4
23/11/2021,67.4
24/11/2021,67.4
25/11/2021,67.4
26/11/2021,67.4
27/11/2021,67.4
28/11/2021,67.4
29/11/2021,67.4
30/11/2021,67.4
01/12/2021,70.6
02/12/2021,70.6
03/12/2021,70.6
04/12/2021,70.6
05/12/2021,70.6
06/12/2021,70.6
07/12/2021,70.6
08/12/2021,70.6
09/12/2021,70.6
10/12/2021,70.6
11/12/2021,70.6
12/12/2021,70.6
13/12/2021,70.6
14/12/2021,70.6
15/12/2021,70.6
16/12/2021,70.6
17/12/2021,70.6
18/12/2021,70.6
19/12/2021,70.6
20/12/2021,70.6
21/12/2021,70.6
22/12/2021,70.6
23/12/2021,70.6
24/12/2021,70.6
25/12/2021,70.6
26/12/2021,70.6
27/12/2021,70.6
28/12/2021,70.6
29/12/2021,70.6
30/12/2021,70.6
31/12/2021,70.6
01/01/2022,67.2
02/01/2022,67.2
03/01/2022,67.2
04/01/2022,67.2
05/01/2022,67.2
06/01/2022,67.2
07/01/2022,67.2
08/01/2022,67.2
09/01/2022,67.2
10/01/2022,67.2
11/01/2022,67.2
12/01/2022,67.2
13/01/2022,67.2
14/01/2022,67.2
15/01/2022,67.2
16/01/2022,67.2
17/01/2022,67.2
18/01/2022,67.2
19/01/2022,67.2
20/01/2022,67.2
21/01/2022,67.2
22/01/2022,67.2
23/01/2022,67.2
24/01/2022,67.2
25/01/2022,67.2
26/01/2022,67.2
27/01/2022,67.2
28/01/2022,67.2
29/01/2022,67.2
30/01/2022,67.2
31/01/2022,67.2
01/02/2022,62.8
02/02/2022,62.8
03/02/2022,62.8
04/02/2022,62.8
05/02/2022,62.8
06/02/2022,62.8
07/02/2022,62.8
08/02/2022,62.8
09/02/2022,62.8
10/02/2022,62.8
11/02/2022,62.8
12/02/2022,62.8
13/02/2022,62.8
14/02/2022,62.8
15/02/2022,62.8
16/02/2022,62.8
17/02/2022,62.8
18/02/2022,62.8
19/02/2022,62.8
20/02/2022,62.8
21/02/2022,62.8
22/02/2022,62.8
23/02/2022,62.8
24/02/2022,62.8
25/02/2022,62.8
26/02/2022,62.8
27/02/2022,62.8
28/02/2022,62.8
01/03/2022,59.4
02/03/2022,59.4
03/03/2022,59.4
04/03/2022,59.4
05/03/2022,59.4
06/03/2022,59.4
07/03/2022,59.4
08/03/2022,59.4
09/03/2022,59.4
10/03/2022,59.4
11/03/2022,59.4
12/03/2022,59.4
13/03/2022,59.4
14/03/2022,59.4
15/03/2022,59.4
16/03/2022,59.4
17/03/2022,59.4
18/03/2022,59.4
19/03/2022,59.4
20/03/2022,59.4
21/03/2022,59.4
22/03/2022,59.4
23/03/2022,59.4
24/03/2022,59.4
25/03/2022,59.4
26/03/2022,59.4
27/03/2022,59.4
28/03/2022,59.4
29/03/2022,59.4
30/03/2022,59.4
31/03/2022,59.4
01/04/2022,65.2
02/04/2022,65.2
03/04/2022,65.2
04/04/2022,65.2
05/04/2022,65.2
06/04/2022,65.2
07/04/2022,65.2
08/04/2022,65.2
09/04/2022,65.2
10/04/2022,65.2
11/04/2022,65.2
12/04/2022,65.2
13/04/2022,65.2
14/04/2022,65.2
15/04/2022,65.2
16/04/2022,65.2
17/04/2022,65.2
18/04/2022,65.2
19/04/2022,65.2
20/04/2022,65.2
21/04/2022,65.2
22/04/2022,65.2
23/04/2022,65.2
24/04/2022,65.2
25/04/2022,65.2
26/04/2022,65.2
27/04/2022,65.2
28/04/2022,65.2
29/04/2022,65.2
30/04/2022,65.2
01/05/2022,58.4
02/05/2022,58.4
03/05/2022,58.4
04/05/2022,58.4
05/05/2022,58.4
06/05/2022,58.4
07/05/2022,58.4
08/05/2022,58.4
09/05/2022,58.4
10/05/2022,58.4
11/05/2022,58.4
12/05/2022,58.4
13/05/2022,58.4
14/05/2022,58.4
15/05/2022,58.4
16/05/2022,58.4
17/05/2022,58.4
18/05/2022,58.4
19/05/2022,58.4
20/05/2022,58.4
21/05/2022,58.4
22/05/2022,58.4
23/05/2022,58.4
24/05/2022,58.4
25/05/2022,58.4
26/05/2022,58.4
27/05/2022,58.4
28/05/2022,58.4
29/05/2022,58.4
30/05/2022,58.4
31/05/2022,58.4