DATE,UNRATENSA
12/05/2021,5.5
13/05/2021,5.5
14/05/2021,5.5
15/05/2021,5.5
16/05/2021,5.5
17/05/2021,5.5
18/05/2021,5.5
19/05/2021,5.5
20/05/2021,5.5
21/05/2021,5.5
22/05/2021,5.5
23/05/2021,5.5
24/05/2021,5.5
25/05/2021,5.5
26/05/2021,5.5
27/05/2021,5.5
28/05/2021,5.5
29/05/2021,5.5
30/05/2021,5.5
31/05/2021,5.5
01/06/2021,6.1
02/06/2021,6.1
03/06/2021,6.1
04/06/2021,6.1
05/06/2021,6.1
06/06/2021,6.1
07/06/2021,6.1
08/06/2021,6.1
09/06/2021,6.1
10/06/2021,6.1
11/06/2021,6.1
12/06/2021,6.1
13/06/2021,6.1
14/06/2021,6.1
15/06/2021,6.1
16/06/2021,6.1
17/06/2021,6.1
18/06/2021,6.1
19/06/2021,6.1
20/06/2021,6.1
21/06/2021,6.1
22/06/2021,6.1
23/06/2021,6.1
24/06/2021,6.1
25/06/2021,6.1
26/06/2021,6.1
27/06/2021,6.1
28/06/2021,6.1
29/06/2021,6.1
30/06/2021,6.1
01/07/2021,5.7
02/07/2021,5.7
03/07/2021,5.7
04/07/2021,5.7
05/07/2021,5.7
06/07/2021,5.7
07/07/2021,5.7
08/07/2021,5.7
09/07/2021,5.7
10/07/2021,5.7
11/07/2021,5.7
12/07/2021,5.7
13/07/2021,5.7
14/07/2021,5.7
15/07/2021,5.7
16/07/2021,5.7
17/07/2021,5.7
18/07/2021,5.7
19/07/2021,5.7
20/07/2021,5.7
21/07/2021,5.7
22/07/2021,5.7
23/07/2021,5.7
24/07/2021,5.7
25/07/2021,5.7
26/07/2021,5.7
27/07/2021,5.7
28/07/2021,5.7
29/07/2021,5.7
30/07/2021,5.7
31/07/2021,5.7
01/08/2021,5.3
02/08/2021,5.3
03/08/2021,5.3
04/08/2021,5.3
05/08/2021,5.3
06/08/2021,5.3
07/08/2021,5.3
08/08/2021,5.3
09/08/2021,5.3
10/08/2021,5.3
11/08/2021,5.3
12/08/2021,5.3
13/08/2021,5.3
14/08/2021,5.3
15/08/2021,5.3
16/08/2021,5.3
17/08/2021,5.3
18/08/2021,5.3
19/08/2021,5.3
20/08/2021,5.3
21/08/2021,5.3
22/08/2021,5.3
23/08/2021,5.3
24/08/2021,5.3
25/08/2021,5.3
26/08/2021,5.3
27/08/2021,5.3
28/08/2021,5.3
29/08/2021,5.3
30/08/2021,5.3
31/08/2021,5.3
01/09/2021,4.6
02/09/2021,4.6
03/09/2021,4.6
04/09/2021,4.6
05/09/2021,4.6
06/09/2021,4.6
07/09/2021,4.6
08/09/2021,4.6
09/09/2021,4.6
10/09/2021,4.6
11/09/2021,4.6
12/09/2021,4.6
13/09/2021,4.6
14/09/2021,4.6
15/09/2021,4.6
16/09/2021,4.6
17/09/2021,4.6
18/09/2021,4.6
19/09/2021,4.6
20/09/2021,4.6
21/09/2021,4.6
22/09/2021,4.6
23/09/2021,4.6
24/09/2021,4.6
25/09/2021,4.6
26/09/2021,4.6
27/09/2021,4.6
28/09/2021,4.6
29/09/2021,4.6
30/09/2021,4.6
01/10/2021,4.3
02/10/2021,4.3
03/10/2021,4.3
04/10/2021,4.3
05/10/2021,4.3
06/10/2021,4.3
07/10/2021,4.3
08/10/2021,4.3
09/10/2021,4.3
10/10/2021,4.3
11/10/2021,4.3
12/10/2021,4.3
13/10/2021,4.3
14/10/2021,4.3
15/10/2021,4.3
16/10/2021,4.3
17/10/2021,4.3
18/10/2021,4.3
19/10/2021,4.3
20/10/2021,4.3
21/10/2021,4.3
22/10/2021,4.3
23/10/2021,4.3
24/10/2021,4.3
25/10/2021,4.3
26/10/2021,4.3
27/10/2021,4.3
28/10/2021,4.3
29/10/2021,4.3
30/10/2021,4.3
31/10/2021,4.3
01/11/2021,3.9
02/11/2021,3.9
03/11/2021,3.9
04/11/2021,3.9
05/11/2021,3.9
06/11/2021,3.9
07/11/2021,3.9
08/11/2021,3.9
09/11/2021,3.9
10/11/2021,3.9
11/11/2021,3.9
12/11/2021,3.9
13/11/2021,3.9
14/11/2021,3.9
15/11/2021,3.9
16/11/2021,3.9
17/11/2021,3.9
18/11/2021,3.9
19/11/2021,3.9
20/11/2021,3.9
21/11/2021,3.9
22/11/2021,3.9
23/11/2021,3.9
24/11/2021,3.9
25/11/2021,3.9
26/11/2021,3.9
27/11/2021,3.9
28/11/2021,3.9
29/11/2021,3.9
30/11/2021,3.9
01/12/2021,3.7
02/12/2021,3.7
03/12/2021,3.7
04/12/2021,3.7
05/12/2021,3.7
06/12/2021,3.7
07/12/2021,3.7
08/12/2021,3.7
09/12/2021,3.7
10/12/2021,3.7
11/12/2021,3.7
12/12/2021,3.7
13/12/2021,3.7
14/12/2021,3.7
15/12/2021,3.7
16/12/2021,3.7
17/12/2021,3.7
18/12/2021,3.7
19/12/2021,3.7
20/12/2021,3.7
21/12/2021,3.7
22/12/2021,3.7
23/12/2021,3.7
24/12/2021,3.7
25/12/2021,3.7
26/12/2021,3.7
27/12/2021,3.7
28/12/2021,3.7
29/12/2021,3.7
30/12/2021,3.7
31/12/2021,3.7
01/01/2022,4.4
02/01/2022,4.4
03/01/2022,4.4
04/01/2022,4.4
05/01/2022,4.4
06/01/2022,4.4
07/01/2022,4.4
08/01/2022,4.4
09/01/2022,4.4
10/01/2022,4.4
11/01/2022,4.4
12/01/2022,4.4
13/01/2022,4.4
14/01/2022,4.4
15/01/2022,4.4
16/01/2022,4.4
17/01/2022,4.4
18/01/2022,4.4
19/01/2022,4.4
20/01/2022,4.4
21/01/2022,4.4
22/01/2022,4.4
23/01/2022,4.4
24/01/2022,4.4
25/01/2022,4.4
26/01/2022,4.4
27/01/2022,4.4
28/01/2022,4.4
29/01/2022,4.4
30/01/2022,4.4
31/01/2022,4.4
01/02/2022,4.1
02/02/2022,4.1
03/02/2022,4.1
04/02/2022,4.1
05/02/2022,4.1
06/02/2022,4.1
07/02/2022,4.1
08/02/2022,4.1
09/02/2022,4.1
10/02/2022,4.1
11/02/2022,4.1
12/02/2022,4.1
13/02/2022,4.1
14/02/2022,4.1
15/02/2022,4.1
16/02/2022,4.1
17/02/2022,4.1
18/02/2022,4.1
19/02/2022,4.1
20/02/2022,4.1
21/02/2022,4.1
22/02/2022,4.1
23/02/2022,4.1
24/02/2022,4.1
25/02/2022,4.1
26/02/2022,4.1
27/02/2022,4.1
28/02/2022,4.1
01/03/2022,3.8
02/03/2022,3.8
03/03/2022,3.8
04/03/2022,3.8
05/03/2022,3.8
06/03/2022,3.8
07/03/2022,3.8
08/03/2022,3.8
09/03/2022,3.8
10/03/2022,3.8
11/03/2022,3.8
12/03/2022,3.8
13/03/2022,3.8
14/03/2022,3.8
15/03/2022,3.8
16/03/2022,3.8
17/03/2022,3.8
18/03/2022,3.8
19/03/2022,3.8
20/03/2022,3.8
21/03/2022,3.8
22/03/2022,3.8
23/03/2022,3.8
24/03/2022,3.8
25/03/2022,3.8
26/03/2022,3.8
27/03/2022,3.8
28/03/2022,3.8
29/03/2022,3.8
30/03/2022,3.8
31/03/2022,3.8
01/04/2022,3.3
02/04/2022,3.3
03/04/2022,3.3
04/04/2022,3.3
05/04/2022,3.3
06/04/2022,3.3
07/04/2022,3.3
08/04/2022,3.3
09/04/2022,3.3
10/04/2022,3.3
11/04/2022,3.3
12/04/2022,3.3
13/04/2022,3.3
14/04/2022,3.3
15/04/2022,3.3
16/04/2022,3.3
17/04/2022,3.3
18/04/2022,3.3
19/04/2022,3.3
20/04/2022,3.3
21/04/2022,3.3
22/04/2022,3.3
23/04/2022,3.3
24/04/2022,3.3
25/04/2022,3.3
26/04/2022,3.3
27/04/2022,3.3
28/04/2022,3.3
29/04/2022,3.3
30/04/2022,3.3
01/05/2022,3.4
02/05/2022,3.4
03/05/2022,3.4
04/05/2022,3.4
05/05/2022,3.4
06/05/2022,3.4
07/05/2022,3.4
08/05/2022,3.4
09/05/2022,3.4
10/05/2022,3.4
11/05/2022,3.4
12/05/2022,3.4
13/05/2022,3.4
14/05/2022,3.4
15/05/2022,3.4
16/05/2022,3.4
17/05/2022,3.4
18/05/2022,3.4
19/05/2022,3.4
20/05/2022,3.4
21/05/2022,3.4
22/05/2022,3.4
23/05/2022,3.4
24/05/2022,3.4
25/05/2022,3.4
26/05/2022,3.4
27/05/2022,3.4
28/05/2022,3.4
29/05/2022,3.4
30/05/2022,3.4
31/05/2022,3.4
,
,
,
,
,
,
,
,
,
,
,
,
,
,
,
,
,
,
,
,
,
,
,
,
,
,
,
,
,
,
,
,
,
,
,
,
,
,
,
,
,
,
,
,
,
,
,