DATE,UNRATENSA,,,,,,
01/01/1948,4,,01/05/2020,,,12/05/2021,13
01/02/1948,4.7,,01/06/2020,,,13/05/2021,13
01/03/1948,4.5,,01/07/2020,,,14/05/2021,13
01/04/1948,4,,01/08/2020,,,15/05/2021,13
01/05/1948,3.4,,01/09/2020,,,16/05/2021,13
01/06/1948,3.9,,01/10/2020,,,17/05/2021,13
01/07/1948,3.9,,01/11/2020,,,18/05/2021,13
01/08/1948,3.6,,01/12/2020,,,19/05/2021,13
01/09/1948,3.4,,01/01/2021,,,20/05/2021,13
01/10/1948,2.9,,01/02/2021,,,21/05/2021,13
01/11/1948,3.3,,01/03/2021,,,22/05/2021,13
01/12/1948,3.6,,01/04/2021,,,23/05/2021,13
01/01/1949,5,,01/05/2021,,,24/05/2021,13
01/02/1949,5.8,,,,,25/05/2021,13
01/03/1949,5.6,,,,,26/05/2021,13
01/04/1949,5.4,,,,,27/05/2021,13
01/05/1949,5.7,,,,,28/05/2021,13
01/06/1949,6.4,,,,,29/05/2021,13
01/07/1949,7,,,,,30/05/2021,13
01/08/1949,6.3,,,,,31/05/2021,13
01/09/1949,5.9,,,,,01/06/2021,11.2
01/10/1949,6.1,,,,,02/06/2021,11.2
01/11/1949,5.7,,,,,03/06/2021,11.2
01/12/1949,6,,,,,04/06/2021,11.2
01/01/1950,7.6,,,,,05/06/2021,11.2
01/02/1950,7.9,,,,,06/06/2021,11.2
01/03/1950,7.1,,,,,07/06/2021,11.2
01/04/1950,6,,,,,08/06/2021,11.2
01/05/1950,5.3,,,,,09/06/2021,11.2
01/06/1950,5.6,,,,,10/06/2021,11.2
01/07/1950,5.3,,,,,11/06/2021,11.2
01/08/1950,4.1,,,,,12/06/2021,11.2
01/09/1950,4,,,,,13/06/2021,11.2
01/10/1950,3.3,,,,,14/06/2021,11.2
01/11/1950,3.8,,,,,15/06/2021,11.2
01/12/1950,3.9,,,,,16/06/2021,11.2
01/01/1951,4.4,,,,,17/06/2021,11.2
01/02/1951,4.2,,,,,18/06/2021,11.2
01/03/1951,3.8,,,,,19/06/2021,11.2
01/04/1951,3.2,,,,,20/06/2021,11.2
01/05/1951,2.9,,,,,21/06/2021,11.2
01/06/1951,3.4,,,,,22/06/2021,11.2
01/07/1951,3.3,,,,,23/06/2021,11.2
01/08/1951,2.9,,,,,24/06/2021,11.2
01/09/1951,3,,,,,25/06/2021,11.2
01/10/1951,2.8,,,,,26/06/2021,11.2
01/11/1951,3.2,,,,,27/06/2021,11.2
01/12/1951,2.9,,,,,28/06/2021,11.2
01/01/1952,3.7,,,,,29/06/2021,11.2
01/02/1952,3.8,,,,,30/06/2021,11.2
01/03/1952,3.3,,,,,01/07/2021,10.5
01/04/1952,3,,,,,02/07/2021,10.5
01/05/1952,2.9,,,,,03/07/2021,10.5
01/06/1952,3.2,,,,,04/07/2021,10.5
01/07/1952,3.3,,,,,05/07/2021,10.5
01/08/1952,3.1,,,,,06/07/2021,10.5
01/09/1952,2.7,,,,,07/07/2021,10.5
01/10/1952,2.4,,,,,08/07/2021,10.5
01/11/1952,2.5,,,,,09/07/2021,10.5
01/12/1952,2.5,,,,,10/07/2021,10.5
01/01/1953,3.4,,,,,11/07/2021,10.5
01/02/1953,3.2,,,,,12/07/2021,10.5
01/03/1953,2.9,,,,,13/07/2021,10.5
01/04/1953,2.8,,,,,14/07/2021,10.5
01/05/1953,2.5,,,,,15/07/2021,10.5
01/06/1953,2.7,,,,,16/07/2021,10.5
01/07/1953,2.7,,,,,17/07/2021,10.5
01/08/1953,2.4,,,,,18/07/2021,10.5
01/09/1953,2.6,,,,,19/07/2021,10.5
01/10/1953,2.5,,,,,20/07/2021,10.5
01/11/1953,3.2,,,,,21/07/2021,10.5
01/12/1953,4.2,,,,,22/07/2021,10.5
01/01/1954,5.7,,,,,23/07/2021,10.5
01/02/1954,6.3,,,,,24/07/2021,10.5
01/03/1954,6.4,,,,,25/07/2021,10.5
01/04/1954,6.1,,,,,26/07/2021,10.5
01/05/1954,5.7,,,,,27/07/2021,10.5
01/06/1954,5.7,,,,,28/07/2021,10.5
01/07/1954,5.7,,,,,29/07/2021,10.5
01/08/1954,5.4,,,,,30/07/2021,10.5
01/09/1954,5.3,,,,,31/07/2021,10.5
01/10/1954,4.6,,,,,01/08/2021,8.5
01/11/1954,4.9,,,,,02/08/2021,8.5
01/12/1954,4.8,,,,,03/08/2021,8.5
01/01/1955,5.8,,,,,04/08/2021,8.5
01/02/1955,5.7,,,,,05/08/2021,8.5
01/03/1955,5.2,,,,,06/08/2021,8.5
01/04/1955,4.9,,,,,07/08/2021,8.5
01/05/1955,4.2,,,,,08/08/2021,8.5
01/06/1955,4.4,,,,,09/08/2021,8.5
01/07/1955,4,,,,,10/08/2021,8.5
01/08/1955,3.8,,,,,11/08/2021,8.5
01/09/1955,3.5,,,,,12/08/2021,8.5
01/10/1955,3.4,,,,,13/08/2021,8.5
01/11/1955,3.8,,,,,14/08/2021,8.5
01/12/1955,3.9,,,,,15/08/2021,8.5
01/01/1956,4.7,,,,,16/08/2021,8.5
01/02/1956,4.8,,,,,17/08/2021,8.5
01/03/1956,4.7,,,,,18/08/2021,8.5
01/04/1956,4.1,,,,,19/08/2021,8.5
01/05/1956,4.2,,,,,20/08/2021,8.5
01/06/1956,4.7,,,,,21/08/2021,8.5
01/07/1956,4.4,,,,,22/08/2021,8.5
01/08/1956,3.7,,,,,23/08/2021,8.5
01/09/1956,3.4,,,,,24/08/2021,8.5
01/10/1956,3.1,,,,,25/08/2021,8.5
01/11/1956,3.9,,,,,26/08/2021,8.5
01/12/1956,4,,,,,27/08/2021,8.5
01/01/1957,4.9,,,,,28/08/2021,8.5
01/02/1957,4.7,,,,,29/08/2021,8.5
01/03/1957,4.3,,,,,30/08/2021,8.5
01/04/1957,4,,,,,31/08/2021,8.5
01/05/1957,3.9,,,,,01/09/2021,7.7
01/06/1957,4.6,,,,,02/09/2021,7.7
01/07/1957,4.1,,,,,03/09/2021,7.7
01/08/1957,3.7,,,,,04/09/2021,7.7
01/09/1957,3.7,,,,,05/09/2021,7.7
01/10/1957,3.6,,,,,06/09/2021,7.7
01/11/1957,4.6,,,,,07/09/2021,7.7
01/12/1957,5,,,,,08/09/2021,7.7
01/01/1958,6.8,,,,,09/09/2021,7.7
01/02/1958,7.7,,,,,10/09/2021,7.7
01/03/1958,7.7,,,,,11/09/2021,7.7
01/04/1958,7.5,,,,,12/09/2021,7.7
01/05/1958,7.1,,,,,13/09/2021,7.7
01/06/1958,7.6,,,,,14/09/2021,7.7
01/07/1958,7.4,,,,,15/09/2021,7.7
01/08/1958,6.7,,,,,16/09/2021,7.7
01/09/1958,6,,,,,17/09/2021,7.7
01/10/1958,5.5,,,,,18/09/2021,7.7
01/11/1958,5.6,,,,,19/09/2021,7.7
01/12/1958,6,,,,,20/09/2021,7.7
01/01/1959,7,,,,,21/09/2021,7.7
01/02/1959,7,,,,,22/09/2021,7.7
01/03/1959,6.4,,,,,23/09/2021,7.7
01/04/1959,5.2,,,,,24/09/2021,7.7
01/05/1959,4.9,,,,,25/09/2021,7.7
01/06/1959,5.4,,,,,26/09/2021,7.7
01/07/1959,5.2,,,,,27/09/2021,7.7
01/08/1959,4.8,,,,,28/09/2021,7.7
01/09/1959,4.7,,,,,29/09/2021,7.7
01/10/1959,4.7,,,,,30/09/2021,7.7
01/11/1959,5.3,,,,,01/10/2021,6.6
01/12/1959,5.1,,,,,02/10/2021,6.6
01/01/1960,6.1,,,,,03/10/2021,6.6
01/02/1960,5.7,,,,,04/10/2021,6.6
01/03/1960,6.1,,,,,05/10/2021,6.6
01/04/1960,5.2,,,,,06/10/2021,6.6
01/05/1960,4.8,,,,,07/10/2021,6.6
01/06/1960,5.8,,,,,08/10/2021,6.6
01/07/1960,5.5,,,,,09/10/2021,6.6
01/08/1960,5.2,,,,,10/10/2021,6.6
01/09/1960,4.7,,,,,11/10/2021,6.6
01/10/1960,5,,,,,12/10/2021,6.6
01/11/1960,5.6,,,,,13/10/2021,6.6
01/12/1960,6.4,,,,,14/10/2021,6.6
01/01/1961,7.7,,,,,15/10/2021,6.6
01/02/1961,8.1,,,,,16/10/2021,6.6
01/03/1961,7.7,,,,,17/10/2021,6.6
01/04/1961,7,,,,,18/10/2021,6.6
01/05/1961,6.6,,,,,19/10/2021,6.6
01/06/1961,7.3,,,,,20/10/2021,6.6
01/07/1961,6.9,,,,,21/10/2021,6.6
01/08/1961,6.2,,,,,22/10/2021,6.6
01/09/1961,5.8,,,,,23/10/2021,6.6
01/10/1961,5.5,,,,,24/10/2021,6.6
01/11/1961,5.6,,,,,25/10/2021,6.6
01/12/1961,5.8,,,,,26/10/2021,6.6
01/01/1962,6.7,,,,,27/10/2021,6.6
01/02/1962,6.5,,,,,28/10/2021,6.6
01/03/1962,6.2,,,,,29/10/2021,6.6
01/04/1962,5.5,,,,,30/10/2021,6.6
01/05/1962,5.1,,,,,31/10/2021,6.6
01/06/1962,5.9,,,,,01/11/2021,6.4
01/07/1962,5.3,,,,,02/11/2021,6.4
01/08/1962,5.3,,,,,03/11/2021,6.4
01/09/1962,4.9,,,,,04/11/2021,6.4
01/10/1962,4.5,,,,,05/11/2021,6.4
01/11/1962,5.3,,,,,06/11/2021,6.4
01/12/1962,5.3,,,,,07/11/2021,6.4
01/01/1963,6.6,,,,,08/11/2021,6.4
01/02/1963,6.9,,,,,09/11/2021,6.4
01/03/1963,6.3,,,,,10/11/2021,6.4
01/04/1963,5.6,,,,,11/11/2021,6.4
01/05/1963,5.5,,,,,12/11/2021,6.4
01/06/1963,6.2,,,,,13/11/2021,6.4
01/07/1963,5.6,,,,,14/11/2021,6.4
01/08/1963,5.2,,,,,15/11/2021,6.4
01/09/1963,4.8,,,,,16/11/2021,6.4
01/10/1963,4.7,,,,,17/11/2021,6.4
01/11/1963,5.3,,,,,18/11/2021,6.4
01/12/1963,5.3,,,,,19/11/2021,6.4
01/01/1964,6.4,,,,,20/11/2021,6.4
01/02/1964,6.2,,,,,21/11/2021,6.4
01/03/1964,5.9,,,,,22/11/2021,6.4
01/04/1964,5.3,,,,,23/11/2021,6.4
01/05/1964,4.8,,,,,24/11/2021,6.4
01/06/1964,5.9,,,,,25/11/2021,6.4
01/07/1964,4.9,,,,,26/11/2021,6.4
01/08/1964,4.8,,,,,27/11/2021,6.4
01/09/1964,4.5,,,,,28/11/2021,6.4
01/10/1964,4.4,,,,,29/11/2021,6.4
01/11/1964,4.5,,,,,30/11/2021,6.4
01/12/1964,4.7,,,,,01/12/2021,6.5
01/01/1965,5.5,,,,,02/12/2021,6.5
01/02/1965,5.7,,,,,03/12/2021,6.5
01/03/1965,5.1,,,,,04/12/2021,6.5
01/04/1965,4.7,,,,,05/12/2021,6.5
01/05/1965,4.3,,,,,06/12/2021,6.5
01/06/1965,5.3,,,,,07/12/2021,6.5
01/07/1965,4.5,,,,,08/12/2021,6.5
01/08/1965,4.2,,,,,09/12/2021,6.5
01/09/1965,3.8,,,,,10/12/2021,6.5
01/10/1965,3.6,,,,,11/12/2021,6.5
01/11/1965,3.9,,,,,12/12/2021,6.5
01/12/1965,3.7,,,,,13/12/2021,6.5
01/01/1966,4.4,,,,,14/12/2021,6.5
01/02/1966,4.2,,,,,15/12/2021,6.5
01/03/1966,4,,,,,16/12/2021,6.5
01/04/1966,3.6,,,,,17/12/2021,6.5
01/05/1966,3.7,,,,,18/12/2021,6.5
01/06/1966,4.6,,,,,19/12/2021,6.5
01/07/1966,3.9,,,,,20/12/2021,6.5
01/08/1966,3.6,,,,,21/12/2021,6.5
01/09/1966,3.3,,,,,22/12/2021,6.5
01/10/1966,3.2,,,,,23/12/2021,6.5
01/11/1966,3.4,,,,,24/12/2021,6.5
01/12/1966,3.5,,,,,25/12/2021,6.5
01/01/1967,4.2,,,,,26/12/2021,6.5
01/02/1967,4.2,,,,,27/12/2021,6.5
01/03/1967,3.9,,,,,28/12/2021,6.5
01/04/1967,3.5,,,,,29/12/2021,6.5
01/05/1967,3.2,,,,,30/12/2021,6.5
01/06/1967,4.6,,,,,31/12/2021,6.5
01/07/1967,4.1,,,,,01/01/2022,6.8
01/08/1967,3.7,,,,,02/01/2022,6.8
01/09/1967,3.7,,,,,03/01/2022,6.8
01/10/1967,3.8,,,,,04/01/2022,6.8
01/11/1967,3.7,,,,,05/01/2022,6.8
01/12/1967,3.5,,,,,06/01/2022,6.8
01/01/1968,4,,,,,07/01/2022,6.8
01/02/1968,4.2,,,,,08/01/2022,6.8
01/03/1968,3.8,,,,,09/01/2022,6.8
01/04/1968,3.2,,,,,10/01/2022,6.8
01/05/1968,2.9,,,,,11/01/2022,6.8
01/06/1968,4.5,,,,,12/01/2022,6.8
01/07/1968,4,,,,,13/01/2022,6.8
01/08/1968,3.5,,,,,14/01/2022,6.8
01/09/1968,3.3,,,,,15/01/2022,6.8
01/10/1968,3.2,,,,,16/01/2022,6.8
01/11/1968,3.3,,,,,17/01/2022,6.8
01/12/1968,3.1,,,,,18/01/2022,6.8
01/01/1969,3.7,,,,,19/01/2022,6.8
01/02/1969,3.7,,,,,20/01/2022,6.8
01/03/1969,3.5,,,,,21/01/2022,6.8
01/04/1969,3.2,,,,,22/01/2022,6.8
01/05/1969,2.9,,,,,23/01/2022,6.8
01/06/1969,4.1,,,,,24/01/2022,6.8
01/07/1969,3.8,,,,,25/01/2022,6.8
01/08/1969,3.5,,,,,26/01/2022,6.8
01/09/1969,3.7,,,,,27/01/2022,6.8
01/10/1969,3.5,,,,,28/01/2022,6.8
01/11/1969,3.3,,,,,29/01/2022,6.8
01/12/1969,3.2,,,,,30/01/2022,6.8
01/01/1970,4.2,,,,,31/01/2022,6.8
01/02/1970,4.7,,,,,01/02/2022,6.6
01/03/1970,4.6,,,,,02/02/2022,6.6
01/04/1970,4.3,,,,,03/02/2022,6.6
01/05/1970,4.1,,,,,04/02/2022,6.6
01/06/1970,5.6,,,,,05/02/2022,6.6
01/07/1970,5.3,,,,,06/02/2022,6.6
01/08/1970,5,,,,,07/02/2022,6.6
01/09/1970,5.2,,,,,08/02/2022,6.6
01/10/1970,5.1,,,,,09/02/2022,6.6
01/11/1970,5.5,,,,,10/02/2022,6.6
01/12/1970,5.6,,,,,11/02/2022,6.6
01/01/1971,6.6,,,,,12/02/2022,6.6
01/02/1971,6.6,,,,,13/02/2022,6.6
01/03/1971,6.3,,,,,14/02/2022,6.6
01/04/1971,5.7,,,,,15/02/2022,6.6
01/05/1971,5.3,,,,,16/02/2022,6.6
01/06/1971,6.5,,,,,17/02/2022,6.6
01/07/1971,6.2,,,,,18/02/2022,6.6
01/08/1971,5.9,,,,,19/02/2022,6.6
01/09/1971,5.8,,,,,20/02/2022,6.6
01/10/1971,5.4,,,,,21/02/2022,6.6
01/11/1971,5.7,,,,,22/02/2022,6.6
01/12/1971,5.5,,,,,23/02/2022,6.6
01/01/1972,6.5,,,,,24/02/2022,6.6
01/02/1972,6.4,,,,,25/02/2022,6.6
01/03/1972,6.1,,,,,26/02/2022,6.6
01/04/1972,5.5,,,,,27/02/2022,6.6
01/05/1972,5.1,,,,,28/02/2022,6.6
01/06/1972,6.2,,,,,01/03/2022,6.2
01/07/1972,5.9,,,,,02/03/2022,6.2
01/08/1972,5.5,,,,,03/03/2022,6.2
01/09/1972,5.4,,,,,04/03/2022,6.2
01/10/1972,5.1,,,,,05/03/2022,6.2
01/11/1972,4.9,,,,,06/03/2022,6.2
01/12/1972,4.8,,,,,07/03/2022,6.2
01/01/1973,5.5,,,,,08/03/2022,6.2
01/02/1973,5.6,,,,,09/03/2022,6.2
01/03/1973,5.2,,,,,10/03/2022,6.2
01/04/1973,4.8,,,,,11/03/2022,6.2
01/05/1973,4.4,,,,,12/03/2022,6.2
01/06/1973,5.4,,,,,13/03/2022,6.2
01/07/1973,5,,,,,14/03/2022,6.2
01/08/1973,4.7,,,,,15/03/2022,6.2
01/09/1973,4.7,,,,,16/03/2022,6.2
01/10/1973,4.2,,,,,17/03/2022,6.2
01/11/1973,4.6,,,,,18/03/2022,6.2
01/12/1973,4.6,,,,,19/03/2022,6.2
01/01/1974,5.7,,,,,20/03/2022,6.2
01/02/1974,5.8,,,,,21/03/2022,6.2
01/03/1974,5.3,,,,,22/03/2022,6.2
01/04/1974,4.8,,,,,23/03/2022,6.2
01/05/1974,4.6,,,,,24/03/2022,6.2
01/06/1974,5.8,,,,,25/03/2022,6.2
01/07/1974,5.7,,,,,26/03/2022,6.2
01/08/1974,5.3,,,,,27/03/2022,6.2
01/09/1974,5.7,,,,,28/03/2022,6.2
01/10/1974,5.5,,,,,29/03/2022,6.2
01/11/1974,6.2,,,,,30/03/2022,6.2
01/12/1974,6.7,,,,,31/03/2022,6.2
01/01/1975,9,,,,,01/04/2022,5.7
01/02/1975,9.1,,,,,02/04/2022,5.7
01/03/1975,9.1,,,,,03/04/2022,5.7
01/04/1975,8.6,,,,,04/04/2022,5.7
01/05/1975,8.3,,,,,05/04/2022,5.7
01/06/1975,9.1,,,,,06/04/2022,5.7
01/07/1975,8.7,,,,,07/04/2022,5.7
01/08/1975,8.2,,,,,08/04/2022,5.7
01/09/1975,8.1,,,,,09/04/2022,5.7
01/10/1975,7.8,,,,,10/04/2022,5.7
01/11/1975,7.8,,,,,11/04/2022,5.7
01/12/1975,7.8,,,,,12/04/2022,5.7
01/01/1976,8.8,,,,,13/04/2022,5.7
01/02/1976,8.7,,,,,14/04/2022,5.7
01/03/1976,8.1,,,,,15/04/2022,5.7
01/04/1976,7.4,,,,,16/04/2022,5.7
01/05/1976,6.8,,,,,17/04/2022,5.7
01/06/1976,8,,,,,18/04/2022,5.7
01/07/1976,7.8,,,,,19/04/2022,5.7
01/08/1976,7.6,,,,,20/04/2022,5.7
01/09/1976,7.4,,,,,21/04/2022,5.7
01/10/1976,7.2,,,,,22/04/2022,5.7
01/11/1976,7.4,,,,,23/04/2022,5.7
01/12/1976,7.4,,,,,24/04/2022,5.7
01/01/1977,8.3,,,,,25/04/2022,5.7
01/02/1977,8.5,,,,,26/04/2022,5.7
01/03/1977,7.9,,,,,27/04/2022,5.7
01/04/1977,6.9,,,,,28/04/2022,5.7
01/05/1977,6.4,,,,,29/04/2022,5.7
01/06/1977,7.5,,,,,30/04/2022,5.7
01/07/1977,7,,,,,01/05/2022,5.5
01/08/1977,6.8,,,,,02/05/2022,5.5
01/09/1977,6.6,,,,,03/05/2022,5.5
01/10/1977,6.4,,,,,04/05/2022,5.5
01/11/1977,6.5,,,,,05/05/2022,5.5
01/12/1977,6,,,,,06/05/2022,5.5
01/01/1978,7.1,,,,,07/05/2022,5.5
01/02/1978,6.9,,,,,08/05/2022,5.5
01/03/1978,6.6,,,,,09/05/2022,5.5
01/04/1978,5.8,,,,,10/05/2022,5.5
01/05/1978,5.5,,,,,11/05/2022,5.5
01/06/1978,6.2,,,,,12/05/2022,5.5
01/07/1978,6.3,,,,,13/05/2022,5.5
01/08/1978,5.9,,,,,14/05/2022,5.5
01/09/1978,5.8,,,,,15/05/2022,5.5
01/10/1978,5.4,,,,,16/05/2022,5.5
01/11/1978,5.6,,,,,17/05/2022,5.5
01/12/1978,5.7,,,,,18/05/2022,5.5
01/01/1979,6.4,,,,,19/05/2022,5.5
01/02/1979,6.4,,,,,20/05/2022,5.5
01/03/1979,6.1,,,,,21/05/2022,5.5
01/04/1979,5.5,,,,,22/05/2022,5.5
01/05/1979,5.2,,,,,23/05/2022,5.5
01/06/1979,6,,,,,24/05/2022,5.5
01/07/1979,5.9,,,,,25/05/2022,5.5
01/08/1979,5.9,,,,,26/05/2022,5.5
01/09/1979,5.7,,,,,27/05/2022,5.5
01/10/1979,5.6,,,,,28/05/2022,5.5
01/11/1979,5.6,,,,,29/05/2022,5.5
01/12/1979,5.7,,,,,30/05/2022,5.5
01/01/1980,6.9,,,,,31/05/2022,5.5
01/02/1980,6.8,,,,,,
01/03/1980,6.6,,,,,,
01/04/1980,6.7,,,,,,
01/05/1980,7.1,,,,,,
01/06/1980,7.8,,,,,,
01/07/1980,7.9,,,,,,
01/08/1980,7.6,,,,,,
01/09/1980,7.2,,,,,,
01/10/1980,7.1,,,,,,
01/11/1980,7.1,,,,,,
01/12/1980,6.9,,,,,,
01/01/1981,8.2,,,,,,
01/02/1981,8,,,,,,
01/03/1981,7.7,,,,,,
01/04/1981,7,,,,,,
01/05/1981,7.1,,,,,,
01/06/1981,7.7,,,,,,
01/07/1981,7.3,,,,,,
01/08/1981,7.2,,,,,,
01/09/1981,7.3,,,,,,
01/10/1981,7.5,,,,,,
01/11/1981,7.9,,,,,,
01/12/1981,8.3,,,,,,
01/01/1982,9.4,,,,,,
01/02/1982,9.6,,,,,,
01/03/1982,9.5,,,,,,
01/04/1982,9.2,,,,,,
01/05/1982,9.1,,,,,,
01/06/1982,9.8,,,,,,
01/07/1982,9.8,,,,,,
01/08/1982,9.6,,,,,,
01/09/1982,9.7,,,,,,
01/10/1982,9.9,,,,,,
01/11/1982,10.4,,,,,,
01/12/1982,10.5,,,,,,
01/01/1983,11.4,,,,,,
01/02/1983,11.3,,,,,,
01/03/1983,10.8,,,,,,
01/04/1983,10,,,,,,
01/05/1983,9.8,,,,,,
01/06/1983,10.2,,,,,,
01/07/1983,9.4,,,,,,
01/08/1983,9.2,,,,,,
01/09/1983,8.8,,,,,,
01/10/1983,8.4,,,,,,
01/11/1983,8.1,,,,,,
01/12/1983,8,,,,,,
01/01/1984,8.8,,,,,,
01/02/1984,8.4,,,,,,
01/03/1984,8.1,,,,,,
01/04/1984,7.6,,,,,,
01/05/1984,7.2,,,,,,
01/06/1984,7.4,,,,,,
01/07/1984,7.5,,,,,,
01/08/1984,7.3,,,,,,
01/09/1984,7.1,,,,,,
01/10/1984,7,,,,,,
01/11/1984,6.9,,,,,,
01/12/1984,7,,,,,,
01/01/1985,8,,,,,,
01/02/1985,7.8,,,,,,
01/03/1985,7.5,,,,,,
01/04/1985,7.1,,,,,,
01/05/1985,7,,,,,,
01/06/1985,7.5,,,,,,
01/07/1985,7.4,,,,,,
01/08/1985,6.9,,,,,,
01/09/1985,6.9,,,,,,
01/10/1985,6.8,,,,,,
01/11/1985,6.7,,,,,,
01/12/1985,6.7,,,,,,
01/01/1986,7.3,,,,,,
01/02/1986,7.8,,,,,,
01/03/1986,7.5,,,,,,
01/04/1986,7,,,,,,
01/05/1986,7,,,,,,
01/06/1986,7.3,,,,,,
01/07/1986,7,,,,,,
01/08/1986,6.7,,,,,,
01/09/1986,6.8,,,,,,
01/10/1986,6.6,,,,,,
01/11/1986,6.6,,,,,,
01/12/1986,6.3,,,,,,
01/01/1987,7.3,,,,,,
01/02/1987,7.2,,,,,,
01/03/1987,6.9,,,,,,
01/04/1987,6.2,,,,,,
01/05/1987,6.1,,,,,,
01/06/1987,6.3,,,,,,
01/07/1987,6.1,,,,,,
01/08/1987,5.8,,,,,,
01/09/1987,5.7,,,,,,
01/10/1987,5.7,,,,,,
01/11/1987,5.6,,,,,,
01/12/1987,5.4,,,,,,
01/01/1988,6.3,,,,,,
01/02/1988,6.2,,,,,,
01/03/1988,5.9,,,,,,
01/04/1988,5.3,,,,,,
01/05/1988,5.4,,,,,,
01/06/1988,5.5,,,,,,
01/07/1988,5.5,,,,,,
01/08/1988,5.4,,,,,,
01/09/1988,5.2,,,,,,
01/10/1988,5,,,,,,
01/11/1988,5.2,,,,,,
01/12/1988,5,,,,,,
01/01/1989,6,,,,,,
01/02/1989,5.6,,,,,,
01/03/1989,5.2,,,,,,
01/04/1989,5.1,,,,,,
01/05/1989,5,,,,,,
01/06/1989,5.5,,,,,,
01/07/1989,5.3,,,,,,
01/08/1989,5.1,,,,,,
01/09/1989,5.1,,,,,,
01/10/1989,5,,,,,,
01/11/1989,5.2,,,,,,
01/12/1989,5.1,,,,,,
01/01/1990,6,,,,,,
01/02/1990,5.9,,,,,,
01/03/1990,5.5,,,,,,
01/04/1990,5.3,,,,,,
01/05/1990,5.2,,,,,,
01/06/1990,5.4,,,,,,
01/07/1990,5.6,,,,,,
01/08/1990,5.5,,,,,,
01/09/1990,5.6,,,,,,
01/10/1990,5.5,,,,,,
01/11/1990,5.9,,,,,,
01/12/1990,6,,,,,,
01/01/1991,7.1,,,,,,
01/02/1991,7.3,,,,,,
01/03/1991,7.2,,,,,,
01/04/1991,6.5,,,,,,
01/05/1991,6.7,,,,,,
01/06/1991,7,,,,,,
01/07/1991,6.8,,,,,,
01/08/1991,6.6,,,,,,
01/09/1991,6.5,,,,,,
01/10/1991,6.5,,,,,,
01/11/1991,6.7,,,,,,
01/12/1991,6.9,,,,,,
01/01/1992,8.1,,,,,,
01/02/1992,8.2,,,,,,
01/03/1992,7.8,,,,,,
01/04/1992,7.2,,,,,,
01/05/1992,7.3,,,,,,
01/06/1992,8,,,,,,
01/07/1992,7.7,,,,,,
01/08/1992,7.4,,,,,,
01/09/1992,7.3,,,,,,
01/10/1992,6.9,,,,,,
01/11/1992,7.1,,,,,,
01/12/1992,7.1,,,,,,
01/01/1993,8,,,,,,
01/02/1993,7.8,,,,,,
01/03/1993,7.4,,,,,,
01/04/1993,6.9,,,,,,
01/05/1993,6.8,,,,,,
01/06/1993,7.2,,,,,,
01/07/1993,7,,,,,,
01/08/1993,6.6,,,,,,
01/09/1993,6.4,,,,,,
01/10/1993,6.4,,,,,,
01/11/1993,6.2,,,,,,
01/12/1993,6.1,,,,,,
01/01/1994,7.3,,,,,,
01/02/1994,7.1,,,,,,
01/03/1994,6.8,,,,,,
01/04/1994,6.2,,,,,,
01/05/1994,5.9,,,,,,
01/06/1994,6.2,,,,,,
01/07/1994,6.2,,,,,,
01/08/1994,5.9,,,,,,
01/09/1994,5.6,,,,,,
01/10/1994,5.4,,,,,,
01/11/1994,5.3,,,,,,
01/12/1994,5.1,,,,,,
01/01/1995,6.2,,,,,,
01/02/1995,5.9,,,,,,
01/03/1995,5.7,,,,,,
01/04/1995,5.6,,,,,,
01/05/1995,5.5,,,,,,
01/06/1995,5.8,,,,,,
01/07/1995,5.9,,,,,,
01/08/1995,5.6,,,,,,
01/09/1995,5.4,,,,,,
01/10/1995,5.2,,,,,,
01/11/1995,5.3,,,,,,
01/12/1995,5.2,,,,,,
01/01/1996,6.3,,,,,,
01/02/1996,6,,,,,,
01/03/1996,5.8,,,,,,
01/04/1996,5.4,,,,,,
01/05/1996,5.4,,,,,,
01/06/1996,5.5,,,,,,
01/07/1996,5.6,,,,,,
01/08/1996,5.1,,,,,,
01/09/1996,5,,,,,,
01/10/1996,4.9,,,,,,
01/11/1996,5,,,,,,
01/12/1996,5,,,,,,
01/01/1997,5.9,,,,,,
01/02/1997,5.7,,,,,,
01/03/1997,5.5,,,,,,
01/04/1997,4.8,,,,,,
01/05/1997,4.7,,,,,,
01/06/1997,5.2,,,,,,
01/07/1997,5,,,,,,
01/08/1997,4.8,,,,,,
01/09/1997,4.7,,,,,,
01/10/1997,4.4,,,,,,
01/11/1997,4.3,,,,,,
01/12/1997,4.4,,,,,,
01/01/1998,5.2,,,,,,
01/02/1998,5,,,,,,
01/03/1998,5,,,,,,
01/04/1998,4.1,,,,,,
01/05/1998,4.2,,,,,,
01/06/1998,4.7,,,,,,
01/07/1998,4.7,,,,,,
01/08/1998,4.5,,,,,,
01/09/1998,4.4,,,,,,
01/10/1998,4.2,,,,,,
01/11/1998,4.1,,,,,,
01/12/1998,4,,,,,,
01/01/1999,4.8,,,,,,
01/02/1999,4.7,,,,,,
01/03/1999,4.4,,,,,,
01/04/1999,4.1,,,,,,
01/05/1999,4,,,,,,
01/06/1999,4.5,,,,,,
01/07/1999,4.5,,,,,,
01/08/1999,4.2,,,,,,
01/09/1999,4.1,,,,,,
01/10/1999,3.8,,,,,,
01/11/1999,3.8,,,,,,
01/12/1999,3.7,,,,,,
01/01/2000,4.5,,,,,,
01/02/2000,4.4,,,,,,
01/03/2000,4.3,,,,,,
01/04/2000,3.7,,,,,,
01/05/2000,3.8,,,,,,
01/06/2000,4.1,,,,,,
01/07/2000,4.2,,,,,,
01/08/2000,4.1,,,,,,
01/09/2000,3.8,,,,,,
01/10/2000,3.6,,,,,,
01/11/2000,3.7,,,,,,
01/12/2000,3.7,,,,,,
01/01/2001,4.7,,,,,,
01/02/2001,4.6,,,,,,
01/03/2001,4.5,,,,,,
01/04/2001,4.2,,,,,,
01/05/2001,4.1,,,,,,
01/06/2001,4.7,,,,,,
01/07/2001,4.7,,,,,,
01/08/2001,4.9,,,,,,
01/09/2001,4.7,,,,,,
01/10/2001,5,,,,,,
01/11/2001,5.3,,,,,,
01/12/2001,5.4,,,,,,
01/01/2002,6.3,,,,,,
01/02/2002,6.1,,,,,,
01/03/2002,6.1,,,,,,
01/04/2002,5.7,,,,,,
01/05/2002,5.5,,,,,,
01/06/2002,6,,,,,,
01/07/2002,5.9,,,,,,
01/08/2002,5.7,,,,,,
01/09/2002,5.4,,,,,,
01/10/2002,5.3,,,,,,
01/11/2002,5.6,,,,,,
01/12/2002,5.7,,,,,,
01/01/2003,6.5,,,,,,
01/02/2003,6.4,,,,,,
01/03/2003,6.2,,,,,,
01/04/2003,5.8,,,,,,
01/05/2003,5.8,,,,,,
01/06/2003,6.5,,,,,,
01/07/2003,6.3,,,,,,
01/08/2003,6,,,,,,
01/09/2003,5.8,,,,,,
01/10/2003,5.6,,,,,,
01/11/2003,5.6,,,,,,
01/12/2003,5.4,,,,,,
01/01/2004,6.3,,,,,,
01/02/2004,6,,,,,,
01/03/2004,6,,,,,,
01/04/2004,5.4,,,,,,
01/05/2004,5.3,,,,,,
01/06/2004,5.8,,,,,,
01/07/2004,5.7,,,,,,
01/08/2004,5.4,,,,,,
01/09/2004,5.1,,,,,,
01/10/2004,5.1,,,,,,
01/11/2004,5.2,,,,,,
01/12/2004,5.1,,,,,,
01/01/2005,5.7,,,,,,
01/02/2005,5.8,,,,,,
01/03/2005,5.4,,,,,,
01/04/2005,4.9,,,,,,
01/05/2005,4.9,,,,,,
01/06/2005,5.2,,,,,,
01/07/2005,5.2,,,,,,
01/08/2005,4.9,,,,,,
01/09/2005,4.8,,,,,,
01/10/2005,4.6,,,,,,
01/11/2005,4.8,,,,,,
01/12/2005,4.6,,,,,,
01/01/2006,5.1,,,,,,
01/02/2006,5.1,,,,,,
01/03/2006,4.8,,,,,,
01/04/2006,4.5,,,,,,
01/05/2006,4.4,,,,,,
01/06/2006,4.8,,,,,,
01/07/2006,5,,,,,,
01/08/2006,4.6,,,,,,
01/09/2006,4.4,,,,,,
01/10/2006,4.1,,,,,,
01/11/2006,4.3,,,,,,
01/12/2006,4.3,,,,,,
01/01/2007,5,,,,,,
01/02/2007,4.9,,,,,,
01/03/2007,4.5,,,,,,
01/04/2007,4.3,,,,,,
01/05/2007,4.3,,,,,,
01/06/2007,4.7,,,,,,
01/07/2007,4.9,,,,,,
01/08/2007,4.6,,,,,,
01/09/2007,4.5,,,,,,
01/10/2007,4.4,,,,,,
01/11/2007,4.5,,,,,,
01/12/2007,4.8,,,,,,
01/01/2008,5.4,,,,,,
01/02/2008,5.2,,,,,,
01/03/2008,5.2,,,,,,
01/04/2008,4.8,,,,,,
01/05/2008,5.2,,,,,,
01/06/2008,5.7,,,,,,
01/07/2008,6,,,,,,
01/08/2008,6.1,,,,,,
01/09/2008,6,,,,,,
01/10/2008,6.1,,,,,,
01/11/2008,6.5,,,,,,
01/12/2008,7.1,,,,,,
01/01/2009,8.5,,,,,,
01/02/2009,8.9,,,,,,
01/03/2009,9,,,,,,
01/04/2009,8.6,,,,,,
01/05/2009,9.1,,,,,,
01/06/2009,9.7,,,,,,
01/07/2009,9.7,,,,,,
01/08/2009,9.6,,,,,,
01/09/2009,9.5,,,,,,
01/10/2009,9.5,,,,,,
01/11/2009,9.4,,,,,,
01/12/2009,9.7,,,,,,
01/01/2010,10.6,,,,,,
01/02/2010,10.4,,,,,,
01/03/2010,10.2,,,,,,
01/04/2010,9.5,,,,,,
01/05/2010,9.3,,,,,,
01/06/2010,9.6,,,,,,
01/07/2010,9.7,,,,,,
01/08/2010,9.5,,,,,,
01/09/2010,9.2,,,,,,
01/10/2010,9,,,,,,
01/11/2010,9.3,,,,,,
01/12/2010,9.1,,,,,,
01/01/2011,9.8,,,,,,
01/02/2011,9.5,,,,,,
01/03/2011,9.2,,,,,,
01/04/2011,8.7,,,,,,
01/05/2011,8.7,,,,,,
01/06/2011,9.3,,,,,,
01/07/2011,9.3,,,,,,
01/08/2011,9.1,,,,,,
01/09/2011,8.8,,,,,,
01/10/2011,8.5,,,,,,
01/11/2011,8.2,,,,,,
01/12/2011,8.3,,,,,,
01/01/2012,8.8,,,,,,
01/02/2012,8.7,,,,,,
01/03/2012,8.4,,,,,,
01/04/2012,7.7,,,,,,
01/05/2012,7.9,,,,,,
01/06/2012,8.4,,,,,,
01/07/2012,8.6,,,,,,
01/08/2012,8.2,,,,,,
01/09/2012,7.6,,,,,,
01/10/2012,7.5,,,,,,
01/11/2012,7.4,,,,,,
01/12/2012,7.6,,,,,,
01/01/2013,8.5,,,,,,
01/02/2013,8.1,,,,,,
01/03/2013,7.6,,,,,,
01/04/2013,7.1,,,,,,
01/05/2013,7.3,,,,,,
01/06/2013,7.8,,,,,,
01/07/2013,7.7,,,,,,
01/08/2013,7.3,,,,,,
01/09/2013,7,,,,,,
01/10/2013,7,,,,,,
01/11/2013,6.6,,,,,,
01/12/2013,6.5,,,,,,
01/01/2014,7,,,,,,
01/02/2014,7,,,,,,
01/03/2014,6.8,,,,,,
01/04/2014,5.9,,,,,,
01/05/2014,6.1,,,,,,
01/06/2014,6.3,,,,,,
01/07/2014,6.5,,,,,,
01/08/2014,6.3,,,,,,
01/09/2014,5.7,,,,,,
01/10/2014,5.5,,,,,,
01/11/2014,5.5,,,,,,
01/12/2014,5.4,,,,,,
01/01/2015,6.1,,,,,,
01/02/2015,5.8,,,,,,
01/03/2015,5.6,,,,,,
01/04/2015,5.1,,,,,,
01/05/2015,5.3,,,,,,
01/06/2015,5.5,,,,,,
01/07/2015,5.6,,,,,,
01/08/2015,5.2,,,,,,
01/09/2015,4.9,,,,,,
01/10/2015,4.8,,,,,,
01/11/2015,4.8,,,,,,
01/12/2015,4.8,,,,,,
01/01/2016,5.3,,,,,,
01/02/2016,5.2,,,,,,
01/03/2016,5.1,,,,,,
01/04/2016,4.7,,,,,,
01/05/2016,4.5,,,,,,
01/06/2016,5.1,,,,,,
01/07/2016,5.1,,,,,,
01/08/2016,5,,,,,,
01/09/2016,4.8,,,,,,
01/10/2016,4.7,,,,,,
01/11/2016,4.4,,,,,,
01/12/2016,4.5,,,,,,
01/01/2017,5.1,,,,,,
01/02/2017,4.9,,,,,,
01/03/2017,4.6,,,,,,
01/04/2017,4.1,,,,,,
01/05/2017,4.1,,,,,,
01/06/2017,4.5,,,,,,
01/07/2017,4.6,,,,,,
01/08/2017,4.5,,,,,,
01/09/2017,4.1,,,,,,
01/10/2017,3.9,,,,,,
01/11/2017,3.9,,,,,,
01/12/2017,3.9,,,,,,
01/01/2018,4.5,,,,,,
01/02/2018,4.4,,,,,,
01/03/2018,4.1,,,,,,
01/04/2018,3.7,,,,,,
01/05/2018,3.6,,,,,,
01/06/2018,4.2,,,,,,
01/07/2018,4.1,,,,,,
01/08/2018,3.9,,,,,,
01/09/2018,3.6,,,,,,
01/10/2018,3.5,,,,,,
01/11/2018,3.5,,,,,,
01/12/2018,3.7,,,,,,
01/01/2019,4.4,,,,,,
01/02/2019,4.1,,,,,,
01/03/2019,3.9,,,,,,
01/04/2019,3.3,,,,,,
01/05/2019,3.4,,,,,,
01/06/2019,3.8,,,,,,
01/07/2019,4,,,,,,
01/08/2019,3.8,,,,,,
01/09/2019,3.3,,,,,,
01/10/2019,3.3,,,,,,
01/11/2019,3.3,,,,,,
01/12/2019,3.4,,,,,,
01/01/2020,4,,,,,,
01/02/2020,3.8,,,,,,
01/03/2020,4.5,,,,,,
01/04/2020,14.4,,,,,,
01/05/2020,13,,,,,,
01/06/2020,11.2,,,,,,
01/07/2020,10.5,,,,,,
01/08/2020,8.5,,,,,,
01/09/2020,7.7,,,,,,
01/10/2020,6.6,,,,,,
01/11/2020,6.4,,,,,,
01/12/2020,6.5,,,,,,
01/01/2021,6.8,,,,,,
01/02/2021,6.6,,,,,,
01/03/2021,6.2,,,,,,
01/04/2021,5.7,,,,,,
01/05/2021,5.5,,,,,,
01/06/2021,6.1,,,,,,
01/07/2021,5.7,,,,,,
01/08/2021,5.3,,,,,,
01/09/2021,4.6,,,,,,
01/10/2021,4.3,,,,,,
01/11/2021,3.9,,,,,,
01/12/2021,3.7,,,,,,
01/01/2022,4.4,,,,,,
01/02/2022,4.1,,,,,,
01/03/2022,3.8,,,,,,
01/04/2022,3.3,,,,,,
01/05/2022,3.4,,,,,,