DATE,WM2NS,,,,,,
03/11/1980,1595.2,,11/05/2020,,,12/05/2021,17678.2
10/11/1980,1601.2,,18/05/2020,,,13/05/2021,17678.2
17/11/1980,1602.9,,25/05/2020,,,14/05/2021,17678.2
24/11/1980,1594.8,,01/06/2020,,,15/05/2021,17678.2
01/12/1980,1599.8,,08/06/2020,,,16/05/2021,17678.2
08/12/1980,1605.3,,15/06/2020,,,17/05/2021,17678.2
15/12/1980,1606.3,,22/06/2020,,,18/05/2021,17810
22/12/1980,1602.5,,29/06/2020,,,19/05/2021,17810
29/12/1980,1601.8,,06/07/2020,,,20/05/2021,17810
05/01/1981,1620.7,,13/07/2020,,,21/05/2021,17810
12/01/1981,1616.7,,20/07/2020,,,22/05/2021,17810
19/01/1981,1614.4,,27/07/2020,,,23/05/2021,17810
26/01/1981,1599.8,,03/08/2020,,,24/05/2021,17810
02/02/1981,1601,,10/08/2020,,,25/05/2021,17784.7
09/02/1981,1610.7,,17/08/2020,,,26/05/2021,17784.7
16/02/1981,1611.8,,24/08/2020,,,27/05/2021,17784.7
23/02/1981,1609,,31/08/2020,,,28/05/2021,17784.7
02/03/1981,1615.7,,07/09/2020,,,29/05/2021,17784.7
09/03/1981,1629.4,,14/09/2020,,,30/05/2021,17784.7
16/03/1981,1633.5,,21/09/2020,,,31/05/2021,17784.7
23/03/1981,1630.9,,28/09/2020,,,01/06/2021,17915.4
30/03/1981,1637.5,,05/10/2020,,,02/06/2021,17915.4
06/04/1981,1663.6,,12/10/2020,,,03/06/2021,17915.4
13/04/1981,1669.5,,19/10/2020,,,04/06/2021,17915.4
20/04/1981,1672.1,,26/10/2020,,,05/06/2021,17915.4
27/04/1981,1657.1,,02/11/2020,,,06/06/2021,17915.4
04/05/1981,1657.3,,09/11/2020,,,07/06/2021,17915.4
11/05/1981,1659.1,,16/11/2020,,,08/06/2021,18026.7
18/05/1981,1655.8,,23/11/2020,,,09/06/2021,18026.7
25/05/1981,1648.4,,30/11/2020,,,10/06/2021,18026.7
01/06/1981,1656.7,,07/12/2020,,,11/06/2021,18026.7
08/06/1981,1667.5,,14/12/2020,,,12/06/2021,18026.7
15/06/1981,1671.1,,21/12/2020,,,13/06/2021,18026.7
22/06/1981,1665.4,,28/12/2020,,,14/06/2021,18026.7
29/06/1981,1661.8,,04/01/2021,,,15/06/2021,18115.3
06/07/1981,1688.5,,11/01/2021,,,16/06/2021,18115.3
13/07/1981,1687.5,,18/01/2021,,,17/06/2021,18115.3
20/07/1981,1685.6,,25/01/2021,,,18/06/2021,18115.3
27/07/1981,1679.3,,01/02/2021,,,19/06/2021,18115.3
03/08/1981,1687.4,,08/02/2021,,,20/06/2021,18115.3
10/08/1981,1699.3,,15/02/2021,,,21/06/2021,18115.3
17/08/1981,1695.9,,22/02/2021,,,22/06/2021,18106.4
24/08/1981,1690.5,,01/03/2021,,,23/06/2021,18106.4
31/08/1981,1693.3,,08/03/2021,,,24/06/2021,18106.4
07/09/1981,1706.4,,15/03/2021,,,25/06/2021,18106.4
14/09/1981,1714.4,,22/03/2021,,,26/06/2021,18106.4
21/09/1981,1706.1,,29/03/2021,,,27/06/2021,18106.4
28/09/1981,1697.7,,05/04/2021,,,28/06/2021,18106.4
05/10/1981,1722.1,,12/04/2021,,,29/06/2021,18160.5
12/10/1981,1729.4,,19/04/2021,,,30/06/2021,18160.5
19/10/1981,1729.5,,26/04/2021,,,01/07/2021,18160.5
26/10/1981,1720.8,,03/05/2021,,,02/07/2021,18160.5
02/11/1981,1728.3,,10/05/2021,,,03/07/2021,18160.5
09/11/1981,1740.8,,17/05/2021,,,04/07/2021,18160.5
16/11/1981,1743.8,,24/05/2021,,,05/07/2021,18160.5
23/11/1981,1735.2,,31/05/2021,,,06/07/2021,18343.8
30/11/1981,1744.6,,,,,07/07/2021,18343.8
07/12/1981,1759.2,,,,,08/07/2021,18343.8
14/12/1981,1759.1,,,,,09/07/2021,18343.8
21/12/1981,1760.2,,,,,10/07/2021,18343.8
28/12/1981,1758.2,,,,,11/07/2021,18343.8
04/01/1982,1780.1,,,,,12/07/2021,18343.8
11/01/1982,1783.3,,,,,13/07/2021,18346.7
18/01/1982,1776.5,,,,,14/07/2021,18346.7
25/01/1982,1761.4,,,,,15/07/2021,18346.7
01/02/1982,1762.5,,,,,16/07/2021,18346.7
08/02/1982,1767.9,,,,,17/07/2021,18346.7
15/02/1982,1767.1,,,,,18/07/2021,18346.7
22/02/1982,1761.3,,,,,19/07/2021,18346.7
01/03/1982,1765.5,,,,,20/07/2021,18245.4
08/03/1982,1779.6,,,,,21/07/2021,18245.4
15/03/1982,1782.9,,,,,22/07/2021,18245.4
22/03/1982,1779.7,,,,,23/07/2021,18245.4
29/03/1982,1780.8,,,,,24/07/2021,18245.4
05/04/1982,1808.5,,,,,25/07/2021,18245.4
12/04/1982,1816.3,,,,,26/07/2021,18245.4
19/04/1982,1813.8,,,,,27/07/2021,18112.2
26/04/1982,1799.4,,,,,28/07/2021,18112.2
03/05/1982,1795.3,,,,,29/07/2021,18112.2
10/05/1982,1805,,,,,30/07/2021,18112.2
17/05/1982,1804.9,,,,,31/07/2021,18112.2
24/05/1982,1801.9,,,,,01/08/2021,18112.2
31/05/1982,1808.8,,,,,02/08/2021,18112.2
07/06/1982,1825.5,,,,,03/08/2021,18224.3
14/06/1982,1828.9,,,,,04/08/2021,18224.3
21/06/1982,1822.6,,,,,05/08/2021,18224.3
28/06/1982,1813.3,,,,,06/08/2021,18224.3
05/07/1982,1836.5,,,,,07/08/2021,18224.3
12/07/1982,1840.6,,,,,08/08/2021,18224.3
19/07/1982,1834.4,,,,,09/08/2021,18224.3
26/07/1982,1828.1,,,,,10/08/2021,18290.7
02/08/1982,1834.5,,,,,11/08/2021,18290.7
09/08/1982,1847.1,,,,,12/08/2021,18290.7
16/08/1982,1848.2,,,,,13/08/2021,18290.7
23/08/1982,1844.2,,,,,14/08/2021,18290.7
30/08/1982,1843.9,,,,,15/08/2021,18290.7
06/09/1982,1859.5,,,,,16/08/2021,18290.7
13/09/1982,1867,,,,,17/08/2021,18361.1
20/09/1982,1860.8,,,,,18/08/2021,18361.1
27/09/1982,1848.5,,,,,19/08/2021,18361.1
04/10/1982,1869.8,,,,,20/08/2021,18361.1
11/10/1982,1877.6,,,,,21/08/2021,18361.1
18/10/1982,1878,,,,,22/08/2021,18361.1
25/10/1982,1869.8,,,,,23/08/2021,18361.1
01/11/1982,1877.5,,,,,24/08/2021,18261.4
08/11/1982,1890.6,,,,,25/08/2021,18261.4
15/11/1982,1893.7,,,,,26/08/2021,18261.4
22/11/1982,1887.5,,,,,27/08/2021,18261.4
29/11/1982,1887.8,,,,,28/08/2021,18261.4
06/12/1982,1901.5,,,,,29/08/2021,18261.4
13/12/1982,1900.9,,,,,30/08/2021,18261.4
20/12/1982,1915.9,,,,,31/08/2021,18380.8
27/12/1982,1921.4,,,,,01/09/2021,18380.8
03/01/1983,1945.4,,,,,02/09/2021,18380.8
10/01/1983,1966.3,,,,,03/09/2021,18380.8
17/01/1983,1967.8,,,,,04/09/2021,18380.8
24/01/1983,1960.8,,,,,05/09/2021,18380.8
31/01/1983,1963.5,,,,,06/09/2021,18380.8
07/02/1983,1983.4,,,,,07/09/2021,18516.5
14/02/1983,1986.3,,,,,08/09/2021,18516.5
21/02/1983,1984.3,,,,,09/09/2021,18516.5
28/02/1983,1989,,,,,10/09/2021,18516.5
07/03/1983,2008.8,,,,,11/09/2021,18516.5
14/03/1983,2010.2,,,,,12/09/2021,18516.5
21/03/1983,2009.6,,,,,13/09/2021,18516.5
28/03/1983,2006,,,,,14/09/2021,18600.9
04/04/1983,2033,,,,,15/09/2021,18600.9
11/04/1983,2041.8,,,,,16/09/2021,18600.9
18/04/1983,2037.2,,,,,17/09/2021,18600.9
25/04/1983,2022.9,,,,,18/09/2021,18600.9
02/05/1983,2022,,,,,19/09/2021,18600.9
09/05/1983,2032.3,,,,,20/09/2021,18600.9
16/05/1983,2034.8,,,,,21/09/2021,18554.1
23/05/1983,2030.6,,,,,22/09/2021,18554.1
30/05/1983,2031,,,,,23/09/2021,18554.1
06/06/1983,2055.1,,,,,24/09/2021,18554.1
13/06/1983,2059.9,,,,,25/09/2021,18554.1
20/06/1983,2052.4,,,,,26/09/2021,18554.1
27/06/1983,2040.1,,,,,27/09/2021,18554.1
04/07/1983,2064.4,,,,,28/09/2021,18493.8
11/07/1983,2078,,,,,29/09/2021,18493.8
18/07/1983,2071.1,,,,,30/09/2021,18493.8
25/07/1983,2062,,,,,01/10/2021,18493.8
01/08/1983,2065.8,,,,,02/10/2021,18493.8
08/08/1983,2077.4,,,,,03/10/2021,18493.8
15/08/1983,2077.7,,,,,04/10/2021,18493.8
22/08/1983,2070.8,,,,,05/10/2021,18636.7
29/08/1983,2063.9,,,,,06/10/2021,18636.7
05/09/1983,2080.6,,,,,07/10/2021,18636.7
12/09/1983,2088.4,,,,,08/10/2021,18636.7
19/09/1983,2082.5,,,,,09/10/2021,18636.7
26/09/1983,2070.7,,,,,10/10/2021,18636.7
03/10/1983,2087,,,,,11/10/2021,18636.7
10/10/1983,2106,,,,,12/10/2021,18649.9
17/10/1983,2107.1,,,,,13/10/2021,18649.9
24/10/1983,2098.5,,,,,14/10/2021,18649.9
31/10/1983,2097.9,,,,,15/10/2021,18649.9
07/11/1983,2117,,,,,16/10/2021,18649.9
14/11/1983,2122.4,,,,,17/10/2021,18649.9
21/11/1983,2117.3,,,,,18/10/2021,18649.9
28/11/1983,2114.5,,,,,19/10/2021,18706.9
05/12/1983,2128.8,,,,,20/10/2021,18706.9
12/12/1983,2134,,,,,21/10/2021,18706.9
19/12/1983,2132.8,,,,,22/10/2021,18706.9
26/12/1983,2128.3,,,,,23/10/2021,18706.9
02/01/1984,2147.5,,,,,24/10/2021,18706.9
09/01/1984,2164.1,,,,,25/10/2021,18706.9
16/01/1984,2153.2,,,,,26/10/2021,18645.3
23/01/1984,2137.4,,,,,27/10/2021,18645.3
30/01/1984,2122.5,,,,,28/10/2021,18645.3
06/02/1984,2147.7,,,,,29/10/2021,18645.3
13/02/1984,2149.2,,,,,30/10/2021,18645.3
20/02/1984,2148,,,,,31/10/2021,18645.3
27/02/1984,2143.7,,,,,01/11/2021,18645.3
05/03/1984,2162.4,,,,,02/11/2021,18834.1
12/03/1984,2169.1,,,,,03/11/2021,18834.1
19/03/1984,2169,,,,,04/11/2021,18834.1
26/03/1984,2164.5,,,,,05/11/2021,18834.1
02/04/1984,2183.3,,,,,06/11/2021,18834.1
09/04/1984,2204.6,,,,,07/11/2021,18834.1
16/04/1984,2204.7,,,,,08/11/2021,18834.1
23/04/1984,2193,,,,,09/11/2021,18914.7
30/04/1984,2177.4,,,,,10/11/2021,18914.7
07/05/1984,2190.1,,,,,11/11/2021,18914.7
14/05/1984,2193.9,,,,,12/11/2021,18914.7
21/05/1984,2193.1,,,,,13/11/2021,18914.7
28/05/1984,2185.2,,,,,14/11/2021,18914.7
04/06/1984,2211.2,,,,,15/11/2021,18914.7
11/06/1984,2221.1,,,,,16/11/2021,18999.1
18/06/1984,2216.7,,,,,17/11/2021,18999.1
25/06/1984,2202.7,,,,,18/11/2021,18999.1
02/07/1984,2219.2,,,,,19/11/2021,18999.1
09/07/1984,2236.7,,,,,20/11/2021,18999.1
16/07/1984,2234.5,,,,,21/11/2021,18999.1
23/07/1984,2222.9,,,,,22/11/2021,18999.1
30/07/1984,2216.3,,,,,23/11/2021,18974.5
06/08/1984,2233.4,,,,,24/11/2021,18974.5
13/08/1984,2233.3,,,,,25/11/2021,18974.5
20/08/1984,2229.7,,,,,26/11/2021,18974.5
27/08/1984,2220,,,,,27/11/2021,18974.5
03/09/1984,2232.7,,,,,28/11/2021,18974.5
10/09/1984,2251.9,,,,,29/11/2021,18974.5
17/09/1984,2247.6,,,,,30/11/2021,19055.3
24/09/1984,2232.2,,,,,01/12/2021,19055.3
01/10/1984,2243.1,,,,,02/12/2021,19055.3
08/10/1984,2261.7,,,,,03/12/2021,19055.3
15/10/1984,2266.7,,,,,04/12/2021,19055.3
22/10/1984,2256.7,,,,,05/12/2021,19055.3
29/10/1984,2252.7,,,,,06/12/2021,19055.3
05/11/1984,2276.3,,,,,07/12/2021,19162
12/11/1984,2285.4,,,,,08/12/2021,19162
19/11/1984,2290.2,,,,,09/12/2021,19162
26/11/1984,2285.6,,,,,10/12/2021,19162
03/12/1984,2295.4,,,,,11/12/2021,19162
10/12/1984,2312.6,,,,,12/12/2021,19162
17/12/1984,2315.1,,,,,13/12/2021,19162
24/12/1984,2319.1,,,,,14/12/2021,19212.5
31/12/1984,2332.2,,,,,15/12/2021,19212.5
07/01/1985,2353,,,,,16/12/2021,19212.5
14/01/1985,2348,,,,,17/12/2021,19212.5
21/01/1985,2339.5,,,,,18/12/2021,19212.5
28/01/1985,2324,,,,,19/12/2021,19212.5
04/02/1985,2338.5,,,,,20/12/2021,19212.5
11/02/1985,2344.9,,,,,21/12/2021,19266.4
18/02/1985,2344.1,,,,,22/12/2021,19266.4
25/02/1985,2339.1,,,,,23/12/2021,19266.4
04/03/1985,2354.5,,,,,24/12/2021,19266.4
11/03/1985,2362.8,,,,,25/12/2021,19266.4
18/03/1985,2359.2,,,,,26/12/2021,19266.4
25/03/1985,2353.8,,,,,27/12/2021,19266.4
01/04/1985,2368.1,,,,,28/12/2021,19297.5
08/04/1985,2389.7,,,,,29/12/2021,19297.5
15/04/1985,2389.8,,,,,30/12/2021,19297.5
22/04/1985,2380.9,,,,,31/12/2021,19297.5
29/04/1985,2359.3,,,,,01/01/2022,19297.5
06/05/1985,2371.6,,,,,02/01/2022,19297.5
13/05/1985,2375.5,,,,,03/01/2022,19297.5
20/05/1985,2378.7,,,,,04/01/2022,19365.7
27/05/1985,2372.8,,,,,05/01/2022,19365.7
03/06/1985,2393.6,,,,,06/01/2022,19365.7
10/06/1985,2416.7,,,,,07/01/2022,19365.7
17/06/1985,2416.9,,,,,08/01/2022,19365.7
24/06/1985,2407.5,,,,,09/01/2022,19365.7
01/07/1985,2421.1,,,,,10/01/2022,19365.7
08/07/1985,2443.4,,,,,11/01/2022,19429.3
15/07/1985,2440.8,,,,,12/01/2022,19429.3
22/07/1985,2431.6,,,,,13/01/2022,19429.3
29/07/1985,2422.9,,,,,14/01/2022,19429.3
05/08/1985,2443.2,,,,,15/01/2022,19429.3
12/08/1985,2446.6,,,,,16/01/2022,19429.3
19/08/1985,2444.4,,,,,17/01/2022,19429.3
26/08/1985,2434.6,,,,,18/01/2022,19401.7
02/09/1985,2441.3,,,,,19/01/2022,19401.7
09/09/1985,2463.1,,,,,20/01/2022,19401.7
16/09/1985,2458.8,,,,,21/01/2022,19401.7
23/09/1985,2441.6,,,,,22/01/2022,19401.7
30/09/1985,2448.6,,,,,23/01/2022,19401.7
07/10/1985,2472.9,,,,,24/01/2022,19401.7
14/10/1985,2470.8,,,,,25/01/2022,19284.3
21/10/1985,2468.7,,,,,26/01/2022,19284.3
28/10/1985,2455.2,,,,,27/01/2022,19284.3
04/11/1985,2474.1,,,,,28/01/2022,19284.3
11/11/1985,2481.4,,,,,29/01/2022,19284.3
18/11/1985,2483.2,,,,,30/01/2022,19284.3
25/11/1985,2477.3,,,,,31/01/2022,19284.3
02/12/1985,2491.3,,,,,01/02/2022,19389.2
09/12/1985,2503.6,,,,,02/02/2022,19389.2
16/12/1985,2501.6,,,,,03/02/2022,19389.2
23/12/1985,2502.1,,,,,04/02/2022,19389.2
30/12/1985,2505.3,,,,,05/02/2022,19389.2
06/01/1986,2536,,,,,06/02/2022,19389.2
13/01/1986,2521.5,,,,,07/02/2022,19389.2
20/01/1986,2510.2,,,,,08/02/2022,19424.9
27/01/1986,2492.2,,,,,09/02/2022,19424.9
03/02/1986,2494.4,,,,,10/02/2022,19424.9
10/02/1986,2506.8,,,,,11/02/2022,19424.9
17/02/1986,2502.1,,,,,12/02/2022,19424.9
24/02/1986,2498.4,,,,,13/02/2022,19424.9
03/03/1986,2507.9,,,,,14/02/2022,19424.9
10/03/1986,2527.1,,,,,15/02/2022,19533.1
17/03/1986,2527.9,,,,,16/02/2022,19533.1
24/03/1986,2523.2,,,,,17/02/2022,19533.1
31/03/1986,2535.2,,,,,18/02/2022,19533.1
07/04/1986,2570.7,,,,,19/02/2022,19533.1
14/04/1986,2573,,,,,20/02/2022,19533.1
21/04/1986,2569,,,,,21/02/2022,19533.1
28/04/1986,2550.4,,,,,22/02/2022,19545
05/05/1986,2564.4,,,,,23/02/2022,19545
12/05/1986,2569.8,,,,,24/02/2022,19545
19/05/1986,2572.2,,,,,25/02/2022,19545
26/05/1986,2566.6,,,,,26/02/2022,19545
02/06/1986,2584.4,,,,,27/02/2022,19545
09/06/1986,2610.1,,,,,28/02/2022,19545
16/06/1986,2612,,,,,01/03/2022,19630.9
23/06/1986,2598.8,,,,,02/03/2022,19630.9
30/06/1986,2602.4,,,,,03/03/2022,19630.9
07/07/1986,2639.8,,,,,04/03/2022,19630.9
14/07/1986,2638.8,,,,,05/03/2022,19630.9
21/07/1986,2632.3,,,,,06/03/2022,19630.9
28/07/1986,2621.1,,,,,07/03/2022,19630.9
04/08/1986,2641.5,,,,,08/03/2022,19727.2
11/08/1986,2651,,,,,09/03/2022,19727.2
18/08/1986,2648.7,,,,,10/03/2022,19727.2
25/08/1986,2636.5,,,,,11/03/2022,19727.2
01/09/1986,2644.5,,,,,12/03/2022,19727.2
08/09/1986,2670.4,,,,,13/03/2022,19727.2
15/09/1986,2667.7,,,,,14/03/2022,19727.2
22/09/1986,2656.4,,,,,15/03/2022,19862.9
29/09/1986,2651.1,,,,,16/03/2022,19862.9
06/10/1986,2686.7,,,,,17/03/2022,19862.9
13/10/1986,2688.4,,,,,18/03/2022,19862.9
20/10/1986,2688.8,,,,,19/03/2022,19862.9
27/10/1986,2674.7,,,,,20/03/2022,19862.9
03/11/1986,2690.1,,,,,21/03/2022,19862.9
10/11/1986,2705.8,,,,,22/03/2022,20040.2
17/11/1986,2707.9,,,,,23/03/2022,20040.2
24/11/1986,2697.1,,,,,24/03/2022,20040.2
01/12/1986,2716.6,,,,,25/03/2022,20040.2
08/12/1986,2730,,,,,26/03/2022,20040.2
15/12/1986,2731,,,,,27/03/2022,20040.2
22/12/1986,2738.5,,,,,28/03/2022,20040.2
29/12/1986,2751.5,,,,,29/03/2022,20115.8
05/01/1987,2794.4,,,,,30/03/2022,20115.8
12/01/1987,2770.7,,,,,31/03/2022,20115.8
19/01/1987,2750.2,,,,,01/04/2022,20115.8
26/01/1987,2728.4,,,,,02/04/2022,20115.8
02/02/1987,2727.9,,,,,03/04/2022,20115.8
09/02/1987,2742.6,,,,,04/04/2022,20115.8
16/02/1987,2736.8,,,,,05/04/2022,20322.3
23/02/1987,2730.2,,,,,06/04/2022,20322.3
02/03/1987,2733.7,,,,,07/04/2022,20322.3
09/03/1987,2754.4,,,,,08/04/2022,20322.3
16/03/1987,2751.5,,,,,09/04/2022,20322.3
23/03/1987,2741.3,,,,,10/04/2022,20322.3
30/03/1987,2742.5,,,,,11/04/2022,20322.3
06/04/1987,2781.4,,,,,12/04/2022,20314.2
13/04/1987,2787.9,,,,,13/04/2022,20314.2
20/04/1987,2793.2,,,,,14/04/2022,20314.2
27/04/1987,2764,,,,,15/04/2022,20314.2
04/05/1987,2761.7,,,,,16/04/2022,20314.2
11/05/1987,2760.2,,,,,17/04/2022,20314.2
18/05/1987,2759.3,,,,,18/04/2022,20314.2
25/05/1987,2751.9,,,,,19/04/2022,20303.8
01/06/1987,2765.5,,,,,20/04/2022,20303.8
08/06/1987,2786.5,,,,,21/04/2022,20303.8
15/06/1987,2781.7,,,,,22/04/2022,20303.8
22/06/1987,2766,,,,,23/04/2022,20303.8
29/06/1987,2755.4,,,,,24/04/2022,20303.8
06/07/1987,2800.8,,,,,25/04/2022,20303.8
13/07/1987,2792.6,,,,,26/04/2022,20150.2
20/07/1987,2784.6,,,,,27/04/2022,20150.2
27/07/1987,2770.6,,,,,28/04/2022,20150.2
03/08/1987,2781.4,,,,,29/04/2022,20150.2
10/08/1987,2796.7,,,,,30/04/2022,20150.2
17/08/1987,2792.5,,,,,01/05/2022,20150.2
24/08/1987,2780.3,,,,,02/05/2022,20150.2
31/08/1987,2778.2,,,,,03/05/2022,20275.5
07/09/1987,2801.9,,,,,04/05/2022,20275.5
14/09/1987,2807.3,,,,,05/05/2022,20275.5
21/09/1987,2790.9,,,,,06/05/2022,20275.5
28/09/1987,2774.1,,,,,07/05/2022,20275.5
05/10/1987,2811.1,,,,,08/05/2022,20275.5
12/10/1987,2809.6,,,,,09/05/2022,20275.5
19/10/1987,2812.7,,,,,10/05/2022,20357.4
26/10/1987,2809.3,,,,,11/05/2022,20357.4
02/11/1987,2810.7,,,,,12/05/2022,20357.4
09/11/1987,2826.4,,,,,13/05/2022,20357.4
16/11/1987,2825,,,,,14/05/2022,20357.4
23/11/1987,2815.7,,,,,15/05/2022,20357.4
30/11/1987,2818.6,,,,,16/05/2022,20357.4
07/12/1987,2839.3,,,,,17/05/2022,20415.3
14/12/1987,2836.9,,,,,18/05/2022,20415.3
21/12/1987,2836.8,,,,,19/05/2022,20415.3
28/12/1987,2835.4,,,,,20/05/2022,20415.3
04/01/1988,2864.7,,,,,21/05/2022,20415.3
11/01/1988,2868.9,,,,,22/05/2022,20415.3
18/01/1988,2861.9,,,,,23/05/2022,20415.3
25/01/1988,2844.3,,,,,24/05/2022,20235.1
01/02/1988,2844.6,,,,,25/05/2022,20235.1
08/02/1988,2861,,,,,26/05/2022,20235.1
15/02/1988,2859.4,,,,,27/05/2022,20235.1
22/02/1988,2858.8,,,,,28/05/2022,20235.1
29/02/1988,2854.8,,,,,29/05/2022,20235.1
07/03/1988,2883.7,,,,,30/05/2022,20235.1
14/03/1988,2887,,,,,31/05/2022,20283.9
21/03/1988,2887.9,,,,,,
28/03/1988,2882.7,,,,,,
04/04/1988,2920.7,,,,,,
11/04/1988,2937.7,,,,,,
18/04/1988,2934.2,,,,,,
25/04/1988,2915.8,,,,,,
02/05/1988,2903.6,,,,,,
09/05/1988,2912.5,,,,,,
16/05/1988,2913.1,,,,,,
23/05/1988,2907,,,,,,
30/05/1988,2906.4,,,,,,
06/06/1988,2942.9,,,,,,
13/06/1988,2941.4,,,,,,
20/06/1988,2936.1,,,,,,
27/06/1988,2920.1,,,,,,
04/07/1988,2953,,,,,,
11/07/1988,2967.3,,,,,,
18/07/1988,2955.8,,,,,,
25/07/1988,2939.9,,,,,,
01/08/1988,2944.5,,,,,,
08/08/1988,2960.6,,,,,,
15/08/1988,2956.4,,,,,,
22/08/1988,2947.5,,,,,,
29/08/1988,2934.7,,,,,,
05/09/1988,2957.6,,,,,,
12/09/1988,2964,,,,,,
19/09/1988,2952.6,,,,,,
26/09/1988,2930.4,,,,,,
03/10/1988,2951,,,,,,
10/10/1988,2969.3,,,,,,
17/10/1988,2971.2,,,,,,
24/10/1988,2951.9,,,,,,
31/10/1988,2952.9,,,,,,
07/11/1988,2983.5,,,,,,
14/11/1988,2985.3,,,,,,
21/11/1988,2982.7,,,,,,
28/11/1988,2979.8,,,,,,
05/12/1988,2998.3,,,,,,
12/12/1988,3001.1,,,,,,
19/12/1988,2998.4,,,,,,
26/12/1988,2991.7,,,,,,
02/01/1989,3016.1,,,,,,
09/01/1989,3026.3,,,,,,
16/01/1989,3009.5,,,,,,
23/01/1989,2988.9,,,,,,
30/01/1989,2966,,,,,,
06/02/1989,2988.2,,,,,,
13/02/1989,2984.6,,,,,,
20/02/1989,2981.6,,,,,,
27/02/1989,2973.7,,,,,,
06/03/1989,3003,,,,,,
13/03/1989,3000.8,,,,,,
20/03/1989,2998.3,,,,,,
27/03/1989,2991.4,,,,,,
03/04/1989,3013.9,,,,,,
10/04/1989,3036.6,,,,,,
17/04/1989,3035.9,,,,,,
24/04/1989,3017.1,,,,,,
01/05/1989,2998.8,,,,,,
08/05/1989,3000.1,,,,,,
15/05/1989,2998.9,,,,,,
22/05/1989,2991.9,,,,,,
29/05/1989,2988,,,,,,
05/06/1989,3023.5,,,,,,
12/06/1989,3029,,,,,,
19/06/1989,3024.4,,,,,,
26/06/1989,3008.3,,,,,,
03/07/1989,3039.5,,,,,,
10/07/1989,3069.7,,,,,,
17/07/1989,3059.8,,,,,,
24/07/1989,3045.9,,,,,,
31/07/1989,3044.8,,,,,,
07/08/1989,3075.6,,,,,,
14/08/1989,3075.9,,,,,,
21/08/1989,3074,,,,,,
28/08/1989,3060.9,,,,,,
04/09/1989,3081.2,,,,,,
11/09/1989,3099.9,,,,,,
18/09/1989,3090.3,,,,,,
25/09/1989,3068.1,,,,,,
02/10/1989,3089.2,,,,,,
09/10/1989,3114.4,,,,,,
16/10/1989,3117.6,,,,,,
23/10/1989,3105.3,,,,,,
30/10/1989,3098.8,,,,,,
06/11/1989,3133.3,,,,,,
13/11/1989,3137.6,,,,,,
20/11/1989,3137.3,,,,,,
27/11/1989,3134.4,,,,,,
04/12/1989,3152.4,,,,,,
11/12/1989,3161.8,,,,,,
18/12/1989,3161,,,,,,
25/12/1989,3161.4,,,,,,
01/01/1990,3181.9,,,,,,
08/01/1990,3195.7,,,,,,
15/01/1990,3182.7,,,,,,
22/01/1990,3163.6,,,,,,
29/01/1990,3141.9,,,,,,
05/02/1990,3169.4,,,,,,
12/02/1990,3172.4,,,,,,
19/02/1990,3169.7,,,,,,
26/02/1990,3165.2,,,,,,
05/03/1990,3188.9,,,,,,
12/03/1990,3194.2,,,,,,
19/03/1990,3191.8,,,,,,
26/03/1990,3184.6,,,,,,
02/04/1990,3206.1,,,,,,
09/04/1990,3235.2,,,,,,
16/04/1990,3238.4,,,,,,
23/04/1990,3213.3,,,,,,
30/04/1990,3190.5,,,,,,
07/05/1990,3195.1,,,,,,
14/05/1990,3191.1,,,,,,
21/05/1990,3184.6,,,,,,
28/05/1990,3173.8,,,,,,
04/06/1990,3207.7,,,,,,
11/06/1990,3218.1,,,,,,
18/06/1990,3216.2,,,,,,
25/06/1990,3194.2,,,,,,
02/07/1990,3217.3,,,,,,
09/07/1990,3238.3,,,,,,
16/07/1990,3233.2,,,,,,
23/07/1990,3214.1,,,,,,
30/07/1990,3208.8,,,,,,
06/08/1990,3238,,,,,,
13/08/1990,3245.7,,,,,,
20/08/1990,3242.6,,,,,,
27/08/1990,3228.1,,,,,,
03/09/1990,3245.5,,,,,,
10/09/1990,3266,,,,,,
17/09/1990,3255.2,,,,,,
24/09/1990,3230.4,,,,,,
01/10/1990,3242.6,,,,,,
08/10/1990,3267.4,,,,,,
15/10/1990,3265.2,,,,,,
22/10/1990,3247.1,,,,,,
29/10/1990,3236.5,,,,,,
05/11/1990,3262.5,,,,,,
12/11/1990,3268.2,,,,,,
19/11/1990,3268.4,,,,,,
26/11/1990,3261.3,,,,,,
03/12/1990,3264,,,,,,
10/12/1990,3284.8,,,,,,
17/12/1990,3284.8,,,,,,
24/12/1990,3283.1,,,,,,
31/12/1990,3291.6,,,,,,
07/01/1991,3309.9,,,,,,
14/01/1991,3300.5,,,,,,
21/01/1991,3287.4,,,,,,
28/01/1991,3266.9,,,,,,
04/02/1991,3287.9,,,,,,
11/02/1991,3300.8,,,,,,
18/02/1991,3296.1,,,,,,
25/02/1991,3290,,,,,,
04/03/1991,3313.9,,,,,,
11/03/1991,3327.7,,,,,,
18/03/1991,3327,,,,,,
25/03/1991,3320,,,,,,
01/04/1991,3339.8,,,,,,
08/04/1991,3367.9,,,,,,
15/04/1991,3371,,,,,,
22/04/1991,3347.4,,,,,,
29/04/1991,3313.8,,,,,,
06/05/1991,3333.3,,,,,,
13/05/1991,3335.1,,,,,,
20/05/1991,3332.1,,,,,,
27/05/1991,3318.2,,,,,,
03/06/1991,3340.7,,,,,,
10/06/1991,3364.4,,,,,,
17/06/1991,3359.4,,,,,,
24/06/1991,3330.5,,,,,,
01/07/1991,3346.1,,,,,,
08/07/1991,3374.8,,,,,,
15/07/1991,3366,,,,,,
22/07/1991,3347.1,,,,,,
29/07/1991,3332.4,,,,,,
05/08/1991,3357.9,,,,,,
12/08/1991,3359.8,,,,,,
19/08/1991,3352.5,,,,,,
26/08/1991,3339.1,,,,,,
02/09/1991,3343.9,,,,,,
09/09/1991,3370.4,,,,,,
16/09/1991,3360.9,,,,,,
23/09/1991,3332.5,,,,,,
30/09/1991,3325.4,,,,,,
07/10/1991,3363,,,,,,
14/10/1991,3363.3,,,,,,
21/10/1991,3356,,,,,,
28/10/1991,3337.8,,,,,,
04/11/1991,3361.2,,,,,,
11/11/1991,3375.1,,,,,,
18/11/1991,3375.3,,,,,,
25/11/1991,3359.5,,,,,,
02/12/1991,3377.4,,,,,,
09/12/1991,3393.6,,,,,,
16/12/1991,3395.4,,,,,,
23/12/1991,3380.5,,,,,,
30/12/1991,3376,,,,,,
06/01/1992,3398.6,,,,,,
13/01/1992,3396.6,,,,,,
20/01/1992,3383.5,,,,,,
27/01/1992,3364.7,,,,,,
03/02/1992,3375.6,,,,,,
10/02/1992,3396.2,,,,,,
17/02/1992,3393.7,,,,,,
24/02/1992,3383.3,,,,,,
02/03/1992,3390.7,,,,,,
09/03/1992,3415.9,,,,,,
16/03/1992,3413.7,,,,,,
23/03/1992,3395.9,,,,,,
30/03/1992,3393,,,,,,
06/04/1992,3434.1,,,,,,
13/04/1992,3443.2,,,,,,
20/04/1992,3430.3,,,,,,
27/04/1992,3385.9,,,,,,
04/05/1992,3392.8,,,,,,
11/05/1992,3397.9,,,,,,
18/05/1992,3391.9,,,,,,
25/05/1992,3370.3,,,,,,
01/06/1992,3383.8,,,,,,
08/06/1992,3409,,,,,,
15/06/1992,3406.1,,,,,,
22/06/1992,3376.7,,,,,,
29/06/1992,3361.7,,,,,,
06/07/1992,3407.1,,,,,,
13/07/1992,3407.3,,,,,,
20/07/1992,3392.1,,,,,,
27/07/1992,3373,,,,,,
03/08/1992,3389.7,,,,,,
10/08/1992,3408.7,,,,,,
17/08/1992,3403.7,,,,,,
24/08/1992,3384.4,,,,,,
31/08/1992,3386.3,,,,,,
07/09/1992,3416.3,,,,,,
14/09/1992,3419.6,,,,,,
21/09/1992,3396.1,,,,,,
28/09/1992,3376.3,,,,,,
05/10/1992,3413.8,,,,,,
12/10/1992,3428.2,,,,,,
19/10/1992,3423.1,,,,,,
26/10/1992,3403.5,,,,,,
02/11/1992,3421.8,,,,,,
09/11/1992,3444.5,,,,,,
16/11/1992,3444.1,,,,,,
23/11/1992,3417.5,,,,,,
30/11/1992,3426.5,,,,,,
07/12/1992,3450.6,,,,,,
14/12/1992,3448.5,,,,,,
21/12/1992,3435.4,,,,,,
28/12/1992,3430.5,,,,,,
04/01/1993,3455.2,,,,,,
11/01/1993,3456.1,,,,,,
18/01/1993,3431,,,,,,
25/01/1993,3394.8,,,,,,
01/02/1993,3385.9,,,,,,
08/02/1993,3407,,,,,,
15/02/1993,3405.7,,,,,,
22/02/1993,3395.9,,,,,,
01/03/1993,3396.7,,,,,,
08/03/1993,3422.7,,,,,,
15/03/1993,3418.1,,,,,,
22/03/1993,3403.3,,,,,,
29/03/1993,3396.3,,,,,,
05/04/1993,3438.6,,,,,,
12/04/1993,3456.1,,,,,,
19/04/1993,3438.7,,,,,,
26/04/1993,3399,,,,,,
03/05/1993,3412.1,,,,,,
10/05/1993,3434.4,,,,,,
17/05/1993,3431.5,,,,,,
24/05/1993,3408.1,,,,,,
31/05/1993,3425.4,,,,,,
07/06/1993,3462.1,,,,,,
14/06/1993,3459.7,,,,,,
21/06/1993,3432,,,,,,
28/06/1993,3408.4,,,,,,
05/07/1993,3450.7,,,,,,
12/07/1993,3462.6,,,,,,
19/07/1993,3444.4,,,,,,
26/07/1993,3418.6,,,,,,
02/08/1993,3434.2,,,,,,
09/08/1993,3458.9,,,,,,
16/08/1993,3453.2,,,,,,
23/08/1993,3429.1,,,,,,
30/08/1993,3419.7,,,,,,
06/09/1993,3458.3,,,,,,
13/09/1993,3467.2,,,,,,
20/09/1993,3443,,,,,,
27/09/1993,3412.4,,,,,,
04/10/1993,3449.1,,,,,,
11/10/1993,3466.5,,,,,,
18/10/1993,3460.9,,,,,,
25/10/1993,3430.5,,,,,,
01/11/1993,3448.6,,,,,,
08/11/1993,3479.2,,,,,,
15/11/1993,3485.9,,,,,,
22/11/1993,3466.3,,,,,,
29/11/1993,3466.1,,,,,,
06/12/1993,3498.5,,,,,,
13/12/1993,3501.9,,,,,,
20/12/1993,3492.4,,,,,,
27/12/1993,3485.9,,,,,,
03/01/1994,3502.8,,,,,,
10/01/1994,3512.7,,,,,,
17/01/1994,3496.9,,,,,,
24/01/1994,3459.2,,,,,,
31/01/1994,3437.4,,,,,,
07/02/1994,3469.1,,,,,,
14/02/1994,3467.3,,,,,,
21/02/1994,3454,,,,,,
28/02/1994,3448.3,,,,,,
07/03/1994,3485.2,,,,,,
14/03/1994,3487.7,,,,,,
21/03/1994,3476.1,,,,,,
28/03/1994,3458.9,,,,,,
04/04/1994,3507.2,,,,,,
11/04/1994,3529.6,,,,,,
18/04/1994,3516.9,,,,,,
25/04/1994,3474.9,,,,,,
02/05/1994,3469.4,,,,,,
09/05/1994,3489.7,,,,,,
16/05/1994,3483.7,,,,,,
23/05/1994,3462.4,,,,,,
30/05/1994,3459,,,,,,
06/06/1994,3497.1,,,,,,
13/06/1994,3494.4,,,,,,
20/06/1994,3473.5,,,,,,
27/06/1994,3450.5,,,,,,
04/07/1994,3489,,,,,,
11/07/1994,3512,,,,,,
18/07/1994,3496.2,,,,,,
25/07/1994,3471.5,,,,,,
01/08/1994,3479.9,,,,,,
08/08/1994,3499.4,,,,,,
15/08/1994,3493.4,,,,,,
22/08/1994,3476.8,,,,,,
29/08/1994,3458,,,,,,
05/09/1994,3489.8,,,,,,
12/09/1994,3499.4,,,,,,
19/09/1994,3479.8,,,,,,
26/09/1994,3448.5,,,,,,
03/10/1994,3466.2,,,,,,
10/10/1994,3494.3,,,,,,
17/10/1994,3492.5,,,,,,
24/10/1994,3462.9,,,,,,
31/10/1994,3461.2,,,,,,
07/11/1994,3493.7,,,,,,
14/11/1994,3498,,,,,,
21/11/1994,3491.4,,,,,,
28/11/1994,3484.9,,,,,,
05/12/1994,3510.1,,,,,,
12/12/1994,3513.5,,,,,,
19/12/1994,3505.5,,,,,,
26/12/1994,3498.4,,,,,,
02/01/1995,3508.3,,,,,,
09/01/1995,3528.1,,,,,,
16/01/1995,3513.7,,,,,,
23/01/1995,3481.7,,,,,,
30/01/1995,3455.3,,,,,,
06/02/1995,3485.2,,,,,,
13/02/1995,3480.4,,,,,,
20/02/1995,3469.9,,,,,,
27/02/1995,3463.2,,,,,,
06/03/1995,3492.8,,,,,,
13/03/1995,3499.4,,,,,,
20/03/1995,3492.8,,,,,,
27/03/1995,3479.8,,,,,,
03/04/1995,3504.1,,,,,,
10/04/1995,3543.8,,,,,,
17/04/1995,3544.1,,,,,,
24/04/1995,3508.9,,,,,,
01/05/1995,3490.5,,,,,,
08/05/1995,3510.3,,,,,,
15/05/1995,3508.8,,,,,,
22/05/1995,3503,,,,,,
29/05/1995,3500.3,,,,,,
05/06/1995,3549.4,,,,,,
12/06/1995,3560.4,,,,,,
19/06/1995,3547.7,,,,,,
26/06/1995,3521.7,,,,,,
03/07/1995,3553.5,,,,,,
10/07/1995,3587.6,,,,,,
17/07/1995,3574.1,,,,,,
24/07/1995,3555.8,,,,,,
31/07/1995,3560.1,,,,,,
07/08/1995,3596.8,,,,,,
14/08/1995,3593,,,,,,
21/08/1995,3585.5,,,,,,
28/08/1995,3568.2,,,,,,
04/09/1995,3597.3,,,,,,
11/09/1995,3617.9,,,,,,
18/09/1995,3600.8,,,,,,
25/09/1995,3569.6,,,,,,
02/10/1995,3581.6,,,,,,
09/10/1995,3618.6,,,,,,
16/10/1995,3616.9,,,,,,
23/10/1995,3591.6,,,,,,
30/10/1995,3582.9,,,,,,
06/11/1995,3623.9,,,,,,
13/11/1995,3625.5,,,,,,
20/11/1995,3623.9,,,,,,
27/11/1995,3618,,,,,,
04/12/1995,3638.8,,,,,,
11/12/1995,3655.1,,,,,,
18/12/1995,3650,,,,,,
25/12/1995,3648.7,,,,,,
01/01/1996,3661.5,,,,,,
08/01/1996,3682.6,,,,,,
15/01/1996,3680,,,,,,
22/01/1996,3640.9,,,,,,
29/01/1996,3608.3,,,,,,
05/02/1996,3642,,,,,,
12/02/1996,3647.3,,,,,,
19/02/1996,3647.5,,,,,,
26/02/1996,3642.4,,,,,,
04/03/1996,3683.3,,,,,,
11/03/1996,3694.1,,,,,,
18/03/1996,3699.2,,,,,,
25/03/1996,3679.7,,,,,,
01/04/1996,3702.9,,,,,,
08/04/1996,3748.3,,,,,,
15/04/1996,3753.2,,,,,,
22/04/1996,3716.7,,,,,,
29/04/1996,3666.2,,,,,,
06/05/1996,3698.7,,,,,,
13/05/1996,3697.8,,,,,,
20/05/1996,3688.9,,,,,,
27/05/1996,3671.5,,,,,,
03/06/1996,3711.6,,,,,,
10/06/1996,3737.6,,,,,,
17/06/1996,3734.9,,,,,,
24/06/1996,3696.4,,,,,,
01/07/1996,3715.4,,,,,,
08/07/1996,3754.2,,,,,,
15/07/1996,3742.4,,,,,,
22/07/1996,3726,,,,,,
29/07/1996,3712.4,,,,,,
05/08/1996,3751.8,,,,,,
12/08/1996,3751.8,,,,,,
19/08/1996,3744.2,,,,,,
26/08/1996,3723.5,,,,,,
02/09/1996,3734.3,,,,,,
09/09/1996,3776.3,,,,,,
16/09/1996,3760,,,,,,
23/09/1996,3720.2,,,,,,
30/09/1996,3719.3,,,,,,
07/10/1996,3765.4,,,,,,
14/10/1996,3768.1,,,,,,
21/10/1996,3761.1,,,,,,
28/10/1996,3742.8,,,,,,
04/11/1996,3780.9,,,,,,
11/11/1996,3795.7,,,,,,
18/11/1996,3800.8,,,,,,
25/11/1996,3783.6,,,,,,
02/12/1996,3816.3,,,,,,
09/12/1996,3840.3,,,,,,
16/12/1996,3839.2,,,,,,
23/12/1996,3841.7,,,,,,
30/12/1996,3836.3,,,,,,
06/01/1997,3874.1,,,,,,
13/01/1997,3861.2,,,,,,
20/01/1997,3841.2,,,,,,
27/01/1997,3804.4,,,,,,
03/02/1997,3820.8,,,,,,
10/02/1997,3842.8,,,,,,
17/02/1997,3839.8,,,,,,
24/02/1997,3823.1,,,,,,
03/03/1997,3847.2,,,,,,
10/03/1997,3879.7,,,,,,
17/03/1997,3877.9,,,,,,
24/03/1997,3858.1,,,,,,
31/03/1997,3878,,,,,,
07/04/1997,3930.6,,,,,,
14/04/1997,3934.1,,,,,,
21/04/1997,3920,,,,,,
28/04/1997,3856.7,,,,,,
05/05/1997,3870,,,,,,
12/05/1997,3871.5,,,,,,
19/05/1997,3866.3,,,,,,
26/05/1997,3858,,,,,,
02/06/1997,3884,,,,,,
09/06/1997,3918.6,,,,,,
16/06/1997,3912.5,,,,,,
23/06/1997,3878.9,,,,,,
30/06/1997,3886,,,,,,
07/07/1997,3946.3,,,,,,
14/07/1997,3928.6,,,,,,
21/07/1997,3910.1,,,,,,
28/07/1997,3893.1,,,,,,
04/08/1997,3940.2,,,,,,
11/08/1997,3954.9,,,,,,
18/08/1997,3958.2,,,,,,
25/08/1997,3939.5,,,,,,
01/09/1997,3957.2,,,,,,
08/09/1997,3988.1,,,,,,
15/09/1997,3979.6,,,,,,
22/09/1997,3944.9,,,,,,
29/09/1997,3930.4,,,,,,
06/10/1997,3986.7,,,,,,
13/10/1997,3984.5,,,,,,
20/10/1997,3984.1,,,,,,
27/10/1997,3955.4,,,,,,
03/11/1997,3991.4,,,,,,
10/11/1997,4015.2,,,,,,
17/11/1997,4018,,,,,,
24/11/1997,4003,,,,,,
01/12/1997,4032.4,,,,,,
08/12/1997,4053.3,,,,,,
15/12/1997,4051.2,,,,,,
22/12/1997,4054.1,,,,,,
29/12/1997,4055.4,,,,,,
05/01/1998,4100,,,,,,
12/01/1998,4082.5,,,,,,
19/01/1998,4064.6,,,,,,
26/01/1998,4028.7,,,,,,
02/02/1998,4041.3,,,,,,
09/02/1998,4078.1,,,,,,
16/02/1998,4081.5,,,,,,
23/02/1998,4077.1,,,,,,
02/03/1998,4101.2,,,,,,
09/03/1998,4141.9,,,,,,
16/03/1998,4142.2,,,,,,
23/03/1998,4119.2,,,,,,
30/03/1998,4118.8,,,,,,
06/04/1998,4194.6,,,,,,
13/04/1998,4208.4,,,,,,
20/04/1998,4197.5,,,,,,
27/04/1998,4127.3,,,,,,
04/05/1998,4139.5,,,,,,
11/05/1998,4146.6,,,,,,
18/05/1998,4143.6,,,,,,
25/05/1998,4125.3,,,,,,
01/06/1998,4156.3,,,,,,
08/06/1998,4193.3,,,,,,
15/06/1998,4192.9,,,,,,
22/06/1998,4159,,,,,,
29/06/1998,4145.3,,,,,,
06/07/1998,4224.6,,,,,,
13/07/1998,4202.6,,,,,,
20/07/1998,4188.4,,,,,,
27/07/1998,4165.8,,,,,,
03/08/1998,4201.4,,,,,,
10/08/1998,4232.6,,,,,,
17/08/1998,4226.4,,,,,,
24/08/1998,4206.2,,,,,,
31/08/1998,4213.2,,,,,,
07/09/1998,4274.9,,,,,,
14/09/1998,4278.5,,,,,,
21/09/1998,4252.2,,,,,,
28/09/1998,4214.6,,,,,,
05/10/1998,4279.3,,,,,,
12/10/1998,4290.1,,,,,,
19/10/1998,4299.9,,,,,,
26/10/1998,4280.3,,,,,,
02/11/1998,4306.8,,,,,,
09/11/1998,4348.7,,,,,,
16/11/1998,4355.6,,,,,,
23/11/1998,4333.5,,,,,,
30/11/1998,4348.6,,,,,,
07/12/1998,4394.8,,,,,,
14/12/1998,4397.2,,,,,,
21/12/1998,4401.5,,,,,,
28/12/1998,4397.7,,,,,,
04/01/1999,4439.6,,,,,,
11/01/1999,4432.7,,,,,,
18/01/1999,4421.3,,,,,,
25/01/1999,4374,,,,,,
01/02/1999,4384.7,,,,,,
08/02/1999,4420,,,,,,
15/02/1999,4422.9,,,,,,
22/02/1999,4414.3,,,,,,
01/03/1999,4423.5,,,,,,
08/03/1999,4464.2,,,,,,
15/03/1999,4459.6,,,,,,
22/03/1999,4448,,,,,,
29/03/1999,4443.8,,,,,,
05/04/1999,4520.1,,,,,,
12/04/1999,4524.6,,,,,,
19/04/1999,4529.4,,,,,,
26/04/1999,4466.9,,,,,,
03/05/1999,4449.3,,,,,,
10/05/1999,4471.1,,,,,,
17/05/1999,4465.3,,,,,,
24/05/1999,4445.9,,,,,,
31/05/1999,4467.6,,,,,,
07/06/1999,4514.1,,,,,,
14/06/1999,4511.6,,,,,,
21/06/1999,4491,,,,,,
28/06/1999,4463.4,,,,,,
05/07/1999,4523.4,,,,,,
12/07/1999,4537.2,,,,,,
19/07/1999,4517.7,,,,,,
26/07/1999,4498.5,,,,,,
02/08/1999,4519.8,,,,,,
09/08/1999,4555.8,,,,,,
16/08/1999,4553.5,,,,,,
23/08/1999,4527.6,,,,,,
30/08/1999,4517.1,,,,,,
06/09/1999,4572.9,,,,,,
13/09/1999,4576.2,,,,,,
20/09/1999,4558.3,,,,,,
27/09/1999,4513.5,,,,,,
04/10/1999,4566.9,,,,,,
11/10/1999,4579.7,,,,,,
18/10/1999,4584.5,,,,,,
25/10/1999,4555,,,,,,
01/11/1999,4576.8,,,,,,
08/11/1999,4609.1,,,,,,
15/11/1999,4616.7,,,,,,
22/11/1999,4603.8,,,,,,
29/11/1999,4606.4,,,,,,
06/12/1999,4649,,,,,,
13/12/1999,4655.5,,,,,,
20/12/1999,4667.7,,,,,,
27/12/1999,4668.1,,,,,,
03/01/2000,4697.4,,,,,,
10/01/2000,4699.2,,,,,,
17/01/2000,4688.2,,,,,,
24/01/2000,4652,,,,,,
31/01/2000,4634.7,,,,,,
07/02/2000,4684.6,,,,,,
14/02/2000,4675.3,,,,,,
21/02/2000,4668.5,,,,,,
28/02/2000,4666.4,,,,,,
06/03/2000,4722.6,,,,,,
13/03/2000,4731.4,,,,,,
20/03/2000,4744.2,,,,,,
27/03/2000,4727,,,,,,
03/04/2000,4783.4,,,,,,
10/04/2000,4831.1,,,,,,
17/04/2000,4842.8,,,,,,
24/04/2000,4800.6,,,,,,
01/05/2000,4738,,,,,,
08/05/2000,4738.1,,,,,,
15/05/2000,4739.6,,,,,,
22/05/2000,4723.6,,,,,,
29/05/2000,4719.9,,,,,,
05/06/2000,4777.3,,,,,,
12/06/2000,4776.7,,,,,,
19/06/2000,4762.5,,,,,,
26/06/2000,4721.5,,,,,,
03/07/2000,4764.4,,,,,,
10/07/2000,4796.6,,,,,,
17/07/2000,4776.1,,,,,,
24/07/2000,4754.9,,,,,,
31/07/2000,4758.5,,,,,,
07/08/2000,4814.3,,,,,,
14/08/2000,4806.2,,,,,,
21/08/2000,4807.7,,,,,,
28/08/2000,4792.7,,,,,,
04/09/2000,4839.2,,,,,,
11/09/2000,4861.8,,,,,,
18/09/2000,4851.8,,,,,,
25/09/2000,4802.4,,,,,,
02/10/2000,4833.2,,,,,,
09/10/2000,4866.9,,,,,,
16/10/2000,4872.8,,,,,,
23/10/2000,4842.1,,,,,,
30/10/2000,4828.9,,,,,,
06/11/2000,4881,,,,,,
13/11/2000,4880.6,,,,,,
20/11/2000,4880.6,,,,,,
27/11/2000,4883.8,,,,,,
04/12/2000,4919.6,,,,,,
11/12/2000,4932.7,,,,,,
18/12/2000,4948.2,,,,,,
25/12/2000,4956,,,,,,
01/01/2001,4984.9,,,,,,
08/01/2001,5008.8,,,,,,
15/01/2001,5004.4,,,,,,
22/01/2001,4976.5,,,,,,
29/01/2001,4930.5,,,,,,
05/02/2001,4990.9,,,,,,
12/02/2001,4998.8,,,,,,
19/02/2001,5007.7,,,,,,
26/02/2001,5011,,,,,,
05/03/2001,5080,,,,,,
12/03/2001,5092,,,,,,
19/03/2001,5096.9,,,,,,
26/03/2001,5087.5,,,,,,
02/04/2001,5140,,,,,,
09/04/2001,5196.1,,,,,,
16/04/2001,5223.5,,,,,,
23/04/2001,5173.7,,,,,,
30/04/2001,5102,,,,,,
07/05/2001,5120.7,,,,,,
14/05/2001,5115.1,,,,,,
21/05/2001,5110.3,,,,,,
28/05/2001,5090.8,,,,,,
04/06/2001,5165.5,,,,,,
11/06/2001,5171.2,,,,,,
18/06/2001,5177.7,,,,,,
25/06/2001,5123.5,,,,,,
02/07/2001,5164.6,,,,,,
09/07/2001,5207.3,,,,,,
16/07/2001,5201.9,,,,,,
23/07/2001,5171.1,,,,,,
30/07/2001,5169.1,,,,,,
06/08/2001,5232.4,,,,,,
13/08/2001,5231.3,,,,,,
20/08/2001,5227.5,,,,,,
27/08/2001,5206.1,,,,,,
03/09/2001,5249.6,,,,,,
10/09/2001,5295.6,,,,,,
17/09/2001,5457.2,,,,,,
24/09/2001,5318.5,,,,,,
01/10/2001,5301.2,,,,,,
08/10/2001,5334.9,,,,,,
15/10/2001,5336.9,,,,,,
22/10/2001,5311.7,,,,,,
29/10/2001,5296.3,,,,,,
05/11/2001,5370,,,,,,
12/11/2001,5376.5,,,,,,
19/11/2001,5388.6,,,,,,
26/11/2001,5383.1,,,,,,
03/12/2001,5419.1,,,,,,
10/12/2001,5456,,,,,,
17/12/2001,5478.3,,,,,,
24/12/2001,5456.1,,,,,,
31/12/2001,5474.6,,,,,,
07/01/2002,5499.4,,,,,,
14/01/2002,5476.7,,,,,,
21/01/2002,5444,,,,,,
28/01/2002,5401.1,,,,,,
04/02/2002,5454,,,,,,
11/02/2002,5466.9,,,,,,
18/02/2002,5474.7,,,,,,
25/02/2002,5461.2,,,,,,
04/03/2002,5511.4,,,,,,
11/03/2002,5524.7,,,,,,
18/03/2002,5526.5,,,,,,
25/03/2002,5485.8,,,,,,
01/04/2002,5534,,,,,,
08/04/2002,5561.3,,,,,,
15/04/2002,5577,,,,,,
22/04/2002,5534,,,,,,
29/04/2002,5462.6,,,,,,
06/05/2002,5502.5,,,,,,
13/05/2002,5504.4,,,,,,
20/05/2002,5504.5,,,,,,
27/05/2002,5484.4,,,,,,
03/06/2002,5519.6,,,,,,
10/06/2002,5547.4,,,,,,
17/06/2002,5561.2,,,,,,
24/06/2002,5508.7,,,,,,
01/07/2002,5539.7,,,,,,
08/07/2002,5589.5,,,,,,
15/07/2002,5586.3,,,,,,
22/07/2002,5566.2,,,,,,
29/07/2002,5565.8,,,,,,
05/08/2002,5631.4,,,,,,
12/08/2002,5628.3,,,,,,
19/08/2002,5626,,,,,,
26/08/2002,5595.6,,,,,,
02/09/2002,5627.7,,,,,,
09/09/2002,5676,,,,,,
16/09/2002,5676.2,,,,,,
23/09/2002,5614.4,,,,,,
30/09/2002,5618,,,,,,
07/10/2002,5683.3,,,,,,
14/10/2002,5695.8,,,,,,
21/10/2002,5690.6,,,,,,
28/10/2002,5667.9,,,,,,
04/11/2002,5737,,,,,,
11/11/2002,5750.7,,,,,,
18/11/2002,5772.7,,,,,,
25/11/2002,5728.6,,,,,,
02/12/2002,5786.3,,,,,,
09/12/2002,5797.7,,,,,,
16/12/2002,5817.1,,,,,,
23/12/2002,5801.1,,,,,,
30/12/2002,5796.5,,,,,,
06/01/2003,5838.3,,,,,,
13/01/2003,5815.8,,,,,,
20/01/2003,5800.3,,,,,,
27/01/2003,5748.4,,,,,,
03/02/2003,5775.9,,,,,,
10/02/2003,5819.3,,,,,,
17/02/2003,5849.7,,,,,,
24/02/2003,5800,,,,,,
03/03/2003,5845.4,,,,,,
10/03/2003,5885.1,,,,,,
17/03/2003,5902,,,,,,
24/03/2003,5856.4,,,,,,
31/03/2003,5884,,,,,,
07/04/2003,5956,,,,,,
14/04/2003,5965.2,,,,,,
21/04/2003,5948.9,,,,,,
28/04/2003,5890.3,,,,,,
05/05/2003,5952.1,,,,,,
12/05/2003,5945.5,,,,,,
19/05/2003,5936.3,,,,,,
26/05/2003,5909.6,,,,,,
02/06/2003,5957.4,,,,,,
09/06/2003,5995.5,,,,,,
16/06/2003,6022.9,,,,,,
23/06/2003,5966.4,,,,,,
30/06/2003,5983.9,,,,,,
07/07/2003,6075.6,,,,,,
14/07/2003,6046,,,,,,
21/07/2003,6019.3,,,,,,
28/07/2003,5997.9,,,,,,
04/08/2003,6094.5,,,,,,
11/08/2003,6098.1,,,,,,
18/08/2003,6133,,,,,,
25/08/2003,6040.9,,,,,,
01/09/2003,6072.4,,,,,,
08/09/2003,6113,,,,,,
15/09/2003,6104.4,,,,,,
22/09/2003,6033.5,,,,,,
29/09/2003,6001.5,,,,,,
06/10/2003,6066,,,,,,
13/10/2003,6066.8,,,,,,
20/10/2003,6060.1,,,,,,
27/10/2003,6013.1,,,,,,
03/11/2003,6048.3,,,,,,
10/11/2003,6081.2,,,,,,
17/11/2003,6100.7,,,,,,
24/11/2003,6045.1,,,,,,
01/12/2003,6086.3,,,,,,
08/12/2003,6101.9,,,,,,
15/12/2003,6107.7,,,,,,
22/12/2003,6098.3,,,,,,
29/12/2003,6085.3,,,,,,
05/01/2004,6118.4,,,,,,
12/01/2004,6082.1,,,,,,
19/01/2004,6062,,,,,,
26/01/2004,6008.7,,,,,,
02/02/2004,6037,,,,,,
09/02/2004,6074.4,,,,,,
16/02/2004,6102.7,,,,,,
23/02/2004,6081.5,,,,,,
01/03/2004,6112.5,,,,,,
08/03/2004,6155.3,,,,,,
15/03/2004,6173.9,,,,,,
22/03/2004,6169.5,,,,,,
29/03/2004,6167,,,,,,
05/04/2004,6247.4,,,,,,
12/04/2004,6265.5,,,,,,
19/04/2004,6255.3,,,,,,
26/04/2004,6191.4,,,,,,
03/05/2004,6219.2,,,,,,
10/05/2004,6251.1,,,,,,
17/05/2004,6279.6,,,,,,
24/05/2004,6222.2,,,,,,
31/05/2004,6242.2,,,,,,
07/06/2004,6295.8,,,,,,
14/06/2004,6302.8,,,,,,
21/06/2004,6265.8,,,,,,
28/06/2004,6230.3,,,,,,
05/07/2004,6302.8,,,,,,
12/07/2004,6302.9,,,,,,
19/07/2004,6276.1,,,,,,
26/07/2004,6240.6,,,,,,
02/08/2004,6277.5,,,,,,
09/08/2004,6313.5,,,,,,
16/08/2004,6326.7,,,,,,
23/08/2004,6288.4,,,,,,
30/08/2004,6268.5,,,,,,
06/09/2004,6350.3,,,,,,
13/09/2004,6360.8,,,,,,
20/09/2004,6344.2,,,,,,
27/09/2004,6293.3,,,,,,
04/10/2004,6346.9,,,,,,
11/10/2004,6359.1,,,,,,
18/10/2004,6373.7,,,,,,
25/10/2004,6326.2,,,,,,
01/11/2004,6356.4,,,,,,
08/11/2004,6402.8,,,,,,
15/11/2004,6422.9,,,,,,
22/11/2004,6396.4,,,,,,
29/11/2004,6397.6,,,,,,
06/12/2004,6438.8,,,,,,
13/12/2004,6444.4,,,,,,
20/12/2004,6458.9,,,,,,
27/12/2004,6451.7,,,,,,
03/01/2005,6443.1,,,,,,
10/01/2005,6438.5,,,,,,
17/01/2005,6437.3,,,,,,
24/01/2005,6372.3,,,,,,
31/01/2005,6344.8,,,,,,
07/02/2005,6408.5,,,,,,
14/02/2005,6403,,,,,,
21/02/2005,6404.2,,,,,,
28/02/2005,6407,,,,,,
07/03/2005,6460.4,,,,,,
14/03/2005,6467.5,,,,,,
21/03/2005,6464.7,,,,,,
28/03/2005,6463.3,,,,,,
04/04/2005,6522,,,,,,
11/04/2005,6538.1,,,,,,
18/04/2005,6552.2,,,,,,
25/04/2005,6461.8,,,,,,
02/05/2005,6442.7,,,,,,
09/05/2005,6472.8,,,,,,
16/05/2005,6476.9,,,,,,
23/05/2005,6439.8,,,,,,
30/05/2005,6438.9,,,,,,
06/06/2005,6522,,,,,,
13/06/2005,6526.1,,,,,,
20/06/2005,6525.8,,,,,,
27/06/2005,6481.4,,,,,,
04/07/2005,6541.1,,,,,,
11/07/2005,6542.9,,,,,,
18/07/2005,6534.6,,,,,,
25/07/2005,6497.1,,,,,,
01/08/2005,6528.3,,,,,,
08/08/2005,6572.3,,,,,,
15/08/2005,6571.4,,,,,,
22/08/2005,6551.1,,,,,,
29/08/2005,6520.8,,,,,,
05/09/2005,6601.5,,,,,,
12/09/2005,6609.3,,,,,,
19/09/2005,6601.8,,,,,,
26/09/2005,6544.4,,,,,,
03/10/2005,6592.3,,,,,,
10/10/2005,6620.7,,,,,,
17/10/2005,6648.5,,,,,,
24/10/2005,6594.6,,,,,,
31/10/2005,6587.6,,,,,,
07/11/2005,6655.6,,,,,,
14/11/2005,6664.6,,,,,,
21/11/2005,6662.1,,,,,,
28/11/2005,6642.3,,,,,,
05/12/2005,6691,,,,,,
12/12/2005,6696.7,,,,,,
19/12/2005,6712,,,,,,
26/12/2005,6710.1,,,,,,
02/01/2006,6731,,,,,,
09/01/2006,6749.7,,,,,,
16/01/2006,6740,,,,,,
23/01/2006,6689.9,,,,,,
30/01/2006,6639.2,,,,,,
06/02/2006,6705.7,,,,,,
13/02/2006,6709,,,,,,
20/02/2006,6733.4,,,,,,
27/02/2006,6735,,,,,,
06/03/2006,6802,,,,,,
13/03/2006,6793.4,,,,,,
20/03/2006,6802.1,,,,,,
27/03/2006,6780.8,,,,,,
03/04/2006,6840,,,,,,
10/04/2006,6881.9,,,,,,
17/04/2006,6920.7,,,,,,
24/04/2006,6837.6,,,,,,
01/05/2006,6783.7,,,,,,
08/05/2006,6797.5,,,,,,
15/05/2006,6814.6,,,,,,
22/05/2006,6793.4,,,,,,
29/05/2006,6779.9,,,,,,
05/06/2006,6856.5,,,,,,
12/06/2006,6861.9,,,,,,
19/06/2006,6866,,,,,,
26/06/2006,6822.7,,,,,,
03/07/2006,6872.6,,,,,,
10/07/2006,6907.6,,,,,,
17/07/2006,6890.9,,,,,,
24/07/2006,6843,,,,,,
31/07/2006,6832.8,,,,,,
07/08/2006,6904.1,,,,,,
14/08/2006,6898.4,,,,,,
21/08/2006,6900.9,,,,,,
28/08/2006,6868.4,,,,,,
04/09/2006,6931.5,,,,,,
11/09/2006,6941.9,,,,,,
18/09/2006,6932.8,,,,,,
25/09/2006,6874.3,,,,,,
02/10/2006,6916,,,,,,
09/10/2006,6972.6,,,,,,
16/10/2006,6991.8,,,,,,
23/10/2006,6949.1,,,,,,
30/10/2006,6932.6,,,,,,
06/11/2006,7014.2,,,,,,
13/11/2006,7019.3,,,,,,
20/11/2006,7030.9,,,,,,
27/11/2006,7032.9,,,,,,
04/12/2006,7065.8,,,,,,
11/12/2006,7074.8,,,,,,
18/12/2006,7092.8,,,,,,
25/12/2006,7111.2,,,,,,
01/01/2007,7127.8,,,,,,
08/01/2007,7145.1,,,,,,
15/01/2007,7138,,,,,,
22/01/2007,7083.9,,,,,,
29/01/2007,7029.6,,,,,,
05/02/2007,7096.4,,,,,,
12/02/2007,7098.1,,,,,,
19/02/2007,7112.7,,,,,,
26/02/2007,7114.9,,,,,,
05/03/2007,7165.7,,,,,,
12/03/2007,7187.8,,,,,,
19/03/2007,7211,,,,,,
26/03/2007,7210.3,,,,,,
02/04/2007,7268.9,,,,,,
09/04/2007,7334.5,,,,,,
16/04/2007,7345.6,,,,,,
23/04/2007,7292.5,,,,,,
30/04/2007,7207.1,,,,,,
07/05/2007,7251.4,,,,,,
14/05/2007,7251.8,,,,,,
21/05/2007,7240.9,,,,,,
28/05/2007,7218.2,,,,,,
04/06/2007,7286.8,,,,,,
11/06/2007,7295.4,,,,,,
18/06/2007,7305.5,,,,,,
25/06/2007,7243.9,,,,,,
02/07/2007,7291,,,,,,
09/07/2007,7318.7,,,,,,
16/07/2007,7303.4,,,,,,
23/07/2007,7261.3,,,,,,
30/07/2007,7251.2,,,,,,
06/08/2007,7330.8,,,,,,
13/08/2007,7333.5,,,,,,
20/08/2007,7358.1,,,,,,
27/08/2007,7357.4,,,,,,
03/09/2007,7380.6,,,,,,
10/09/2007,7393.3,,,,,,
17/09/2007,7395,,,,,,
24/09/2007,7321.5,,,,,,
01/10/2007,7346.7,,,,,,
08/10/2007,7396.7,,,,,,
15/10/2007,7395.4,,,,,,
22/10/2007,7357.7,,,,,,
29/10/2007,7359.7,,,,,,
05/11/2007,7418,,,,,,
12/11/2007,7419.4,,,,,,
19/11/2007,7448,,,,,,
26/11/2007,7444,,,,,,
03/12/2007,7468.6,,,,,,
10/12/2007,7492.7,,,,,,
17/12/2007,7505.3,,,,,,
24/12/2007,7501.9,,,,,,
31/12/2007,7514.5,,,,,,
07/01/2008,7539.3,,,,,,
14/01/2008,7505.6,,,,,,
21/01/2008,7496.6,,,,,,
28/01/2008,7471.4,,,,,,
04/02/2008,7549,,,,,,
11/02/2008,7565.9,,,,,,
18/02/2008,7581.4,,,,,,
25/02/2008,7590.6,,,,,,
03/03/2008,7650.2,,,,,,
10/03/2008,7693.5,,,,,,
17/03/2008,7734,,,,,,
24/03/2008,7724.2,,,,,,
31/03/2008,7733.1,,,,,,
07/04/2008,7812.7,,,,,,
14/04/2008,7815.8,,,,,,
21/04/2008,7804,,,,,,
28/04/2008,7671,,,,,,
05/05/2008,7699.4,,,,,,
12/05/2008,7708.6,,,,,,
19/05/2008,7712.7,,,,,,
26/05/2008,7693.9,,,,,,
02/06/2008,7728.9,,,,,,
09/06/2008,7756.1,,,,,,
16/06/2008,7761.5,,,,,,
23/06/2008,7703.2,,,,,,
30/06/2008,7697.8,,,,,,
07/07/2008,7780.8,,,,,,
14/07/2008,7761.2,,,,,,
21/07/2008,7745.7,,,,,,
28/07/2008,7705.9,,,,,,
04/08/2008,7759.4,,,,,,
11/08/2008,7760.4,,,,,,
18/08/2008,7749.5,,,,,,
25/08/2008,7709.7,,,,,,
01/09/2008,7722.8,,,,,,
08/09/2008,7754.1,,,,,,
15/09/2008,7772.3,,,,,,
22/09/2008,7873.9,,,,,,
29/09/2008,7860.8,,,,,,
06/10/2008,7891.1,,,,,,
13/10/2008,7937.6,,,,,,
20/10/2008,7970.5,,,,,,
27/10/2008,7892.9,,,,,,
03/11/2008,7939.3,,,,,,
10/11/2008,7976.4,,,,,,
17/11/2008,8014.3,,,,,,
24/11/2008,8003.8,,,,,,
01/12/2008,8090.7,,,,,,
08/12/2008,8175.5,,,,,,
15/12/2008,8225.8,,,,,,
22/12/2008,8248.6,,,,,,
29/12/2008,8264.1,,,,,,
05/01/2009,8332,,,,,,
12/01/2009,8293.7,,,,,,
19/01/2009,8281.7,,,,,,
26/01/2009,8233.6,,,,,,
02/02/2009,8251.9,,,,,,
09/02/2009,8290.7,,,,,,
16/02/2009,8312.5,,,,,,
23/02/2009,8292.4,,,,,,
02/03/2009,8357.4,,,,,,
09/03/2009,8440.5,,,,,,
16/03/2009,8489.9,,,,,,
23/03/2009,8439.2,,,,,,
30/03/2009,8409.5,,,,,,
06/04/2009,8475.1,,,,,,
13/04/2009,8495.7,,,,,,
20/04/2009,8467,,,,,,
27/04/2009,8361.1,,,,,,
04/05/2009,8412.3,,,,,,
11/05/2009,8431.3,,,,,,
18/05/2009,8440,,,,,,
25/05/2009,8405.6,,,,,,
01/06/2009,8433.7,,,,,,
08/06/2009,8492.3,,,,,,
15/06/2009,8488.2,,,,,,
22/06/2009,8416.6,,,,,,
29/06/2009,8367.9,,,,,,
06/07/2009,8454.7,,,,,,
13/07/2009,8425.4,,,,,,
20/07/2009,8399.8,,,,,,
27/07/2009,8366.4,,,,,,
03/08/2009,8397.8,,,,,,
10/08/2009,8417.2,,,,,,
17/08/2009,8419.4,,,,,,
24/08/2009,8340.9,,,,,,
31/08/2009,8351.8,,,,,,
07/09/2009,8423.3,,,,,,
14/09/2009,8437.1,,,,,,
21/09/2009,8384.8,,,,,,
28/09/2009,8344.5,,,,,,
05/10/2009,8416.3,,,,,,
12/10/2009,8431.2,,,,,,
19/10/2009,8450.1,,,,,,
26/10/2009,8392.4,,,,,,
02/11/2009,8437.8,,,,,,
09/11/2009,8497.2,,,,,,
16/11/2009,8524,,,,,,
23/11/2009,8483.4,,,,,,
30/11/2009,8506.8,,,,,,
07/12/2009,8559.7,,,,,,
14/12/2009,8558.2,,,,,,
21/12/2009,8541.7,,,,,,
28/12/2009,8527.1,,,,,,
04/01/2010,8534.2,,,,,,
11/01/2010,8494.9,,,,,,
18/01/2010,8476.3,,,,,,
25/01/2010,8411.2,,,,,,
01/02/2010,8428.8,,,,,,
08/02/2010,8481.4,,,,,,
15/02/2010,8530.4,,,,,,
22/02/2010,8508.5,,,,,,
01/03/2010,8527.7,,,,,,
08/03/2010,8581.1,,,,,,
15/03/2010,8599.2,,,,,,
22/03/2010,8564.9,,,,,,
29/03/2010,8557.8,,,,,,
05/04/2010,8657.4,,,,,,
12/04/2010,8641.3,,,,,,
19/04/2010,8621.5,,,,,,
26/04/2010,8526,,,,,,
03/05/2010,8552.7,,,,,,
10/05/2010,8580.5,,,,,,
17/05/2010,8617,,,,,,
24/05/2010,8548.4,,,,,,
31/05/2010,8589.7,,,,,,
07/06/2010,8651.4,,,,,,
14/06/2010,8628.3,,,,,,
21/06/2010,8599.9,,,,,,
28/06/2010,8556.2,,,,,,
05/07/2010,8604.4,,,,,,
12/07/2010,8598.8,,,,,,
19/07/2010,8573.8,,,,,,
26/07/2010,8534.4,,,,,,
02/08/2010,8585.3,,,,,,
09/08/2010,8626.1,,,,,,
16/08/2010,8631.6,,,,,,
23/08/2010,8579.8,,,,,,
30/08/2010,8586,,,,,,
06/09/2010,8670.1,,,,,,
13/09/2010,8682.7,,,,,,
20/09/2010,8646.1,,,,,,
27/09/2010,8603.5,,,,,,
04/10/2010,8692.9,,,,,,
11/10/2010,8715.5,,,,,,
18/10/2010,8738.6,,,,,,
25/10/2010,8667.9,,,,,,
01/11/2010,8705.5,,,,,,
08/11/2010,8768.7,,,,,,
15/11/2010,8788.1,,,,,,
22/11/2010,8764.3,,,,,,
29/11/2010,8785.2,,,,,,
06/12/2010,8829.1,,,,,,
13/12/2010,8848.4,,,,,,
20/12/2010,8857.2,,,,,,
27/12/2010,8874.8,,,,,,
03/01/2011,8888.5,,,,,,
10/01/2011,8887.3,,,,,,
17/01/2011,8910.1,,,,,,
24/01/2011,8790,,,,,,
31/01/2011,8789.4,,,,,,
07/02/2011,8868.3,,,,,,
14/02/2011,8886,,,,,,
21/02/2011,8886,,,,,,
28/02/2011,8908.2,,,,,,
07/03/2011,8996.3,,,,,,
14/03/2011,9009.4,,,,,,
21/03/2011,9005.3,,,,,,
28/03/2011,8984.6,,,,,,
04/04/2011,9070.3,,,,,,
11/04/2011,9077.5,,,,,,
18/04/2011,9094.1,,,,,,
25/04/2011,9016.5,,,,,,
02/05/2011,8997.9,,,,,,
09/05/2011,9027.8,,,,,,
16/05/2011,9050.4,,,,,,
23/05/2011,8998.5,,,,,,
30/05/2011,9017.1,,,,,,
06/06/2011,9094.4,,,,,,
13/06/2011,9095.1,,,,,,
20/06/2011,9105.3,,,,,,
27/06/2011,9117.1,,,,,,
04/07/2011,9251.5,,,,,,
11/07/2011,9246,,,,,,
18/07/2011,9244.6,,,,,,
25/07/2011,9211.2,,,,,,
01/08/2011,9387.6,,,,,,
08/08/2011,9460.5,,,,,,
15/08/2011,9480.6,,,,,,
22/08/2011,9458.9,,,,,,
29/08/2011,9437.3,,,,,,
05/09/2011,9521.1,,,,,,
12/09/2011,9523.1,,,,,,
19/09/2011,9497.9,,,,,,
26/09/2011,9448.5,,,,,,
03/10/2011,9538.8,,,,,,
10/10/2011,9559.5,,,,,,
17/10/2011,9596.6,,,,,,
24/10/2011,9498.6,,,,,,
31/10/2011,9528.6,,,,,,
07/11/2011,9636.7,,,,,,
14/11/2011,9657.6,,,,,,
21/11/2011,9620.6,,,,,,
28/11/2011,9616.6,,,,,,
05/12/2011,9686,,,,,,
12/12/2011,9717.5,,,,,,
19/12/2011,9719.5,,,,,,
26/12/2011,9714.2,,,,,,
02/01/2012,9826.7,,,,,,
09/01/2012,9823.8,,,,,,
16/01/2012,9805.5,,,,,,
23/01/2012,9710.7,,,,,,
30/01/2012,9677.5,,,,,,
06/02/2012,9764.7,,,,,,
13/02/2012,9792,,,,,,
20/02/2012,9791.6,,,,,,
27/02/2012,9777,,,,,,
05/03/2012,9887.8,,,,,,
12/03/2012,9908.9,,,,,,
19/03/2012,9904.2,,,,,,
26/03/2012,9866.8,,,,,,
02/04/2012,9959.8,,,,,,
09/04/2012,10025.3,,,,,,
16/04/2012,10026.5,,,,,,
23/04/2012,9888.5,,,,,,
30/04/2012,9837,,,,,,
07/05/2012,9906.3,,,,,,
14/05/2012,9904.2,,,,,,
21/05/2012,9877.1,,,,,,
28/05/2012,9845.2,,,,,,
04/06/2012,9939.2,,,,,,
11/06/2012,9987.3,,,,,,
18/06/2012,9986.5,,,,,,
25/06/2012,9890,,,,,,
02/07/2012,9990.2,,,,,,
09/07/2012,10042.6,,,,,,
16/07/2012,10035.9,,,,,,
23/07/2012,9958.1,,,,,,
30/07/2012,9973.9,,,,,,
06/08/2012,10068.3,,,,,,
13/08/2012,10089.3,,,,,,
20/08/2012,10062.9,,,,,,
27/08/2012,10033.3,,,,,,
03/09/2012,10131.5,,,,,,
10/09/2012,10177.9,,,,,,
17/09/2012,10198.5,,,,,,
24/09/2012,10095.5,,,,,,
01/10/2012,10196.6,,,,,,
08/10/2012,10241.3,,,,,,
15/10/2012,10273.4,,,,,,
22/10/2012,10209.7,,,,,,
29/10/2012,10220.2,,,,,,
05/11/2012,10373.4,,,,,,
12/11/2012,10341.1,,,,,,
19/11/2012,10338.9,,,,,,
26/11/2012,10311.4,,,,,,
03/12/2012,10410.9,,,,,,
10/12/2012,10462.2,,,,,,
17/12/2012,10526.9,,,,,,
24/12/2012,10549.5,,,,,,
31/12/2012,10615.7,,,,,,
07/01/2013,10630.2,,,,,,
14/01/2013,10562.3,,,,,,
21/01/2013,10475,,,,,,
28/01/2013,10398.2,,,,,,
04/02/2013,10464.8,,,,,,
11/02/2013,10486.9,,,,,,
18/02/2013,10480.5,,,,,,
25/02/2013,10448.6,,,,,,
04/03/2013,10572.1,,,,,,
11/03/2013,10599.3,,,,,,
18/03/2013,10627.2,,,,,,
25/03/2013,10581.9,,,,,,
01/04/2013,10720.4,,,,,,
08/04/2013,10719.5,,,,,,
15/04/2013,10740.2,,,,,,
22/04/2013,10629.3,,,,,,
29/04/2013,10531.7,,,,,,
06/05/2013,10593.3,,,,,,
13/05/2013,10598.1,,,,,,
20/05/2013,10570.9,,,,,,
27/05/2013,10539.1,,,,,,
03/06/2013,10634,,,,,,
10/06/2013,10667.6,,,,,,
17/06/2013,10673.5,,,,,,
24/06/2013,10560.2,,,,,,
01/07/2013,10670.7,,,,,,
08/07/2013,10706.1,,,,,,
15/07/2013,10702.3,,,,,,
22/07/2013,10660.8,,,,,,
29/07/2013,10647.7,,,,,,
05/08/2013,10749.7,,,,,,
12/08/2013,10749.4,,,,,,
19/08/2013,10727.8,,,,,,
26/08/2013,10697.4,,,,,,
02/09/2013,10775.1,,,,,,
09/09/2013,10815.8,,,,,,
16/09/2013,10821.5,,,,,,
23/09/2013,10757.9,,,,,,
30/09/2013,10827.1,,,,,,
07/10/2013,10902.6,,,,,,
14/10/2013,10955.6,,,,,,
21/10/2013,10976.2,,,,,,
28/10/2013,10896.8,,,,,,
04/11/2013,10977.7,,,,,,
11/11/2013,10960.9,,,,,,
18/11/2013,10983,,,,,,
25/11/2013,10941.3,,,,,,
02/12/2013,11029.4,,,,,,
09/12/2013,11073.3,,,,,,
16/12/2013,11098,,,,,,
23/12/2013,11116.8,,,,,,
30/12/2013,11128.3,,,,,,
06/01/2014,11179,,,,,,
13/01/2014,11131.1,,,,,,
20/01/2014,11100.9,,,,,,
27/01/2014,11033.2,,,,,,
03/02/2014,11089.1,,,,,,
10/02/2014,11138.3,,,,,,
17/02/2014,11187,,,,,,
24/02/2014,11135.6,,,,,,
03/03/2014,11207.4,,,,,,
10/03/2014,11261.1,,,,,,
17/03/2014,11299.7,,,,,,
24/03/2014,11257.6,,,,,,
31/03/2014,11304.2,,,,,,
07/04/2014,11381.4,,,,,,
14/04/2014,11405.1,,,,,,
21/04/2014,11344.5,,,,,,
28/04/2014,11220.6,,,,,,
05/05/2014,11274.3,,,,,,
12/05/2014,11275.3,,,,,,
19/05/2014,11268,,,,,,
26/05/2014,11240.7,,,,,,
02/06/2014,11335.3,,,,,,
09/06/2014,11353.6,,,,,,
16/06/2014,11370,,,,,,
23/06/2014,11279.8,,,,,,
30/06/2014,11332.9,,,,,,
07/07/2014,11415.5,,,,,,
14/07/2014,11412.4,,,,,,
21/07/2014,11382.9,,,,,,
28/07/2014,11353.4,,,,,,
04/08/2014,11450.8,,,,,,
11/08/2014,11420.8,,,,,,
18/08/2014,11431.7,,,,,,
25/08/2014,11373.5,,,,,,
01/09/2014,11432.4,,,,,,
08/09/2014,11485.7,,,,,,
15/09/2014,11506,,,,,,
22/09/2014,11427.3,,,,,,
29/09/2014,11441.2,,,,,,
06/10/2014,11547.1,,,,,,
13/10/2014,11547.5,,,,,,
20/10/2014,11560.2,,,,,,
27/10/2014,11516.3,,,,,,
03/11/2014,11565.7,,,,,,
10/11/2014,11612.1,,,,,,
17/11/2014,11633.7,,,,,,
24/11/2014,11571.1,,,,,,
01/12/2014,11659.8,,,,,,
08/12/2014,11715.7,,,,,,
15/12/2014,11755.5,,,,,,
22/12/2014,11774.6,,,,,,
29/12/2014,11789.7,,,,,,
05/01/2015,11820.4,,,,,,
12/01/2015,11797.6,,,,,,
19/01/2015,11752.4,,,,,,
26/01/2015,11677.4,,,,,,
02/02/2015,11778.6,,,,,,
09/02/2015,11811.8,,,,,,
16/02/2015,11854.8,,,,,,
23/02/2015,11840.5,,,,,,
02/03/2015,11918.4,,,,,,
09/03/2015,11946.9,,,,,,
16/03/2015,11979,,,,,,
23/03/2015,11923.4,,,,,,
30/03/2015,11960.9,,,,,,
06/04/2015,12113.2,,,,,,
13/04/2015,12091.5,,,,,,
20/04/2015,12034.3,,,,,,
27/04/2015,11852.8,,,,,,
04/05/2015,11898,,,,,,
11/05/2015,11904.9,,,,,,
18/05/2015,11919.2,,,,,,
25/05/2015,11873.4,,,,,,
01/06/2015,11932.7,,,,,,
08/06/2015,11969.8,,,,,,
15/06/2015,11985.5,,,,,,
22/06/2015,11930,,,,,,
29/06/2015,11947.4,,,,,,
06/07/2015,12080.6,,,,,,
13/07/2015,12035.2,,,,,,
20/07/2015,11998.6,,,,,,
27/07/2015,11949.6,,,,,,
03/08/2015,12034.7,,,,,,
10/08/2015,12063.6,,,,,,
17/08/2015,12096.8,,,,,,
24/08/2015,12041.3,,,,,,
31/08/2015,12076.4,,,,,,
07/09/2015,12161.1,,,,,,
14/09/2015,12187.3,,,,,,
21/09/2015,12133.7,,,,,,
28/09/2015,12074,,,,,,
05/10/2015,12171.1,,,,,,
12/10/2015,12160.6,,,,,,
19/10/2015,12167.4,,,,,,
26/10/2015,12132.9,,,,,,
02/11/2015,12249.4,,,,,,
09/11/2015,12291.9,,,,,,
16/11/2015,12323.5,,,,,,
23/11/2015,12270.8,,,,,,
30/11/2015,12304.6,,,,,,
07/12/2015,12369.4,,,,,,
14/12/2015,12406.6,,,,,,
21/12/2015,12461.7,,,,,,
28/12/2015,12453,,,,,,
04/01/2016,12486.2,,,,,,
11/01/2016,12541.3,,,,,,
18/01/2016,12497.2,,,,,,
25/01/2016,12412,,,,,,
01/02/2016,12454.7,,,,,,
08/02/2016,12467.4,,,,,,
15/02/2016,12533.9,,,,,,
22/02/2016,12520.9,,,,,,
29/02/2016,12549.1,,,,,,
07/03/2016,12647.2,,,,,,
14/03/2016,12671,,,,,,
21/03/2016,12673.3,,,,,,
28/03/2016,12723.6,,,,,,
04/04/2016,12814.2,,,,,,
11/04/2016,12828.9,,,,,,
18/04/2016,12839.9,,,,,,
25/04/2016,12683.1,,,,,,
02/05/2016,12699.2,,,,,,
09/05/2016,12719.6,,,,,,
16/05/2016,12735.6,,,,,,
23/05/2016,12689,,,,,,
30/05/2016,12676.4,,,,,,
06/06/2016,12789.9,,,,,,
13/06/2016,12829.4,,,,,,
20/06/2016,12797.6,,,,,,
27/06/2016,12727.5,,,,,,
04/07/2016,12857.6,,,,,,
11/07/2016,12856.3,,,,,,
18/07/2016,12858.5,,,,,,
25/07/2016,12793.1,,,,,,
01/08/2016,12885.4,,,,,,
08/08/2016,12959,,,,,,
15/08/2016,12963.8,,,,,,
22/08/2016,12935,,,,,,
29/08/2016,12916.5,,,,,,
05/09/2016,13026.3,,,,,,
12/09/2016,13068.9,,,,,,
19/09/2016,13025.9,,,,,,
26/09/2016,12932.8,,,,,,
03/10/2016,13043.9,,,,,,
10/10/2016,13095.5,,,,,,
17/10/2016,13115.3,,,,,,
24/10/2016,13025.1,,,,,,
31/10/2016,13076,,,,,,
07/11/2016,13158.6,,,,,,
14/11/2016,13204.1,,,,,,
21/11/2016,13215.4,,,,,,
28/11/2016,13184.9,,,,,,
05/12/2016,13259.5,,,,,,
12/12/2016,13281.1,,,,,,
19/12/2016,13301.8,,,,,,
26/12/2016,13296,,,,,,
02/01/2017,13346.1,,,,,,
09/01/2017,13369.2,,,,,,
16/01/2017,13333.9,,,,,,
23/01/2017,13234.4,,,,,,
30/01/2017,13180.5,,,,,,
06/02/2017,13277.6,,,,,,
13/02/2017,13297.7,,,,,,
20/02/2017,13300.5,,,,,,
27/02/2017,13322.6,,,,,,
06/03/2017,13448.1,,,,,,
13/03/2017,13502.1,,,,,,
20/03/2017,13501.3,,,,,,
27/03/2017,13470.1,,,,,,
03/04/2017,13581.8,,,,,,
10/04/2017,13632.5,,,,,,
17/04/2017,13673.2,,,,,,
24/04/2017,13468.6,,,,,,
01/05/2017,13449.4,,,,,,
08/05/2017,13472,,,,,,
15/05/2017,13490.5,,,,,,
22/05/2017,13467.2,,,,,,
29/05/2017,13453.2,,,,,,
05/06/2017,13554.8,,,,,,
12/06/2017,13548.3,,,,,,
19/06/2017,13527.9,,,,,,
26/06/2017,13449.4,,,,,,
03/07/2017,13562,,,,,,
10/07/2017,13617.5,,,,,,
17/07/2017,13607.2,,,,,,
24/07/2017,13522.7,,,,,,
31/07/2017,13580.1,,,,,,
07/08/2017,13669.8,,,,,,
14/08/2017,13661,,,,,,
21/08/2017,13656.5,,,,,,
28/08/2017,13625.6,,,,,,
04/09/2017,13716.4,,,,,,
11/09/2017,13745,,,,,,
18/09/2017,13721.4,,,,,,
25/09/2017,13613.7,,,,,,
02/10/2017,13738.2,,,,,,
09/10/2017,13778.1,,,,,,
16/10/2017,13789,,,,,,
23/10/2017,13704.6,,,,,,
30/10/2017,13711.2,,,,,,
06/11/2017,13822.2,,,,,,
13/11/2017,13825.5,,,,,,
20/11/2017,13821.2,,,,,,
27/11/2017,13803.6,,,,,,
04/12/2017,13878.3,,,,,,
11/12/2017,13935,,,,,,
18/12/2017,13965.8,,,,,,
25/12/2017,13934.4,,,,,,
01/01/2018,13962.7,,,,,,
08/01/2018,13969.3,,,,,,
15/01/2018,13920.3,,,,,,
22/01/2018,13823.5,,,,,,
29/01/2018,13745.1,,,,,,
05/02/2018,13839.2,,,,,,
12/02/2018,13835,,,,,,
19/02/2018,13841.9,,,,,,
26/02/2018,13841,,,,,,
05/03/2018,13993,,,,,,
12/03/2018,14015.2,,,,,,
19/03/2018,14018.9,,,,,,
26/03/2018,13994.3,,,,,,
02/04/2018,14151.3,,,,,,
09/04/2018,14148.5,,,,,,
16/04/2018,14169.7,,,,,,
23/04/2018,14008.6,,,,,,
30/04/2018,13915.7,,,,,,
07/05/2018,13975.4,,,,,,
14/05/2018,13991.8,,,,,,
21/05/2018,13976.1,,,,,,
28/05/2018,13958.9,,,,,,
04/06/2018,14080.9,,,,,,
11/06/2018,14091.2,,,,,,
18/06/2018,14108.4,,,,,,
25/06/2018,13987.3,,,,,,
02/07/2018,14112.3,,,,,,
09/07/2018,14149.7,,,,,,
16/07/2018,14140.3,,,,,,
23/07/2018,14058.1,,,,,,
30/07/2018,14069.7,,,,,,
06/08/2018,14169.2,,,,,,
13/08/2018,14177.5,,,,,,
20/08/2018,14166.7,,,,,,
27/08/2018,14130.4,,,,,,
03/09/2018,14222,,,,,,
10/09/2018,14227,,,,,,
17/09/2018,14233.1,,,,,,
24/09/2018,14113.1,,,,,,
01/10/2018,14202,,,,,,
08/10/2018,14213.3,,,,,,
15/10/2018,14243.1,,,,,,
22/10/2018,14189,,,,,,
29/10/2018,14152.2,,,,,,
05/11/2018,14243.1,,,,,,
12/11/2018,14232.9,,,,,,
19/11/2018,14271.1,,,,,,
26/11/2018,14221.3,,,,,,
03/12/2018,14349.5,,,,,,
10/12/2018,14393.2,,,,,,
17/12/2018,14414.7,,,,,,
24/12/2018,14482.4,,,,,,
31/12/2018,14529.5,,,,,,
07/01/2019,14533.9,,,,,,
14/01/2019,14485.4,,,,,,
21/01/2019,14393.7,,,,,,
28/01/2019,14324.5,,,,,,
04/02/2019,14389.3,,,,,,
11/02/2019,14393.8,,,,,,
18/02/2019,14393.7,,,,,,
25/02/2019,14373.7,,,,,,
04/03/2019,14519.1,,,,,,
11/03/2019,14561.9,,,,,,
18/03/2019,14571.7,,,,,,
25/03/2019,14532.7,,,,,,
01/04/2019,14652.3,,,,,,
08/04/2019,14700.3,,,,,,
15/04/2019,14722.7,,,,,,
22/04/2019,14590,,,,,,
29/04/2019,14475.5,,,,,,
06/05/2019,14553,,,,,,
13/05/2019,14551,,,,,,
20/05/2019,14575.9,,,,,,
27/05/2019,14565.3,,,,,,
03/06/2019,14697.1,,,,,,
10/06/2019,14738.6,,,,,,
17/06/2019,14779.2,,,,,,
24/06/2019,14659,,,,,,
01/07/2019,14778,,,,,,
08/07/2019,14854.4,,,,,,
15/07/2019,14810,,,,,,
22/07/2019,14777.7,,,,,,
29/07/2019,14789.1,,,,,,
05/08/2019,14923.6,,,,,,
12/08/2019,14906.6,,,,,,
19/08/2019,14893.2,,,,,,
26/08/2019,14831.4,,,,,,
02/09/2019,14946.3,,,,,,
09/09/2019,14997.4,,,,,,
16/09/2019,15002.7,,,,,,
23/09/2019,14933.2,,,,,,
30/09/2019,15012.9,,,,,,
07/10/2019,15113.9,,,,,,
14/10/2019,15125.5,,,,,,
21/10/2019,15116.7,,,,,,
28/10/2019,15077.4,,,,,,
04/11/2019,15219.6,,,,,,
11/11/2019,15222.3,,,,,,
18/11/2019,15281.7,,,,,,
25/11/2019,15231.3,,,,,,
02/12/2019,15326.6,,,,,,
09/12/2019,15336.8,,,,,,
16/12/2019,15427.8,,,,,,
23/12/2019,15440.9,,,,,,
30/12/2019,15452.4,,,,,,
06/01/2020,15484.9,,,,,,
13/01/2020,15452.8,,,,,,
20/01/2020,15406.7,,,,,,
27/01/2020,15294,,,,,,
03/02/2020,15358.3,,,,,,
10/02/2020,15361.7,,,,,,
17/02/2020,15392.9,,,,,,
24/02/2020,15328.1,,,,,,
02/03/2020,15492.8,,,,,,
09/03/2020,15628.6,,,,,,
16/03/2020,15823.3,,,,,,
23/03/2020,16197.3,,,,,,
30/03/2020,16619,,,,,,
06/04/2020,16777.8,,,,,,
13/04/2020,16924.6,,,,,,
20/04/2020,17184.9,,,,,,
27/04/2020,17323.3,,,,,,
04/05/2020,17540.3,,,,,,
11/05/2020,17678.2,,,,,,
18/05/2020,17810,,,,,,
25/05/2020,17784.7,,,,,,
01/06/2020,17915.4,,,,,,
08/06/2020,18026.7,,,,,,
15/06/2020,18115.3,,,,,,
22/06/2020,18106.4,,,,,,
29/06/2020,18160.5,,,,,,
06/07/2020,18343.8,,,,,,
13/07/2020,18346.7,,,,,,
20/07/2020,18245.4,,,,,,
27/07/2020,18112.2,,,,,,
03/08/2020,18224.3,,,,,,
10/08/2020,18290.7,,,,,,
17/08/2020,18361.1,,,,,,
24/08/2020,18261.4,,,,,,
31/08/2020,18380.8,,,,,,
07/09/2020,18516.5,,,,,,
14/09/2020,18600.9,,,,,,
21/09/2020,18554.1,,,,,,
28/09/2020,18493.8,,,,,,
05/10/2020,18636.7,,,,,,
12/10/2020,18649.9,,,,,,
19/10/2020,18706.9,,,,,,
26/10/2020,18645.3,,,,,,
02/11/2020,18834.1,,,,,,
09/11/2020,18914.7,,,,,,
16/11/2020,18999.1,,,,,,
23/11/2020,18974.5,,,,,,
30/11/2020,19055.3,,,,,,
07/12/2020,19162,,,,,,
14/12/2020,19212.5,,,,,,
21/12/2020,19266.4,,,,,,
28/12/2020,19297.5,,,,,,
04/01/2021,19365.7,,,,,,
11/01/2021,19429.3,,,,,,
18/01/2021,19401.7,,,,,,
25/01/2021,19284.3,,,,,,
01/02/2021,19389.2,,,,,,
08/02/2021,19424.9,,,,,,
15/02/2021,19533.1,,,,,,
22/02/2021,19545,,,,,,
01/03/2021,19630.9,,,,,,
08/03/2021,19727.2,,,,,,
15/03/2021,19862.9,,,,,,
22/03/2021,20040.2,,,,,,
29/03/2021,20115.8,,,,,,
05/04/2021,20322.3,,,,,,
12/04/2021,20314.2,,,,,,
19/04/2021,20303.8,,,,,,
26/04/2021,20150.2,,,,,,
03/05/2021,20275.5,,,,,,
10/05/2021,20357.4,,,,,,
17/05/2021,20415.3,,,,,,
24/05/2021,20235.1,,,,,,
31/05/2021,20283.9,,,,,,
07/06/2021,20428.5,,,,,,
14/06/2021,20513.8,,,,,,
21/06/2021,20416.7,,,,,,
28/06/2021,20368.7,,,,,,
05/07/2021,20547.7,,,,,,
12/07/2021,20547,,,,,,
19/07/2021,20580.1,,,,,,
26/07/2021,20534.7,,,,,,
02/08/2021,20664.2,,,,,,
09/08/2021,20726.7,,,,,,
16/08/2021,20800.5,,,,,,
23/08/2021,20776.1,,,,,,
30/08/2021,20811.6,,,,,,
06/09/2021,20955.1,,,,,,
13/09/2021,21002.8,,,,,,
20/09/2021,20960.8,,,,,,
27/09/2021,20871.9,,,,,,
04/10/2021,21042.9,,,,,,
11/10/2021,21067.9,,,,,,
18/10/2021,21145.5,,,,,,
25/10/2021,21035.2,,,,,,
01/11/2021,21178,,,,,,
08/11/2021,21250.8,,,,,,
15/11/2021,21325.6,,,,,,
22/11/2021,21352.9,,,,,,
29/11/2021,21378.8,,,,,,
06/12/2021,21522.1,,,,,,
13/12/2021,21578.7,,,,,,
20/12/2021,21703.7,,,,,,
27/12/2021,21750.1,,,,,,
03/01/2022,21724.9,,,,,,
10/01/2022,21740.8,,,,,,
17/01/2022,21726.8,,,,,,
24/01/2022,21543.9,,,,,,
31/01/2022,21541,,,,,,
07/02/2022,21587.7,,,,,,
14/02/2022,21610.1,,,,,,
21/02/2022,21618.9,,,,,,
28/02/2022,21711.1,,,,,,
07/03/2022,21863.9,,,,,,
14/03/2022,21920.8,,,,,,
21/03/2022,21929.9,,,,,,
28/03/2022,21924.1,,,,,,
04/04/2022,22073.1,,,,,,
11/04/2022,22062.6,,,,,,
18/04/2022,22139.6,,,,,,
25/04/2022,21693.8,,,,,,
02/05/2022,21701.3,,,,,,
09/05/2022,21642.8,,,,,,
16/05/2022,21684.6,,,,,,
23/05/2022,21647,,,,,,
30/05/2022,21639.8,,,,,,
06/06/2022,21745.6,,,,,,